Game Title,Game URL,Developer,Genre,Previous Likes,Current Likes,Likes Change,Previous Dislikes,Current Dislikes,Dislikes Change,Previous Total Engagement,Current Total Engagement,Total Engagement Change,Engagement Change %,Previous Total Votes,Current Total Votes,Total Votes Change,Previous Rating,Current Rating,Rating Change,Previous Period,Current Period
Level Devil,https://poki.com/en/g/level-devil,Unept,Skill Games,3500000,3600000,100000,611700,615200,3500,4111700,4215200,103500,2.52,4159681,4179626,19945,4.4,4.4,0.0,2026-W40,2026-W41
We Become What We Behold,https://poki.com/en/g/we-become-what-we-behold,"on Patreon . Rating 4.5 updated Jul 2021 About this game controls Drag to move the camera indicator. Mouse click to take a photograph. Supported devices desktop, phone and tablet developer Nicky Case",Simulation Games,2800000,2900000,100000,454600,456200,1600,3254600,3356200,101600,3.12,3296651,3307651,11000,4.5,4.5,0.0,2026-W40,2026-W41
Master Chess,https://poki.com/en/g/master-chess,Codethislab,Board Games,1600000,1700000,100000,305700,306500,800,1905700,2006500,100800,5.29,1954398,1959710,5312,4.4,4.4,0.0,2026-W40,2026-W41
Hole.io,https://poki.com/en/g/hole-io,Voodoo,Arcade Games,139400,165700,26300,24300,28700,4400,163700,194400,30700,18.75,163637,194352,30715,4.4,4.4,0.0,2026-W40,2026-W41
Aquapark.io,https://poki.com/en/g/aquaparkio,Voodoo,Racing Games,6900,30800,23900,968,4100,3132,7868,34900,27032,343.57,7868,34866,26998,4.5,4.5,0.0,2026-W40,2026-W41
Neon Challenge Legends,https://poki.com/en/g/neon-challenge-legends,Jungle Tavern,Skill Games,509000,521500,12500,103000,105300,2300,612000,626800,14800,2.42,612076,626889,14813,4.3,4.3,0.0,2026-W40,2026-W41
Talking Tom Gold Run,https://poki.com/en/g/talking-tom-gold-run,Outfit7,Skill Games,439500,449600,10100,103800,106200,2400,543300,555800,12500,2.3,543349,555794,12445,4.2,4.2,0.0,2026-W40,2026-W41
Slice Master,https://poki.com/en/g/slice-master,PlayCalm,Skill Games,643400,652300,8900,158500,160900,2400,801900,813200,11300,1.41,801905,813165,11260,4.2,4.2,0.0,2026-W40,2026-W41
Kick The Buddy,https://poki.com/en/g/kick-the-buddy,StoreRider,Shooting Games,117000,126400,9400,17700,19000,1300,134700,145400,10700,7.94,134717,145358,10641,4.5,4.5,0.0,2026-W40,2026-W41
Karate Fighter,https://poki.com/en/g/karate-fighter,Finz Games,Fighting Games,813900,821900,8000,206800,208900,2100,1020700,1030800,10100,0.99,1020681,1030844,10163,4.2,4.2,0.0,2026-W40,2026-W41
MineFun.io,https://poki.com/en/g/minefun-io,Vectaria,Action Games,979000,987500,8500,252800,254300,1500,1231800,1241800,10000,0.81,1231739,1241879,10140,4.2,4.2,0.0,2026-W40,2026-W41
Soccer REAL,https://poki.com/en/g/soccer-real,splax.net,Sports Games,169500,178100,8600,23700,24700,1000,193200,202800,9600,4.97,193175,202797,9622,4.5,4.5,0.0,2026-W40,2026-W41
Plonky,https://poki.com/en/g/plonky,Gametornado,Platform Games,635000,642700,7700,139000,140700,1700,774000,783400,9400,1.21,773989,783359,9370,4.3,4.3,0.0,2026-W40,2026-W41
Count Control Legends,https://poki.com/en/g/count-control-legends,Jungle Tavern,Skill Games,652000,659800,7800,110500,111700,1200,762500,771500,9000,1.18,762516,771458,8942,4.4,4.4,0.0,2026-W40,2026-W41
Beauty Salon,https://poki.com/en/g/beauty-salon,WeLoPlay,Beauty Games,471700,478300,6600,108200,109600,1400,579900,587900,8000,1.38,579902,587837,7935,4.3,4.3,0.0,2026-W40,2026-W41
Robo Cleaner Simulator,https://poki.com/en/g/robo-cleaner-simulator,Camu,Simulation Games,29800,36300,6500,7600,9100,1500,37400,45400,8000,21.39,37430,45421,7991,4.2,4.2,0.0,2026-W40,2026-W41
Slime Keyboard Escape,https://poki.com/en/g/slime-keyboard-escape,Blasters,Platform Games,63200,69700,6500,13500,14800,1300,76700,84500,7800,10.17,76766,84488,7722,4.3,4.3,0.0,2026-W40,2026-W41
Cryzen.io,https://poki.com/en/g/cryzen-io,Vectaria,Shooting Games,515100,521200,6100,121400,122800,1400,636500,644000,7500,1.18,636503,643958,7455,4.2,4.2,0.0,2026-W40,2026-W41
Planet Destruction,https://poki.com/en/g/planet-destruction,Boop Games,Simulation Games,353000,358600,5600,53800,55000,1200,406800,413600,6800,1.67,406789,413588,6799,4.5,4.5,0.0,2026-W40,2026-W41
Phone CASE DIY,https://poki.com/en/g/phone-case-diy,WeLoPlay,Decoration Games,149600,154600,5000,44300,46000,1700,193900,200600,6700,3.46,193863,200524,6661,4.1,4.1,0.0,2026-W40,2026-W41
Hide and Paint,https://poki.com/en/g/hide-and-paint,OnRush Studio,Simulation Games,203500,208500,5000,52100,53800,1700,255600,262300,6700,2.62,255616,262301,6685,4.2,4.2,0.0,2026-W40,2026-W41
NSR Street Car Racing,https://poki.com/en/g/nsr-street-car-racing,Yes2Games,Racing Games,16500,22300,5800,1900,2600,700,18400,24900,6500,35.33,18397,24881,6484,4.6,4.6,0.0,2026-W40,2026-W41
Rail in the Air,https://poki.com/en/g/rail-in-the-air,OPlay Games,Driving Games,205000,210300,5300,40700,41700,1000,245700,252000,6300,2.56,245669,252006,6337,4.3,4.3,0.0,2026-W40,2026-W41
Tank Stars,https://poki.com/en/g/tank-stars,StoreRider,Skill Games,355200,360900,5700,41100,41700,600,396300,402600,6300,1.59,396264,402687,6423,4.6,4.6,0.0,2026-W40,2026-W41
Magic Battleground,https://poki.com/en/g/magic-battleground,vessel,Fighting Games,232600,237500,4900,40600,41600,1000,273200,279100,5900,2.16,273271,279076,5805,4.4,4.4,0.0,2026-W40,2026-W41
Hill Climb Racing Lite,https://poki.com/en/g/hill-climb-racing-lite,Fingersoft,Driving Games,273000,277700,4700,58600,59600,1000,331600,337300,5700,1.72,331579,337296,5717,4.3,4.3,0.0,2026-W40,2026-W41
World Soccer Champions,https://poki.com/en/g/world-soccer-champions,Finz Games,Sports Games,721800,726700,4900,90000,90600,600,811800,817300,5500,0.68,811863,817222,5359,4.6,4.6,0.0,2026-W40,2026-W41
Paper.io 2,https://poki.com/en/g/paperio-2,Voodoo,Action Games,49300,53900,4600,9400,10300,900,58700,64200,5500,9.37,58698,64271,5573,4.4,4.4,0.0,2026-W40,2026-W41
Car Circle,https://poki.com/en/g/car-circle,Shoom Games,Skill Games,91300,95600,4300,27800,29000,1200,119100,124600,5500,4.62,119054,124558,5504,4.1,4.1,0.0,2026-W40,2026-W41
Backrooms Recovery,https://poki.com/en/g/backrooms-recovery,Sleepless Games,Adventure Games,52200,56900,4700,8800,9600,800,61000,66500,5500,9.02,61039,66455,5416,4.4,4.4,0.0,2026-W40,2026-W41
Speed Stars,https://poki.com/en/g/speed-stars,Luke,Sports Games,197800,202100,4300,40100,41000,900,237900,243100,5200,2.19,237869,243079,5210,4.3,4.3,0.0,2026-W40,2026-W41
Fashion Legends,https://poki.com/en/g/fashion-legends,Jungle Tavern,Beauty Games,228900,232900,4000,50800,51600,800,279700,284500,4800,1.72,279744,284507,4763,4.3,4.3,0.0,2026-W40,2026-W41
Blocky Blast Puzzle,https://poki.com/en/g/blocky-blast-puzzle,OPlay Games,Puzzle Games,630000,633800,3800,123800,124600,800,753800,758400,4600,0.61,753868,758351,4483,4.3,4.3,0.0,2026-W40,2026-W41
Off-Road Rain Cargo Simulator,https://poki.com/en/g/off-road-rain-cargo-simulator,Brain Software,Driving Games,921000,924900,3900,143800,144400,600,1064800,1069300,4500,0.42,1064829,1069318,4489,4.5,4.5,0.0,2026-W40,2026-W41
Super Dress,https://poki.com/en/g/super-dress,WeLoPlay,Beauty Games,33900,37700,3800,7200,7900,700,41100,45600,4500,10.95,41085,45582,4497,4.3,4.3,0.0,2026-W40,2026-W41
Stickman Battle,https://poki.com/en/g/stickman-battle,EasyCats,Action Games,324300,327900,3600,77600,78500,900,401900,406400,4500,1.12,401829,406431,4602,4.2,4.2,0.0,2026-W40,2026-W41
SnapStyle Dress Up,https://poki.com/en/g/snapstyle-dress-up,PlayCap,Beauty Games,855300,859300,4000,100600,101000,400,955900,960300,4400,0.46,955868,960326,4458,4.6,4.6,0.0,2026-W40,2026-W41
Fruit Ninja,https://poki.com/en/g/fruit-ninja,Storms,Skill Games,865500,869200,3700,136100,136700,600,1001600,1005900,4300,0.43,1001591,1005977,4386,4.5,4.5,0.0,2026-W40,2026-W41
Knife Merge,https://poki.com/en/g/knife-merge,WeDoYouPlay,Skill Games,4500,7900,3400,912,1600,688,5412,9500,4088,75.54,5449,9432,3983,4.3,4.3,0.0,2026-W40,2026-W41
Blumgi Slime,https://poki.com/en/g/blumgi-slime,Blumgi,Arcade Games,842500,845600,3100,193800,194600,800,1036300,1040200,3900,0.38,1036265,1040171,3906,4.3,4.3,0.0,2026-W40,2026-W41
Fear Response,https://poki.com/en/g/fear-response,No Pressure Studios,Escape Games,386200,389300,3100,106300,107100,800,492500,496400,3900,0.79,492464,496456,3992,4.1,4.1,0.0,2026-W40,2026-W41
Crazy Motorcycle Pro,https://poki.com/en/g/crazy-motorcycle-pro,AM-Games,Platform Games,3000,6200,3200,570,1200,630,3570,7400,3830,107.28,3594,7390,3796,4.4,4.4,0.0,2026-W40,2026-W41
Stunt Bike Extreme,https://poki.com/en/g/stunt-bike-extreme,Hyperkani,Racing Games,1400000,1400000,0,398300,402100,3800,1798300,1802100,3800,0.21,1776331,1792105,15774,4.1,4.1,0.0,2026-W40,2026-W41
Basketball REAL,https://poki.com/en/g/basketball-real,splax.net,Sports Games,90200,93400,3200,13200,13700,500,103400,107100,3700,3.58,103362,107028,3666,4.5,4.5,0.0,2026-W40,2026-W41
Under the Red Sky,https://poki.com/en/g/under-the-red-sky,Dedra Games × Federico,Platform Games,414100,417200,3100,71000,71600,600,485100,488800,3700,0.76,485096,488758,3662,4.4,4.4,0.0,2026-W40,2026-W41
Decor Life,https://poki.com/en/g/decor-life,SayGames,Decoration Games,183900,187100,3200,22900,23300,400,206800,210400,3600,1.74,206789,210432,3643,4.6,4.6,0.0,2026-W40,2026-W41
Nails DIY: Manicure Master,https://poki.com/en/g/nails-diy-manicure-master,WeLoPlay,Beauty Games,594700,597600,2900,117300,117800,500,712000,715400,3400,0.48,711990,715419,3429,4.3,4.3,0.0,2026-W40,2026-W41
Blast Buddies,https://poki.com/en/g/blast-buddies,Blasters,Shooting Games,85300,88100,2800,15600,16200,600,100900,104300,3400,3.37,100952,104246,3294,4.4,4.4,0.0,2026-W40,2026-W41
Lethal Sniper 3D: Army Soldier,https://poki.com/en/g/lethal-sniper-3d-army-soldier,PaperBunker,Shooting Games,498600,501600,3000,76100,76500,400,574700,578100,3400,0.59,574735,578060,3325,4.5,4.5,0.0,2026-W40,2026-W41
Pool Club,https://poki.com/en/g/pool-club,Ravalmatic,Skill Games,615600,618100,2500,155200,155800,600,770800,773900,3100,0.4,770762,773844,3082,4.2,4.2,0.0,2026-W40,2026-W41
No Fault Cup 2026,https://poki.com/en/g/no-fault-cup-2026,Invent4.com,Sports Games,3300,5800,2500,684,1200,516,3984,7000,3016,75.7,3999,7020,3021,4.3,4.3,0.0,2026-W40,2026-W41
Blacktop Police Chase,https://poki.com/en/g/blacktop-police-chase,Steelpan Interactive,Driving Games,257399,260000,2601,47000,47400,400,304399,307400,3001,0.99,304446,307439,2993,4.4,4.4,0.0,2026-W40,2026-W41
Ragdoll Chaos,https://poki.com/en/g/ragdoll-chaos,OSA Studio,Action Games,25000,27600,2600,4200,4600,400,29200,32200,3000,10.27,29152,32157,3005,4.4,4.4,0.0,2026-W40,2026-W41
Soccer 5,https://poki.com/en/g/soccer-5,Radical Play,Sports Games,64800,67200,2400,15700,16300,600,80500,83500,3000,3.73,80500,83444,2944,4.2,4.2,0.0,2026-W40,2026-W41
Soccer Skills 2 World Cup,https://poki.com/en/g/soccer-skills-2-world-cup,Radical Play,Sports Games,127400,129900,2500,26500,27000,500,153900,156900,3000,1.95,153920,156944,3024,4.3,4.3,0.0,2026-W40,2026-W41
Soccer League,https://poki.com/en/g/soccer-league,OnRush Studio,Sports Games,61400,64000,2600,10800,11200,400,72200,75200,3000,4.16,72169,75158,2989,4.4,4.4,0.0,2026-W40,2026-W41
Hills of Steel,https://poki.com/en/g/hills-of-steel,Supercharge Mobile Corp,Action Games,758000,759800,1800,343100,344200,1100,1101100,1104000,2900,0.26,1101108,1103992,2884,3.8,3.8,0.0,2026-W40,2026-W41
Drive Mad,https://poki.com/en/g/drive-mad,Fancade,Driving Games,3200000,3200000,0,662300,665200,2900,3862300,3865200,2900,0.08,3885927,3903600,17673,4.3,4.3,0.0,2026-W40,2026-W41
Sharkosaurus Rampage,https://poki.com/en/g/sharkosaurus-rampage,Gametornado,Action Games,818000,820300,2300,207500,208100,600,1025500,1028400,2900,0.28,1025524,1028431,2907,4.2,4.2,0.0,2026-W40,2026-W41
Mom's Diary Cooking Games,https://poki.com/en/g/moms-diary-cooking-games,a1games,Simulation Games,20100,22100,2000,8100,9000,900,28200,31100,2900,10.28,28200,31121,2921,3.9,3.9,0.0,2026-W40,2026-W41
PolyTrack,https://poki.com/en/g/polytrack,Kodub,Racing Games,255200,257700,2500,42800,43100,300,298000,300800,2800,0.94,297941,300799,2858,4.4,4.4,0.0,2026-W40,2026-W41
Ragdoll Hit,https://poki.com/en/g/ragdoll-hit,Ericetto,Fighting Games,530900,533400,2500,75300,75600,300,606200,609000,2800,0.46,606271,608988,2717,4.5,4.5,0.0,2026-W40,2026-W41
Penalty Shooters 2,https://poki.com/en/g/penalty-shooters-2,10x10games,Sports Games,3100000,3100000,0,545200,548000,2800,3645200,3648000,2800,0.08,3613705,3629283,15578,4.4,4.4,0.0,2026-W40,2026-W41
Tear Blocks Down,https://poki.com/en/g/tear-blocks-down,AM-Games,Shooting Games,160800,163100,2300,30000,30400,400,190800,193500,2700,1.42,190829,193426,2597,4.4,4.4,0.0,2026-W40,2026-W41
Mad Stick,https://poki.com/en/g/mad-stick,FPDA,Skill Games,3900,6000,2100,1100,1700,600,5000,7700,2700,54.0,5052,7673,2621,4.1,4.1,0.0,2026-W40,2026-W41
Cat Pizza,https://poki.com/en/g/cat-pizza,Cosmonautic Games,Simulation Games,364600,367000,2400,44400,44700,300,409000,411700,2700,0.66,409023,411767,2744,4.6,4.6,0.0,2026-W40,2026-W41
Perfect Shape,https://poki.com/en/g/perfect-shape,Sunday Monday,Skill Games,35200,37500,2300,5200,5500,300,40400,43000,2600,6.44,40414,42997,2583,4.5,4.5,0.0,2026-W40,2026-W41
Bullet Bros,https://poki.com/en/g/bullet-bros,Gametornado,Shooting Games,521500,523600,2100,100900,101400,500,622400,625000,2600,0.42,622474,624965,2491,4.3,4.3,0.0,2026-W40,2026-W41
Backroom Bill,https://poki.com/en/g/backroom-bill,Basurita Games,Adventure Games,2800,4900,2100,552,966,414,3352,5866,2514,75.0,3339,5845,2506,4.3,4.3,0.0,2026-W40,2026-W41
Punchy Guy,https://poki.com/en/g/punchy-guy,Finz Games,Fighting Games,106900,109100,2200,15100,15400,300,122000,124500,2500,2.05,122071,124503,2432,4.5,4.5,0.0,2026-W40,2026-W41
Guns Guns Guns,https://poki.com/en/g/guns-guns-guns,CHEPERGame,Shooting Games,88600,90800,2200,15500,15800,300,104100,106600,2500,2.4,104081,106582,2501,4.4,4.4,0.0,2026-W40,2026-W41
Dino Simulator,https://poki.com/en/g/dino-simulator,Story Giant Games,Simulation Games,44800,46600,1800,9600,10300,700,54400,56900,2500,4.6,54360,56830,2470,4.3,4.3,0.0,2026-W40,2026-W41
Longcat,https://poki.com/en/g/longcat,Fancade,Arcade Games,380300,382400,2100,64200,64599,399,444500,446999,2499,0.56,444506,447026,2520,4.4,4.4,0.0,2026-W40,2026-W41
Diva Hair Salon,https://poki.com/en/g/diva-hair-salon,Happylander Ltd,Beauty Games,161000,162900,1900,46000,46500,500,207000,209400,2400,1.16,206984,209355,2371,4.1,4.1,0.0,2026-W40,2026-W41
Monkey Tag IO,https://poki.com/en/g/monkey-tag-io,Petit Kyanpu,Simulation Games,87400,89400,2000,16200,16600,400,103600,106000,2400,2.32,103609,105975,2366,4.4,4.4,0.0,2026-W40,2026-W41
Steal a Brainrot,https://poki.com/en/g/steal-a-brainrot,emolingo games,Action Games,331800,333700,1900,88000,88500,500,419800,422200,2400,0.57,419833,422261,2428,4.2,4.2,0.0,2026-W40,2026-W41
Supercar Legends,https://poki.com/en/g/supercar-legends,Jungle Tavern,Skill Games,94100,96100,2000,14800,15100,300,108900,111200,2300,2.11,108833,111203,2370,4.5,4.5,0.0,2026-W40,2026-W41
Tuning Car Racing,https://poki.com/en/g/tuning-car-racing,Process Games,Racing Games,74800,76800,2000,14100,14400,300,88900,91200,2300,2.59,88922,91181,2259,4.4,4.4,0.0,2026-W40,2026-W41
Apple Worm,https://poki.com/en/g/apple-worm,Gibton,Puzzle Games,258300,260300,2000,44300,44600,300,302600,304900,2300,0.76,302562,304903,2341,4.4,4.4,0.0,2026-W40,2026-W41
Burnout Drift: Hilltop,https://poki.com/en/g/burnout-drift-hilltop,BoneCracker Games,Driving Games,694100,696200,2100,112000,112200,200,806100,808400,2300,0.29,806117,808398,2281,4.4,4.4,0.0,2026-W40,2026-W41
Real City Bikes,https://poki.com/en/g/real-city-bikes,Fuego! Games,Driving Games,100000,101900,1900,16700,17000,300,116700,118900,2200,1.89,116753,118915,2162,4.4,4.4,0.0,2026-W40,2026-W41
Ping Pong Go!,https://poki.com/en/g/ping-pong-go,Happylander Ltd,Sports Games,347400,349200,1800,77600,78000,400,425000,427200,2200,0.52,425011,427149,2138,4.3,4.3,0.0,2026-W40,2026-W41
City Rider,https://poki.com/en/g/city-rider,Faramel games,Driving Games,738400,740400,2000,109700,109900,200,848100,850300,2200,0.26,848067,850293,2226,4.5,4.5,0.0,2026-W40,2026-W41
Beach Boxing Simulator,https://poki.com/en/g/beach-boxing-simulator,Bun Muen,Sports Games,181400,183200,1800,29200,29600,400,210600,212800,2200,1.04,210671,212783,2112,4.4,4.4,0.0,2026-W40,2026-W41
Prankster 3D,https://poki.com/en/g/prankster-3d,ZnK Games,Simulation Games,495700,497600,1900,74200,74500,300,569900,572100,2200,0.39,569995,572025,2030,4.5,4.5,0.0,2026-W40,2026-W41
True Love Calculator,https://poki.com/en/g/true-love-calculator,MarketJS,Simulation Games,288500,290400,1900,47900,48200,300,336400,338600,2200,0.65,336397,338590,2193,4.4,4.4,0.0,2026-W40,2026-W41
Stickman Archero Fight,https://poki.com/en/g/stickman-archero-fight,Art Industries,Action Games,481200,483000,1800,97100,97400,300,578300,580400,2100,0.36,578246,580443,2197,4.3,4.3,0.0,2026-W40,2026-W41
GoalHeads.io,https://poki.com/en/g/goalheads-io,GamesMrkt,Skill Games,24100,25800,1700,6500,6900,400,30600,32700,2100,6.86,30548,32737,2189,4.2,4.2,0.0,2026-W40,2026-W41
"Perfect Landing, Plane Pilot",https://poki.com/en/g/perfect-landing-plane-pilot,GeniGames,Skill Games,131300,133100,1800,19600,19900,300,150900,153000,2100,1.39,150923,152988,2065,4.5,4.5,0.0,2026-W40,2026-W41
Power Badminton,https://poki.com/en/g/power-badminton,MarketJS,Sports Games,484800,486100,1300,278900,279700,800,763700,765800,2100,0.27,763750,765860,2110,3.5,3.5,0.0,2026-W40,2026-W41
Anime Dress Up,https://poki.com/en/g/anime-dress-up,WeLoPlay,Beauty Games,430500,432400,1900,50400,50600,200,480900,483000,2100,0.44,480882,482996,2114,4.6,4.6,0.0,2026-W40,2026-W41
Snake vs Worms,https://poki.com/en/g/snake-vs-worms,CrioDev,Battle Royale Games,651500,653100,1600,131200,131600,400,782700,784700,2000,0.26,782656,784751,2095,4.3,4.3,0.0,2026-W40,2026-W41
Dreadhead Parkour,https://poki.com/en/g/dreadhead-parkour,Gametornado,Platform Games,838400,840200,1800,119300,119500,200,957700,959700,2000,0.21,957677,959724,2047,4.5,4.5,0.0,2026-W40,2026-W41
Count War,https://poki.com/en/g/count-war,Nineties Games,Skill Games,108800,110500,1700,20000,20300,300,128800,130800,2000,1.55,128850,130780,1930,4.4,4.4,0.0,2026-W40,2026-W41
67 Game,https://poki.com/en/g/67-game,stupidella,Brain Games,98000,99500,1500,46400,46900,500,144400,146400,2000,1.39,144346,146321,1975,3.7,3.7,0.0,2026-W40,2026-W41
Battle Blast,https://poki.com/en/g/battle-blast,No Pressure Studios,Shooting Games,54300,56000,1700,10600,10900,300,64900,66900,2000,3.08,64940,66975,2035,4.3,4.3,0.0,2026-W40,2026-W41
SUPERHOT Prototype,https://poki.com/en/g/superhot-prototype,SUPERHOT Team,Shooting Games,701600,703300,1700,95400,95700,300,797000,799000,2000,0.25,797051,799003,1952,4.5,4.5,0.0,2026-W40,2026-W41
Anycolor,https://poki.com/en/g/anycolor,Aniway,Decoration Games,619600,621100,1500,152800,153200,400,772400,774300,1900,0.25,772349,774305,1956,4.2,4.2,0.0,2026-W40,2026-W41
Ragdoll Drop,https://poki.com/en/g/ragdoll-drop,Ericetto,Action Games,169300,171000,1700,20500,20700,200,189800,191700,1900,1.0,189845,191782,1937,4.6,4.6,0.0,2026-W40,2026-W41
School Cleaning,https://poki.com/en/g/school-cleaning,Finz Games,Simulation Games,50800,52400,1600,11700,12000,300,62500,64400,1900,3.04,62481,64396,1915,4.3,4.3,0.0,2026-W40,2026-W41
Johnny Trigger - Sniper Game,https://poki.com/en/g/johnny-trigger-sniper-game,SayGames,Shooting Games,217400,219100,1700,22800,23000,200,240200,242100,1900,0.79,240160,242098,1938,4.6,4.6,0.0,2026-W40,2026-W41
Happy Glass,https://poki.com/en/g/happy-glass,Lion Studios,Brain Games,516200,517799,1599,97800,98100,300,614000,615899,1899,0.31,613972,615817,1845,4.4,4.4,0.0,2026-W40,2026-W41
Sling Star Kick,https://poki.com/en/g/sling-star-kick,Finz Games,Sports Games,3000,4600,1600,516,758,242,3516,5358,1842,52.39,3477,5370,1893,4.4,4.4,0.0,2026-W40,2026-W41
Jumping Shell,https://poki.com/en/g/jumping-shell,Robert Alvarez,Platform Games,636800,638000,1200,235700,236300,600,872500,874300,1800,0.21,872547,874263,1716,3.9,3.9,0.0,2026-W40,2026-W41
Deadrise.io,https://poki.com/en/g/deadrise-io,Gamebole Studios,Shooting Games,73200,74700,1500,15200,15500,300,88400,90200,1800,2.04,88432,90192,1760,4.3,4.3,0.0,2026-W40,2026-W41
12 Mini Battles 2,https://poki.com/en/g/12-mini-battles-2,Shared Dreams Studio,Action Games,350800,351800,1000,244300,245100,800,595100,596900,1800,0.3,595147,596872,1725,3.4,3.4,0.0,2026-W40,2026-W41
Dress Up Duck,https://poki.com/en/g/dress-up-duck,Sakkat Studio,Beauty Games,4400,5900,1500,631,846,215,5031,6746,1715,34.09,5066,6711,1645,4.5,4.5,0.0,2026-W40,2026-W41
Papa's Freezeria,https://poki.com/en/g/papas-freezeria,Flipline Studios,Simulation Games,738300,739900,1600,66500,66600,100,804800,806500,1700,0.21,804781,806482,1701,4.7,4.7,0.0,2026-W40,2026-W41
Repuls.io,https://poki.com/en/g/repuls-io,Docski,Shooting Games,819300,820800,1500,147200,147400,200,966500,968200,1700,0.18,966451,968195,1744,4.4,4.4,0.0,2026-W40,2026-W41
Teleport Master,https://poki.com/en/g/teleport-master,Fluffy,Puzzle Games,8000,9500,1500,1400,1600,200,9400,11100,1700,18.09,9374,11117,1743,4.4,4.4,0.0,2026-W40,2026-W41
KPop Concert Dress Up,https://poki.com/en/g/kpop-concert-dress-up,9Lives Games,Beauty Games,82300,83700,1400,18200,18500,300,100500,102200,1700,1.69,100433,102128,1695,4.3,4.3,0.0,2026-W40,2026-W41
Exhibit of Sorrows,https://poki.com/en/g/exhibit-of-sorrows,mtsai,Puzzle Games,134700,136200,1500,13500,13700,200,148200,149900,1700,1.15,148210,149896,1686,4.6,4.6,0.0,2026-W40,2026-W41
Blumgi Bounce,https://poki.com/en/g/blumgi-bounce,Blumgi,Skill Games,72300,73800,1500,14000,14200,200,86300,88000,1700,1.97,86213,88055,1842,4.3,4.3,0.0,2026-W40,2026-W41
Oozy's Lab,https://poki.com/en/g/oozys-lab,Wackytoaster,Skill Games,31000,32100,1100,12400,12900,500,43400,45000,1600,3.69,43428,44985,1557,3.9,3.9,0.0,2026-W40,2026-W41
You Monster!,https://poki.com/en/g/you-monster,Shoom Games,Action Games,108300,109600,1300,28400,28700,300,136700,138300,1600,1.17,136634,138274,1640,4.2,4.2,0.0,2026-W40,2026-W41
War of Sticks,https://poki.com/en/g/war-of-sticks,"based in Ukraine. This is their first game on Poki! Can I play War of Sticks for free? War of Sticks is free to play on Poki. Can I play War of Sticks on mobile and desktop? War of Sticks is playable on both your computer and mobile devices like phones and tablets. Rating 4.6 updated May 2023 About this game controls Mouse click or tap to activate the purchase buttons. Supported devices desktop, phone and tablet developer Shoom Games",Strategy Games,857600,859000,1400,89800,90000,200,947400,949000,1600,0.17,947402,948950,1548,4.6,4.6,0.0,2026-W40,2026-W41
Big Shot Boxing,https://poki.com/en/g/big-shot-boxing,Colin Lane Games AB,Sports Games,551200,552300,1100,225400,225900,500,776600,778200,1600,0.21,776596,778261,1665,3.8,3.8,0.0,2026-W40,2026-W41
Stickman Escape,https://poki.com/en/g/stickman-escape,PEGASUS,Platform Games,573500,574700,1200,131800,132200,400,705300,706900,1600,0.23,705364,706895,1531,4.3,4.3,0.0,2026-W40,2026-W41
Family Sort,https://poki.com/en/g/family-sort,Unico Studio,Puzzle Games,8300,9500,1200,1700,2000,300,10000,11500,1500,15.0,10012,11480,1468,4.3,4.3,0.0,2026-W40,2026-W41
Little Farm World,https://poki.com/en/g/little-farm-world,Tapfire,Simulation Games,7300,8500,1200,1500,1800,300,8800,10300,1500,17.05,8809,10377,1568,4.3,4.3,0.0,2026-W40,2026-W41
Vortella's Dress Up,https://poki.com/en/g/vortellas-dress-up,Devortel,Beauty Games,1000000,1000000,0,212700,214200,1500,1212700,1214200,1500,0.12,1247155,1255435,8280,4.3,4.3,0.0,2026-W40,2026-W41
Tower Destiny Survive,https://poki.com/en/g/tds-tower-destiny-survive,SayGames,Action Games,46400,47800,1400,5400,5500,100,51800,53300,1500,2.9,51791,53371,1580,4.6,4.6,0.0,2026-W40,2026-W41
Jump Only,https://poki.com/en/g/jump-only,Kimo,Skill Games,350100,351400,1300,47400,47600,200,397500,399000,1500,0.38,397506,398960,1454,4.5,4.5,0.0,2026-W40,2026-W41
Mad Skills Motocross 2,https://poki.com/en/g/mad-skills-motocross-2,Turborilla,Racing Games,102600,103900,1300,16400,16600,200,119000,120500,1500,1.26,119008,120488,1480,4.5,4.5,0.0,2026-W40,2026-W41
Ludo King,https://poki.com/en/g/ludo-king,Gametion Global,Board Games,56600,57800,1200,13500,13800,300,70100,71600,1500,2.14,70143,71655,1512,4.2,4.2,0.0,2026-W40,2026-W41
Color Artist,https://poki.com/en/g/color-artist,The Good Guys,Decoration Games,231600,232900,1300,46800,47000,200,278400,279900,1500,0.54,278340,279888,1548,4.3,4.3,0.0,2026-W40,2026-W41
Tag,https://poki.com/en/g/tag,"behind other great games at Poki, such as wall-jumper and Stickman Bike . Games like TAG at Poki If you enjoy the fast chases and same-screen pressure in TAG, these games offer other games that are played together on one screen. Tag 2 keeps the same role-switching chase gameplay, with new maps that change how players escape and corner each other. Stickman Battle is a two-player fighting game where quick reactions and close-range action decide who wins each round. They're both built for short sessions and are designed to be played with another person sitting beside you. Rating 4.4 Trending #20 updated Apr 2023 About this game controls Player 1: W, A, D. Player 2: Up arrow, Left arrow, Right arrow. Player 3: J, I, L. Player 4: F, T, H. Supported devices desktop developer WeLoPlay",Skill Games,307300,308500,1200,58500,58700,200,365800,367200,1400,0.38,365827,367206,1379,4.4,4.4,0.0,2026-W40,2026-W41
Johnny Trigger - Action Shooter,https://poki.com/en/g/johnny-trigger-action-shooter,SayGames,Shooting Games,267400,268700,1300,28600,28700,100,296000,297400,1400,0.47,295974,297393,1419,4.6,4.6,0.0,2026-W40,2026-W41
Jane's Fashion Studio,https://poki.com/en/g/janes-fashion-studio,Orenji Spark,Beauty Games,74000,75200,1200,14500,14700,200,88500,89900,1400,1.58,88546,89873,1327,4.3,4.3,0.0,2026-W40,2026-W41
Glam Girl: Dress Up and Makeover,https://poki.com/en/g/glam-girl-dress-up-and-makeover,WeLoPlay,Beauty Games,453100,454200,1100,100800,101100,300,553900,555300,1400,0.25,553991,555292,1301,4.3,4.3,0.0,2026-W40,2026-W41
MR RACER - Car Racing,https://poki.com/en/g/mr-racer-car-racing,ChennaiGames,Racing Games,1200000,1200000,0,183000,184400,1400,1383000,1384400,1400,0.1,1379657,1390650,10993,4.5,4.5,0.0,2026-W40,2026-W41
Free Skate,https://poki.com/en/g/free-skate,Sleepless Games,Sports Games,74300,75500,1200,12900,13100,200,87200,88600,1400,1.61,87150,88594,1444,4.4,4.4,0.0,2026-W40,2026-W41
GoBattle 2,https://poki.com/en/g/gobattle2,YouDevice!,Action Games,78200,78900,700,69500,70200,700,147700,149100,1400,0.95,147719,149113,1394,3.1,3.1,0.0,2026-W40,2026-W41
Scary Teacher 3D,https://poki.com/en/g/scary-teacher-3d,ZnK Games,Simulation Games,1200000,1200000,0,197000,198400,1400,1397000,1398400,1400,0.1,1371802,1381956,10154,4.4,4.4,0.0,2026-W40,2026-W41
Going Up Rooftop,https://poki.com/en/g/going-up-rooftop,GeniGames,Adventure Games,75300,76500,1200,12700,12900,200,88000,89400,1400,1.59,87950,89417,1467,4.4,4.4,0.0,2026-W40,2026-W41
The Sniper Code,https://poki.com/en/g/the-sniper-code,Softlitude,Shooting Games,435400,436500,1100,112400,112700,300,547800,549200,1400,0.26,547761,549266,1505,4.2,4.2,0.0,2026-W40,2026-W41
Super Liquid Soccer,https://poki.com/en/g/super-liquid-soccer,Punyrobot,Sports Games,443900,444900,1000,131300,131600,300,575200,576500,1300,0.23,575287,576545,1258,4.1,4.1,0.0,2026-W40,2026-W41
Two Button Bounce,https://poki.com/en/g/two-button-bounce,Robert Alvarez,Platform Games,262200,263200,1000,68900,69200,300,331100,332400,1300,0.39,331084,332453,1369,4.2,4.2,0.0,2026-W40,2026-W41
Cyber Cars Punk Racing,https://poki.com/en/g/cyber-cars-punk-racing,AYN-Games,Racing Games,855400,856500,1100,140500,140700,200,995900,997200,1300,0.13,995939,997137,1198,4.4,4.4,0.0,2026-W40,2026-W41
Penalty Shooters X,https://poki.com/en/g/penalty-shooters-x,10x10Games,Sports Games,234900,236100,1200,36400,36500,100,271300,272600,1300,0.48,271297,272628,1331,4.5,4.5,0.0,2026-W40,2026-W41
Theft City,https://poki.com/en/g/theft-city,Boop Games,Shooting Games,5100,6200,1100,908,1100,192,6008,7300,1292,21.5,5972,7352,1380,4.4,4.4,0.0,2026-W40,2026-W41
Scary Teacher Hide & Seek Games,https://poki.com/en/g/scary-teacher-hide-seek-games,ZnK Games,Escape Games,15000,16000,1000,3400,3600,200,18400,19600,1200,6.52,18381,19531,1150,4.3,4.3,0.0,2026-W40,2026-W41
Basketball Legends 2020,https://poki.com/en/g/basketball-legends-2020,Madpuffers,Sports Games,968900,969900,1000,269200,269400,200,1238100,1239300,1200,0.1,1238120,1239299,1179,4.1,4.1,0.0,2026-W40,2026-W41
Marble Run 3D,https://poki.com/en/g/marble-run-3d,OSA Studio,Racing Games,359400,360400,1000,84000,84200,200,443400,444600,1200,0.27,443374,444668,1294,4.2,4.2,0.0,2026-W40,2026-W41
18 Wheeler Cargo Simulator 2,https://poki.com/en/g/18-wheeler-cargo-simulator-2,Brain Software,Driving Games,310400,311400,1000,73800,74000,200,384200,385400,1200,0.31,384228,385398,1170,4.2,4.2,0.0,2026-W40,2026-W41
Rumble Rush,https://poki.com/en/g/rumble-rush,PocketHaven,Platform Games,228200,229200,1000,41100,41300,200,269300,270500,1200,0.45,269317,270455,1138,4.4,4.4,0.0,2026-W40,2026-W41
Harvest Loop,https://poki.com/en/g/harvest-loop,Kreativitas,Simulation Games,9600,10600,1000,2000,2200,200,11600,12800,1200,10.34,11529,12798,1269,4.3,4.3,0.0,2026-W40,2026-W41
Pets Park,https://poki.com/en/g/pets-park,Claudiu V,Platform Games,92000,93000,1000,18000,18200,200,110000,111200,1200,1.09,110039,111152,1113,4.3,4.3,0.0,2026-W40,2026-W41
Penalty Shooters,https://poki.com/en/g/penalty-shooters,10x10games,Sports Games,447100,448200,1100,61100,61200,100,508200,509400,1200,0.24,508141,509406,1265,4.5,4.5,0.0,2026-W40,2026-W41
Nuts and Bolts: Screwing Puzzle,https://poki.com/en/g/nuts-and-bolts-screwing-puzzle,Unico Studio,Brain Games,143200,144200,1000,26900,27100,200,170100,171300,1200,0.71,170054,171304,1250,4.4,4.4,0.0,2026-W40,2026-W41
Wheel Master,https://poki.com/en/g/wheel-master,Gametornado,Skill Games,32600,33500,900,11500,11800,300,44100,45300,1200,2.72,44141,45269,1128,4.0,4.0,0.0,2026-W40,2026-W41
Dino Merge,https://poki.com/en/g/dino-merge,Ape Made,Idle Games,5300,6300,1000,766,913,147,6066,7213,1147,18.91,6061,7227,1166,4.5,4.5,0.0,2026-W40,2026-W41
Sort the Court!,https://poki.com/en/g/sort-the-court,graebor,Adventure Games,65099,66100,1001,3800,3900,100,68899,70000,1101,1.6,68913,69945,1032,4.8,4.8,0.0,2026-W40,2026-W41
Demolition Derby Crash Racing,https://poki.com/en/g/demolition-derby-crash-racing,No Pressure Studios,Action Games,973100,974100,1000,156400,156500,100,1129500,1130600,1100,0.1,1129503,1130642,1139,4.5,4.5,0.0,2026-W40,2026-W41
Free Kick Screamers,https://poki.com/en/g/free-kick-screamers,10x10Games,Sports Games,263800,264800,1000,42100,42200,100,305900,307000,1100,0.36,305887,307054,1167,4.5,4.5,0.0,2026-W40,2026-W41
Plane Wars,https://poki.com/en/g/plane-wars,INTCH,Shooting Games,81600,82400,800,16400,16700,300,98000,99100,1100,1.12,98029,99098,1069,4.3,4.3,0.0,2026-W40,2026-W41
Maze: Path of Light,https://poki.com/en/g/maze-path-of-light,InfinityGames.io,Puzzle Games,486700,487600,900,113900,114100,200,600600,601700,1100,0.18,600559,601726,1167,4.2,4.2,0.0,2026-W40,2026-W41
Stunt Car Extreme,https://poki.com/en/g/stunt-car-extreme,Hyperkani,Racing Games,293100,294000,900,65200,65400,200,358300,359400,1100,0.31,358274,359381,1107,4.3,4.3,0.0,2026-W40,2026-W41
Watermelon Drop,https://poki.com/en/g/watermelon-drop,yeqwep,Skill Games,581700,582700,1000,89800,89900,100,671500,672600,1100,0.16,671489,672633,1144,4.5,4.5,0.0,2026-W40,2026-W41
Duck Merge,https://poki.com/en/g/duck-merge,Sakkat Studio,Idle Games,37900,38900,1000,4700,4800,100,42600,43700,1100,2.58,42602,43653,1051,4.6,4.6,0.0,2026-W40,2026-W41
Trapped in the Dollhouse,https://poki.com/en/g/trapped-in-the-dollhouse,AJ Ordaz,Brain Games,21500,22300,800,8300,8600,300,29800,30900,1100,3.69,29850,30942,1092,3.9,3.9,0.0,2026-W40,2026-W41
Extreme Off Road Cars 3: Cargo,https://poki.com/en/g/extreme-off-road-cars-3-cargo,Brain Software,Driving Games,306800,307800,1000,42500,42600,100,349300,350400,1100,0.31,349320,350434,1114,4.5,4.5,0.0,2026-W40,2026-W41
Brain Test All-Star,https://poki.com/en/g/brain-test-allstar,Unico Studio,Brain Games,106000,106900,900,19900,20100,200,125900,127000,1100,0.87,125907,127031,1124,4.4,4.4,0.0,2026-W40,2026-W41
Penalty Challenge,https://poki.com/en/g/penalty-challenge,Codethislab,Sports Games,876300,877200,900,211700,211900,200,1088000,1089100,1100,0.1,1087963,1089170,1207,4.2,4.2,0.0,2026-W40,2026-W41
Sprint League,https://poki.com/en/g/sprint-league,OnRush Studio,Sports Games,439800,440700,900,102800,103000,200,542600,543700,1100,0.2,542587,543668,1081,4.2,4.2,0.0,2026-W40,2026-W41
Tiger Tank 2,https://poki.com/en/g/tiger-tank-2,Devoting,Shooting Games,38600,39600,1000,7400,7500,100,46000,47100,1100,2.39,45990,47103,1113,4.4,4.4,0.0,2026-W40,2026-W41
Super Star Car,https://poki.com/en/g/super-star-car,Barnzmu,Racing Games,1600000,1600000,0,223000,224100,1100,1823000,1824100,1100,0.06,1838731,1848744,10013,4.5,4.5,0.0,2026-W40,2026-W41
Sea Catcher,https://poki.com/en/g/sea-catcher,ANV Games,Simulation Games,42100,43000,900,9400,9600,200,51500,52600,1100,2.14,51577,52665,1088,4.3,4.3,0.0,2026-W40,2026-W41
9 Ball Pool,https://poki.com/en/g/9-ball-pool,Bekho Team,Skill Games,102900,103700,800,27900,28200,300,130800,131900,1100,0.84,130885,131846,961,4.2,4.2,0.0,2026-W40,2026-W41
Harvest Simulator,https://poki.com/en/g/harvest-simulator,Camu,Simulation Games,335900,336800,900,58300,58500,200,394200,395300,1100,0.28,394199,395266,1067,4.4,4.4,0.0,2026-W40,2026-W41
Disaster Arena,https://poki.com/en/g/disaster-arena,emolingo games,Skill Games,310900,311700,800,80400,80700,300,391300,392400,1100,0.28,391336,392369,1033,4.2,4.2,0.0,2026-W40,2026-W41
DIY Desk Designer,https://poki.com/en/g/diy-desk-designer,StoreRider,Decoration Games,20300,21200,900,3900,4100,200,24200,25300,1100,4.55,24219,25226,1007,4.4,4.4,0.0,2026-W40,2026-W41
Monster Tracks,https://poki.com/en/g/monster-tracks,Fancade,Driving Games,324500,325300,800,88500,88800,300,413000,414100,1100,0.27,413048,414094,1046,4.1,4.1,0.0,2026-W40,2026-W41
Carnado Stunt Car,https://poki.com/en/g/carnado-stunt-car,Kage Vision,Driving Games,89600,90500,900,34900,35100,200,124500,125600,1100,0.88,124508,125681,1173,3.9,3.9,0.0,2026-W40,2026-W41
Stick Fighter,https://poki.com/en/g/stick-fighter,Entrevero Games,Fighting Games,483900,484800,900,52900,53000,100,536800,537800,1000,0.19,536869,537820,951,4.6,4.6,0.0,2026-W40,2026-W41
Blaze Drifter,https://poki.com/en/g/blaze-drifter,Deer Cat Games,Racing Games,399600,400500,900,67000,67100,100,466600,467600,1000,0.21,466566,467560,994,4.4,4.4,0.0,2026-W40,2026-W41
Stickman Kingdom Clash,https://poki.com/en/g/stickman-kingdom-clash,GameGULF,Strategy Games,162300,163200,900,34800,34900,100,197100,198100,1000,0.51,197071,198126,1055,4.3,4.3,0.0,2026-W40,2026-W41
Petnest.io,https://poki.com/en/g/petnest-io,Vectaria,Simulation Games,12400,13200,800,2600,2800,200,15000,16000,1000,6.67,15037,16056,1019,4.3,4.3,0.0,2026-W40,2026-W41
Idle Mining Empire,https://poki.com/en/g/idle-mining-empire,MarketJS,Idle Games,385600,386500,900,48100,48200,100,433700,434700,1000,0.23,433703,434718,1015,4.6,4.6,0.0,2026-W40,2026-W41
A Small World Cup 2,https://poki.com/en/g/a-small-world-cup-2,Rujo Games,Sports Games,39800,40700,900,6000,6100,100,45800,46800,1000,2.18,45792,46818,1026,4.5,4.5,0.0,2026-W40,2026-W41
Escape From Spider,https://poki.com/en/g/escape-from-spider,emolingo games,Escape Games,173500,174300,800,38500,38700,200,212000,213000,1000,0.47,212048,212990,942,4.3,4.3,0.0,2026-W40,2026-W41
Party Time,https://poki.com/en/g/party-time,Peeps*,Platform Games,66400,67200,800,18100,18300,200,84500,85500,1000,1.18,84555,85477,922,4.1,4.1,0.0,2026-W40,2026-W41
Escape From School,https://poki.com/en/g/escape-from-school,emolingo games,Escape Games,422100,422900,800,113700,113900,200,535800,536800,1000,0.19,535852,536830,978,4.2,4.2,0.0,2026-W40,2026-W41
The Superhero League 2,https://poki.com/en/g/the-superhero-league-2,Lion Studios,Puzzle Games,95500,96400,900,15100,15200,100,110600,111600,1000,0.9,110570,111600,1030,4.5,4.5,0.0,2026-W40,2026-W41
Capitalist Bus Driver,https://poki.com/en/g/capitalist-bus-driver,Xscape,Simulation Games,108100,108900,800,24000,24200,200,132100,133100,1000,0.76,132132,133137,1005,4.3,4.3,0.0,2026-W40,2026-W41
The Spear Stickman,https://poki.com/en/g/the-spear-stickman,QKY Games,Shooting Games,671100,671900,800,130500,130699,199,801600,802599,999,0.12,801678,802641,963,4.3,4.3,0.0,2026-W40,2026-W41
"Little Steps, Big Troubles",https://poki.com/en/g/little-steps-big-troubles,ZnK Games,Adventure Games,3400,4200,800,614,790,176,4014,4990,976,24.31,3989,4959,970,4.4,4.4,0.0,2026-W40,2026-W41
Pro Referee Simulator,https://poki.com/en/g/pro-referee-simulator,Peynir Games,Sports Games,5900,6700,800,995,1100,105,6895,7800,905,13.13,6862,7742,880,4.4,4.4,0.0,2026-W40,2026-W41
Catch a Pet,https://poki.com/en/g/catch-a-pet,Kimchi Soup Studios,Simulation Games,8800,9600,800,1700,1800,100,10500,11400,900,8.57,10417,11474,1057,4.4,4.4,0.0,2026-W40,2026-W41
Rescue the Fish,https://poki.com/en/g/rescue-the-fish,Blabbers Games,Puzzle Games,197900,198600,700,30200,30400,200,228100,229000,900,0.39,228098,228996,898,4.5,4.5,0.0,2026-W40,2026-W41
Stickman Maze Run,https://poki.com/en/g/stickman-maze-run,Claudiu V,Platform Games,80000,80800,800,11300,11400,100,91300,92200,900,0.99,91351,92242,891,4.5,4.5,0.0,2026-W40,2026-W41
Sprunki,https://poki.com/en/g/sprunki,NyankoBfLol,Simulation Games,218000,218800,800,15100,15200,100,233100,234000,900,0.39,233054,233999,945,4.7,4.7,0.0,2026-W40,2026-W41
Stickman Fury,https://poki.com/en/g/stickman-fury,Happylander Ltd,Fighting Games,22700,23300,600,12900,13200,300,35600,36500,900,2.53,35660,36497,837,3.5,3.5,0.0,2026-W40,2026-W41
Chess Multiplayer,https://poki.com/en/g/chess-multiplayer,InfinityGames.io,Board Games,66600,67400,800,10000,10100,100,76600,77500,900,1.17,76606,77475,869,4.5,4.5,0.0,2026-W40,2026-W41
Blumgi Merge,https://poki.com/en/g/blumgi-merge,Blumgi,Idle Games,147000,147900,900,17100,17100,0,164100,165000,900,0.55,164069,165062,993,4.6,4.6,0.0,2026-W40,2026-W41
Battle Wheels,https://poki.com/en/g/battle-wheels,EasyCats,Fighting Games,529100,529800,700,123100,123300,200,652200,653100,900,0.14,652178,653095,917,4.2,4.2,0.0,2026-W40,2026-W41
Cricket World Cup,https://poki.com/en/g/cricket-world-cup,Freak X Apps,Sports Games,318000,318700,700,67400,67600,200,385400,386300,900,0.23,385383,386288,905,4.3,4.3,0.0,2026-W40,2026-W41
Fish Eat Fish,https://poki.com/en/g/fish-eat-fish,"based in Belarus. Play their other addictively cute puzzle games on Poki: Puffy Cat , puffy-cat-2 and Mahjong Cards Can I play Fish Eat Fish on mobile or desktop? Fish Eat Fish is playable both on your desktop and on your mobile phone for free on Poki. Rating 4.2 updated Oct 2026 About this game controls Player 1 uses W, A, S, D to control their fish. Player 2 uses Up arrow, Down arrow, Left arrow, Right arrow to control their fish. Player 3 uses U, H, J, K or the Mouse to control their fish. Supported devices desktop, phone and tablet developer Indiesoft",Skill Games,625600,626300,700,157900,158100,200,783500,784400,900,0.11,783500,784434,934,4.2,4.2,0.0,2026-W40,2026-W41
Unicycle Hero,https://poki.com/en/g/unicycle-hero,"based in the USA. Play their other games on Poki : Unicycle Legend , Into the Pit and Lava Bird How can I play Unicycle Hero for free? You can play Unicycle Hero for free on Poki . Can I play Unicycle Hero on mobile devices and desktop? Unicycle Hero can be played on your computer and mobile devices like phones and tablets. Rating 4.0 updated Nov 2023 About this game controls Spacebar to throw. Up arrow, Down arrow, Left arrow, Right arrow to move. Supported devices desktop, phone and tablet developer Unept",Skill Games,309000,309700,700,105200,105400,200,414200,415100,900,0.22,414173,415009,836,4.0,4.0,0.0,2026-W40,2026-W41
Basketball Stars,https://poki.com/en/g/basketball-stars,Madpuffers,Sports Games,2000000,2000000,0,522900,523799,899,2522900,2523799,899,0.04,2556821,2560558,3737,4.2,4.2,0.0,2026-W40,2026-W41
Beauty Superstar,https://poki.com/en/g/beauty-superstar,Go Panda Games Studio,Simulation Games,3600,4300,700,804,955,151,4404,5255,851,19.32,4446,5276,830,4.3,4.3,0.0,2026-W40,2026-W41
Crowd Rush,https://poki.com/en/g/crowd-rush,Refold,Idle Games,4300,5000,700,880,1000,120,5180,6000,820,15.83,5142,6005,863,4.3,4.3,0.0,2026-W40,2026-W41
Brain Test 2: Tricky Stories,https://poki.com/en/g/brain-test-2-tricky-stories,Unico Studio,Brain Games,548000,548600,600,130699,130900,201,678699,679500,801,0.12,678723,679517,794,4.2,4.2,0.0,2026-W40,2026-W41
Flip Bros,https://poki.com/en/g/flip-bros,Gametornado,Skill Games,282900,283600,700,41400,41500,100,324300,325100,800,0.25,324262,325091,829,4.5,4.5,0.0,2026-W40,2026-W41
Super MX - Last Season,https://poki.com/en/g/super-mx-last-season,Barnzmu,Racing Games,186800,187500,700,28300,28400,100,215100,215900,800,0.37,215038,215908,870,4.5,4.5,0.0,2026-W40,2026-W41
Friday Night Funkin',https://poki.com/en/g/friday-night-funkin,"community that create fan-made mods to enrich the game experience. It's created by: ninjamuffin99 - Programmer PhantomArcade3K and Evilsk8r - Art Kawai Sprite - Musician This is their first game on Poki! You can support the developers here and check their Kickstarter campaign for more information. Soundtrack: Friday Night Funkin's soundtrack was composed by KawaiSprite (Isaac Garcia). The original music with a range of influences from nu-jazz to Vocaloid dance beats. Feel free to check out Kawai Sprite's Bandcamp page where you can listen to the entire soundtrack. Rating 4.4 updated Nov 2021 About this game controls Press W, A, S, D or Up arrow, Down arrow, Left arrow, Right arrow in time with the music. Use + and - to change volume and 0 to mute. Enter to select. Escape to go back. Supported devices desktop developer ninjamuffin99",Skill Games,3200000,3200000,0,574500,575300,800,3774500,3775300,800,0.02,3793788,3798912,5124,4.4,4.4,0.0,2026-W40,2026-W41
Domino,https://poki.com/en/g/domino,Kzunec Games,Board Games,57800,58500,700,10100,10200,100,67900,68700,800,1.18,67896,68795,899,4.4,4.4,0.0,2026-W40,2026-W41
Getaway Shootout,https://poki.com/en/g/getaway-shootout,Neweichgames,Action Games,932500,933200,700,188900,189000,100,1121400,1122200,800,0.07,1121432,1122218,786,4.3,4.3,0.0,2026-W40,2026-W41
Apple Knight: Mini Dungeons,https://poki.com/en/g/apple-knight-mini-dungeons,Limitless,Adventure Games,255400,256000,600,49700,49900,200,305100,305900,800,0.26,305154,305806,652,4.3,4.3,0.0,2026-W40,2026-W41
Basketball Superstars,https://poki.com/en/g/basketball-superstars,Virtual Projects,Sports Games,109600,110300,700,13700,13800,100,123300,124100,800,0.65,123317,124091,774,4.5,4.6,0.1,2026-W40,2026-W41
Rainbow Obby,https://poki.com/en/g/rainbow-obby,emolingo games,Platform Games,1200000,1200000,0,335600,336400,800,1535600,1536400,800,0.05,1550779,1554735,3956,4.1,4.1,0.0,2026-W40,2026-W41
Real Cars in City,https://poki.com/en/g/real-cars-in-city,AYN-Games,Driving Games,674900,675600,700,149300,149400,100,824200,825000,800,0.1,824221,825013,792,4.3,4.3,0.0,2026-W40,2026-W41
Temple Run 2,https://poki.com/en/g/temple-run-2,Imangi Studios,Skill Games,2300000,2300000,0,553400,554200,800,2853400,2854200,800,0.03,2877738,2881730,3992,4.2,4.2,0.0,2026-W40,2026-W41
Smash Room,https://poki.com/en/g/smash-room,Happylander Ltd,Simulation Games,21200,21900,700,5000,5100,100,26200,27000,800,3.05,26167,27074,907,4.2,4.2,0.0,2026-W40,2026-W41
Sword Legends,https://poki.com/en/g/sword-legends,Fluffy,Adventure Games,9100,9800,700,1800,1900,100,10900,11700,800,7.34,10878,11756,878,4.3,4.3,0.0,2026-W40,2026-W41
Star Blogger: Left or Right,https://poki.com/en/g/star-blogger-left-or-right,WeLoPlay,Beauty Games,122000,122700,700,21900,22000,100,143900,144700,800,0.56,143840,144661,821,4.4,4.4,0.0,2026-W40,2026-W41
Blumgi Soccer,https://poki.com/en/g/blumgi-soccer,Blumgi,Sports Games,202400,203100,700,23700,23800,100,226100,226900,800,0.35,226136,226898,762,4.6,4.6,0.0,2026-W40,2026-W41
Cooking Korean Lesson,https://poki.com/en/g/cooking-korean-lesson,Go Panda Games Studio,Simulation Games,352800,353500,700,70800,70900,100,423600,424400,800,0.19,423601,424447,846,4.3,4.3,0.0,2026-W40,2026-W41
Fast Typer,https://poki.com/en/g/fast-typer,Eidosk,Skill Games,87400,88000,600,29600,29800,200,117000,117800,800,0.68,117063,117779,716,4.0,4.0,0.0,2026-W40,2026-W41
18 Wheeler Cargo Simulator,https://poki.com/en/g/18-wheeler-cargo-simulator,Brain Software,Driving Games,235400,236100,700,34900,35000,100,270300,271100,800,0.3,270321,271085,764,4.5,4.5,0.0,2026-W40,2026-W41
Huggy Wuggy Shooter,https://poki.com/en/g/huggy-wuggy-shooter,GoGoMan,Shooting Games,504200,504800,600,96800,97000,200,601000,601800,800,0.13,600981,601742,761,4.4,4.4,0.0,2026-W40,2026-W41
Football Legends,https://poki.com/en/g/football-legends,Madpuffers,Sports Games,1000000,1000000,0,341900,342700,800,1341900,1342700,800,0.06,1382735,1385794,3059,4.0,4.0,0.0,2026-W40,2026-W41
Power Wash Cleanup,https://poki.com/en/g/power-wash-cleanup,Camu,Simulation Games,128500,129100,600,31200,31400,200,159700,160500,800,0.5,159745,160479,734,4.2,4.2,0.0,2026-W40,2026-W41
DIY World Fashion,https://poki.com/en/g/diy-world-fashion,Go Panda Games Studio,Beauty Games,4800,5500,700,904,993,89,5704,6493,789,13.83,5744,6520,776,4.4,4.4,0.0,2026-W40,2026-W41
Pilot Life,https://poki.com/en/g/pilot-life,Rabbit Mountain,Simulation Games,2100,2800,700,309,392,83,2409,3192,783,32.5,2459,3171,712,4.5,4.5,0.0,2026-W40,2026-W41
Build a Bud,https://poki.com/en/g/build-a-bud,Kuyi Mobile,Decoration Games,941,1600,659,184,295,111,1125,1895,770,68.44,1125,1882,757,4.3,4.4,0.1,2026-W40,2026-W41
TNT Sandbox,https://poki.com/en/g/tnt-sandbox,Kachki Productions,Simulation Games,3100,3700,600,695,800,105,3795,4500,705,18.58,3810,4548,738,4.3,4.3,0.0,2026-W40,2026-W41
Sky Race,https://poki.com/en/g/sky-race,AM-Games,Racing Games,77100,77700,600,13400,13500,100,90500,91200,700,0.77,90474,91247,773,4.4,4.4,0.0,2026-W40,2026-W41
Family Life Simulator,https://poki.com/en/g/family-life-simulator,GeniGames,Simulation Games,10900,11400,500,3500,3700,200,14400,15100,700,4.86,14444,15050,606,4.0,4.0,0.0,2026-W40,2026-W41
Stickman Climb 3D,https://poki.com/en/g/stickman-climb-3d,No Pressure Studios,Platform Games,25300,25900,600,4800,4900,100,30100,30800,700,2.33,30130,30843,713,4.4,4.4,0.0,2026-W40,2026-W41
Papa's Scooperia,https://poki.com/en/g/papas-scooperia,Flipline Studios,Simulation Games,146700,147400,700,11400,11400,0,158100,158800,700,0.44,158105,158832,727,4.7,4.7,0.0,2026-W40,2026-W41
School Bus Demolition Derby,https://poki.com/en/g/school-bus-demolition-derby,No Pressure Studios,Battle Royale Games,475200,475800,600,81400,81500,100,556600,557300,700,0.13,556580,557267,687,4.4,4.4,0.0,2026-W40,2026-W41
Boomy World,https://poki.com/en/g/boomy-world,Obscure Interactive,Puzzle Games,6500,7100,600,1700,1800,100,8200,8900,700,8.54,8172,8948,776,4.2,4.2,0.0,2026-W40,2026-W41
Tag 2,https://poki.com/en/g/tag-2,WeLoPlay,Platform Games,290000,290600,600,51000,51100,100,341000,341700,700,0.21,340986,341739,753,4.4,4.4,0.0,2026-W40,2026-W41
Beardie Craft Survival,https://poki.com/en/g/beardie-craft-survival,Starheart,Platform Games,58700,59200,500,13800,14000,200,72500,73200,700,0.97,72544,73144,600,4.2,4.2,0.0,2026-W40,2026-W41
Punch Legend Simulator,https://poki.com/en/g/punch-legend-simulator,d954mas,Simulation Games,485900,486500,600,80800,80900,100,566700,567400,700,0.12,566692,567356,664,4.4,4.4,0.0,2026-W40,2026-W41
Cube Miner,https://poki.com/en/g/cube-miner-escape-from-prison,"71.8K Like 18.4K Dislike Report a bug We’ll be back after this short break Preparing... Beardie Craft Survival Vectaria.io Block Sandbox MineFun.io Cube Builder Noob Archer 2 Noob: Zombie Prison Escape Bunny Miner Level Devil Backroom Bill Make Brainrots Online Sharkosaurus Rampage Build League Kick The Buddy Blumgi Merge Slime Keyboard Escape Fishing World Smash Room Brain Test All-Star Fear Response Stickman Battle Street Slickers Exhibit of Sorrows Stickman Escape Stickman Hook Hide and Paint We Become What We Behold Who Is? Backrooms Recovery Fleeing the Complex Murder Drive Mad Longcat Planet Destruction Steal a Brainrot Plonky Short Life Run 3 Scary Teacher Hide & Seek Games Rise of Pico Ragdoll Chaos Monkey Tag IO Escape From Spider Hole.io Subway Surfers Ragdoll Drop Sword Legends Dragon Simulator 3D Forgotten Hill: Surgery You Monster! Hills of Steel Rainbow Obby Dino Simulator Apple Knight: Mini Dungeons Escape From School Blocky Universe Retro Bowl Adventure Games Block Games Shooting Games Simulation Games Monster Games Backrooms Games Escape Games Mobile Games Classic Games 3D Games Car Games Games for Boys Advertisement Advertisement Advertisement Games Adventure Games Cube Miner by Platonov Developer Cube Miner is an adventure game that takes players deep into a blocky underground world. Use your tool to dig through different layers of soil, collect valuable materials, and find the path to open locked doors to escape. Show more Cube Miner is a platform puzzle game where you’re stuck in prison, and the only way out is through the mines! Gather resources, trade with different merchants, upgrade your gear, and use dynamite to blast your way through hidden areas. Eat cakes for a boost, pump up your mine generator for faster extraction, and uncover secret escape routes. How soon will you be able to escape? How to play Cube Miner? Click to mine. Use WASD, the arrow keys, or the joystick to move. Who created Cube Miner? Cube Miner is created by Platonov Developer. Play their other games on Poki: Digger Escape ! How can I play Cube Miner for free? You can play Cube Miner for free on Poki. Can I play Cube Miner on mobile devices and desktop? Cube Miner can be played on your computer and mobile devices like phones and tablets. Rating 4.2 updated Aug 2025 About this game controls Mouse click to mine. Use W, A, S, D or Up arrow, Down arrow, Left arrow, Right arrow to move. Supported devices desktop, phone and tablet developer Platonov Developer",Adventure Games,71300,71800,500,18200,18400,200,89500,90200,700,0.78,89514,90170,656,4.2,4.2,0.0,2026-W40,2026-W41
Blockheads,https://poki.com/en/g/blockheads,Skullcap Studios,Shooting Games,200200,200800,600,41300,41400,100,241500,242200,700,0.29,241450,242240,790,4.3,4.3,0.0,2026-W40,2026-W41
Trivia Crack,https://poki.com/en/g/trivia-crack,play.works,Educational Games,93200,93700,500,19700,19900,200,112900,113600,700,0.62,112937,113571,634,4.3,4.3,0.0,2026-W40,2026-W41
Mr Bullet,https://poki.com/en/g/mr-bullet,Lion Studios,Shooting Games,341300,341900,600,49900,50000,100,391200,391900,700,0.18,391178,391923,745,4.5,4.5,0.0,2026-W40,2026-W41
Stunt Protocol,https://poki.com/en/g/stunt-protocol-two-players,Process Games,Driving Games,17600,18200,600,4100,4200,100,21700,22400,700,3.23,21752,22486,734,4.2,4.3,0.1,2026-W40,2026-W41
Vortex Racer,https://poki.com/en/g/vortex-racer,Deer Cat Games,Racing Games,86600,87200,600,17800,17900,100,104400,105100,700,0.67,104440,105075,635,4.3,4.3,0.0,2026-W40,2026-W41
No Pain No Gain,https://poki.com/en/g/no-pain-no-gain,Rike Games,Simulation Games,61500,62100,600,8100,8200,100,69600,70300,700,1.01,69637,70383,746,4.5,4.5,0.0,2026-W40,2026-W41
Super Bike the Champion,https://poki.com/en/g/super-bike-the-champion,Barnzmu,Racing Games,1000000,1000000,0,145400,146100,700,1145400,1146100,700,0.06,1150857,1156192,5335,4.5,4.5,0.0,2026-W40,2026-W41
Connect Puzzle,https://poki.com/en/g/connect-puzzle,Finz Games,Puzzle Games,103400,103900,500,28800,29000,200,132200,132900,700,0.53,132147,132871,724,4.1,4.1,0.0,2026-W40,2026-W41
Diva Makeup Studio,https://poki.com/en/g/diva-makeup-studio,Happylander Ltd,Beauty Games,47000,47500,500,12800,13000,200,59800,60500,700,1.17,59830,60539,709,4.1,4.1,0.0,2026-W40,2026-W41
Happy Wheels,https://poki.com/en/g/happy-wheels,Jim Bonacci,Racing Games,78500,79200,700,9700,9700,0,88200,88900,700,0.79,88207,88958,751,4.6,4.6,0.0,2026-W40,2026-W41
American Football REAL,https://poki.com/en/g/american-football-real,Splax,Sports Games,34800,35400,600,3100,3200,100,37900,38600,700,1.85,37969,38605,636,4.7,4.7,0.0,2026-W40,2026-W41
Goods Master,https://poki.com/en/g/goods-master,Tuki Tuki Games,Puzzle Games,5800,6400,600,1400,1500,100,7200,7900,700,9.72,7125,7876,751,4.2,4.3,0.1,2026-W40,2026-W41
Sword Masters,https://poki.com/en/g/sword-masters,emolingo games,Adventure Games,322800,323400,600,58000,58100,100,380800,381500,700,0.18,380851,381536,685,4.4,4.4,0.0,2026-W40,2026-W41
Short Life,https://poki.com/en/g/short-life,Gametornado,Platform Games,977000,977600,600,168600,168700,100,1145600,1146300,700,0.06,1145668,1146360,692,4.4,4.4,0.0,2026-W40,2026-W41
Who Is?,https://poki.com/en/g/who-is,Unico Studio,Brain Games,1600000,1600000,0,467100,467800,700,2067100,2067800,700,0.03,2050601,2052852,2251,4.1,4.1,0.0,2026-W40,2026-W41
Cars Thief,https://poki.com/en/g/cars-thief,Faramel games,Driving Games,664600,665200,600,122900,123000,100,787500,788200,700,0.09,787471,788207,736,4.4,4.4,0.0,2026-W40,2026-W41
Sweet Ball Sprint,https://poki.com/en/g/sweet-ball-sprint,Xscape,Driving Games,185800,186400,600,36100,36200,100,221900,222600,700,0.32,221826,222601,775,4.3,4.3,0.0,2026-W40,2026-W41
Zombie Rush,https://poki.com/en/g/zombie-rush,Endless Pixels,Action Games,293100,293700,600,51000,51100,100,344100,344800,700,0.2,344151,344869,718,4.4,4.4,0.0,2026-W40,2026-W41
Wreck The Robot,https://poki.com/en/g/wreck-the-robot,Boop Games,Simulation Games,59400,60000,600,12300,12400,100,71700,72400,700,0.98,71726,72335,609,4.3,4.3,0.0,2026-W40,2026-W41
Bugs.io,https://poki.com/en/g/bugs-io,gogagamez,Arcade Games,1200,1700,500,262,403,141,1462,2103,641,43.84,1437,2118,681,4.3,4.2,-0.1,2026-W40,2026-W41
Subway Clash 3D,https://poki.com/en/g/subway-clash-3d,OOO Frivei Interaktiv,Shooting Games,456200,456700,500,66000,66100,100,522200,522800,600,0.11,522151,522804,653,4.5,4.5,0.0,2026-W40,2026-W41
Tank Trouble 2,https://poki.com/en/g/tank-trouble-2,Subterranean Software,Arcade Games,194500,195000,500,45300,45400,100,239800,240400,600,0.25,239775,240428,653,4.2,4.2,0.0,2026-W40,2026-W41
Infiltrating the Airship,https://poki.com/en/g/infiltrating-the-airship,PuffballsUnited,Puzzle Games,814900,815500,600,46500,46500,0,861400,862000,600,0.07,861448,862048,600,4.8,4.8,0.0,2026-W40,2026-W41
Ragdoll Soccer,https://poki.com/en/g/ragdoll-soccer,99 Top Games,Sports Games,52400,52900,500,11700,11800,100,64100,64700,600,0.94,64053,64760,707,4.3,4.3,0.0,2026-W40,2026-W41
Stick Rush,https://poki.com/en/g/stick-rush,EasyCats,Shooting Games,118200,118700,500,25800,25900,100,144000,144600,600,0.42,144009,144650,641,4.3,4.3,0.0,2026-W40,2026-W41
Gobble,https://poki.com/en/g/gobble,Fancade,Skill Games,280300,280800,500,75800,75900,100,356100,356700,600,0.17,356040,356687,647,4.2,4.2,0.0,2026-W40,2026-W41
Magic Coloring Book,https://poki.com/en/g/magic-coloring-book,Refold,Decoration Games,146000,146500,500,25400,25500,100,171400,172000,600,0.35,171411,171979,568,4.4,4.4,0.0,2026-W40,2026-W41
Build League,https://poki.com/en/g/build-league,OnRush Studio,Driving Games,58300,58800,500,13000,13100,100,71300,71900,600,0.84,71331,71916,585,4.3,4.3,0.0,2026-W40,2026-W41
Stickman Dragon Fight,https://poki.com/en/g/stickman-dragon-fight,PEGASUS,Fighting Games,1300000,1300000,0,289000,289600,600,1589000,1589600,600,0.04,1561480,1564846,3366,4.3,4.3,0.0,2026-W40,2026-W41
Dan The Man,https://poki.com/en/g/dan-the-man,Yes2Games,Platform Games,22900,23500,600,3700,3700,0,26600,27200,600,2.26,26597,27229,632,4.5,4.5,0.0,2026-W40,2026-W41
Parkour Jump,https://poki.com/en/g/parkour-jump,Gametornado,Skill Games,285900,286400,500,47100,47200,100,333000,333600,600,0.18,333080,333649,569,4.4,4.4,0.0,2026-W40,2026-W41
Vectaria.io,https://poki.com/en/g/vectaria-io,Vectaria,Adventure Games,1200000,1200000,0,296100,296700,600,1496100,1496700,600,0.04,1542211,1545465,3254,4.2,4.2,0.0,2026-W40,2026-W41
Red Ball 4,https://poki.com/en/g/red-ball-4,Yohoho Games,Platform Games,1100000,1100000,0,166700,167300,600,1266700,1267300,600,0.05,1239497,1243751,4254,4.5,4.5,0.0,2026-W40,2026-W41
Moon Waltz,https://poki.com/en/g/moon-waltz,Studio Seufz,Puzzle Games,311900,312400,500,65700,65800,100,377600,378200,600,0.16,377617,378246,629,4.3,4.3,0.0,2026-W40,2026-W41
There Is No Game,https://poki.com/en/g/there-is-no-game,KaMiZoTo,Adventure Games,466500,467000,500,81400,81500,100,547900,548500,600,0.11,547903,548518,615,4.4,4.4,0.0,2026-W40,2026-W41
Kawaii Fruits 3D,https://poki.com/en/g/kawaii-fruits-3d,Okashi Games,Skill Games,61100,61600,500,11900,12000,100,73000,73600,600,0.82,72978,73595,617,4.3,4.3,0.0,2026-W40,2026-W41
KiX Dream Soccer,https://poki.com/en/g/kix-dream-soccer,KiX games,Sports Games,476200,476700,500,92800,92900,100,569000,569600,600,0.11,568944,569602,658,4.3,4.3,0.0,2026-W40,2026-W41
Tiger Tank,https://poki.com/en/g/tiger-tank,Devoting,Shooting Games,204100,204600,500,40600,40700,100,244700,245300,600,0.25,244697,245339,642,4.3,4.3,0.0,2026-W40,2026-W41
Dino Game,https://poki.com/en/g/dinosaur-game,Chrome UX,Arcade Games,1200000,1200000,0,307100,307700,600,1507100,1507700,600,0.04,1528328,1531381,3053,4.2,4.2,0.0,2026-W40,2026-W41
Mad Skills Rallycross,https://poki.com/en/g/mad-skills-rallycross,Turborilla,Racing Games,17300,17800,500,3400,3500,100,20700,21300,600,2.9,20777,21293,516,4.3,4.3,0.0,2026-W40,2026-W41
Stickman Climb 2,https://poki.com/en/g/stickman-climb-2,No Pressure Studios,Platform Games,760700,761300,600,128800,128800,0,889500,890100,600,0.07,889443,890100,657,4.4,4.4,0.0,2026-W40,2026-W41
Cat Simulator,https://poki.com/en/g/cat-simulator,Critters Studio,Simulation Games,72300,72800,500,13500,13600,100,85800,86400,600,0.7,85803,86381,578,4.4,4.4,0.0,2026-W40,2026-W41
Hide and Seek,https://poki.com/en/g/hide-and-seek-escape-games,ZnK Games,Simulation Games,252700,253200,500,47600,47700,100,300300,300900,600,0.2,300346,300907,561,4.4,4.4,0.0,2026-W40,2026-W41
A Small World Cup,https://poki.com/en/g/a-small-world-cup,Rujo Games,Sports Games,419100,419600,500,70900,71000,100,490000,490600,600,0.12,489971,490558,587,4.4,4.4,0.0,2026-W40,2026-W41
Swole Simulator,https://poki.com/en/g/swole-simulator,Bun Muen,Sports Games,110900,111400,500,17600,17700,100,128500,129100,600,0.47,128517,129017,500,4.5,4.5,0.0,2026-W40,2026-W41
Classic Chess,https://poki.com/en/g/classic-chess,InfinityGames.io,Board Games,78600,79100,500,14500,14600,100,93100,93700,600,0.64,93171,93681,510,4.4,4.4,0.0,2026-W40,2026-W41
Funny Shooter 2,https://poki.com/en/g/funny-shooter-2,GoGoMan,Shooting Games,184600,185100,500,24900,25000,100,209500,210100,600,0.29,209495,210097,602,4.5,4.5,0.0,2026-W40,2026-W41
Stickman Archers Waves,https://poki.com/en/g/stickman-archers-waves-9033258f,Vanorium,Shooting Games,87700,88100,400,29900,30100,200,117600,118200,600,0.51,117623,118129,506,4.0,4.0,0.0,2026-W40,2026-W41
Stickman Parkour 2: Lucky Block,https://poki.com/en/g/stickman-parkour-2-lucky-block,Art Industries,Platform Games,442000,442500,500,65900,66000,100,507900,508500,600,0.12,507875,508500,625,4.5,4.5,0.0,2026-W40,2026-W41
Offroader V5,https://poki.com/en/g/offroader-v5,Faramel games,Driving Games,348600,349100,500,60800,60900,100,409400,410000,600,0.15,409357,409939,582,4.4,4.4,0.0,2026-W40,2026-W41
Soccer Skills Euro Cup,https://poki.com/en/g/soccer-skills-euro-cup,Radical Play,Sports Games,617500,618000,500,127200,127300,100,744700,745300,600,0.08,744713,745294,581,4.3,4.3,0.0,2026-W40,2026-W41
My Cozy Home,https://poki.com/en/g/my-cozy-home,WeLoPlay,Decoration Games,106900,107400,500,20100,20200,100,127000,127600,600,0.47,126951,127556,605,4.4,4.4,0.0,2026-W40,2026-W41
House of Hazards,https://poki.com/en/g/house-of-hazards,Neweichgames,Skill Games,819700,820300,600,156600,156600,0,976300,976900,600,0.06,976287,976970,683,4.4,4.4,0.0,2026-W40,2026-W41
HEIST.IO,https://poki.com/en/g/heist-io,Art Industries,Shooting Games,124100,124600,500,21000,21100,100,145100,145700,600,0.41,145046,145709,663,4.4,4.4,0.0,2026-W40,2026-W41
World of Yarn,https://poki.com/en/g/world-of-yarn,Seal Unicorn Games,Puzzle Games,23500,24000,500,4500,4600,100,28000,28600,600,2.14,27991,28606,615,4.4,4.4,0.0,2026-W40,2026-W41
Gas Station,https://poki.com/en/g/gas-station,StoreRider,Simulation Games,40400,40900,500,6600,6700,100,47000,47600,600,1.28,46940,47530,590,4.4,4.4,0.0,2026-W40,2026-W41
Rocket Soccer Derby,https://poki.com/en/g/rocket-soccer-derby,No Pressure Studios,Sports Games,3600000,3600000,0,416700,417300,600,4016700,4017300,600,0.01,3969939,3977280,7341,4.6,4.6,0.0,2026-W40,2026-W41
Sword Road,https://poki.com/en/g/sword-road,splax.net,Action Games,32100,32500,400,13300,13500,200,45400,46000,600,1.32,45472,46058,586,3.8,3.8,0.0,2026-W40,2026-W41
My Perfect Hotel,https://poki.com/en/g/my-perfect-hotel,SayGames,Simulation Games,1600000,1600000,0,219200,219800,600,1819200,1819800,600,0.03,1814219,1821339,7120,4.5,4.5,0.0,2026-W40,2026-W41
Double Edged,https://poki.com/en/g/double-edged,Nitrome,Fighting Games,91700,92200,500,20900,21000,100,112600,113200,600,0.53,112578,113205,627,4.3,4.3,0.0,2026-W40,2026-W41
Slime Laboratory,https://poki.com/en/g/slime-laboratory,Neutronized,Platform Games,208100,208600,500,51900,52000,100,260000,260600,600,0.23,259944,260639,695,4.2,4.2,0.0,2026-W40,2026-W41
Woody Sort,https://poki.com/en/g/woody-sort,Unico Studio,Brain Games,27100,27600,500,8100,8200,100,35200,35800,600,1.7,35241,35813,572,4.1,4.1,0.0,2026-W40,2026-W41
Stealing the Diamond,https://poki.com/en/g/stealing-the-diamond,PuffballsUnited,Puzzle Games,937200,937800,600,69700,69700,0,1006900,1007500,600,0.06,1006887,1007444,557,4.7,4.7,0.0,2026-W40,2026-W41
Mecha War: Colony Battle Royale,https://poki.com/en/g/mecha-war-colony-battle-royale,MK games,New Games,1400,1900,500,260,344,84,1660,2244,584,35.18,1660,2270,610,4.4,4.4,0.0,2026-W40,2026-W41
Hatch Your Pets,https://poki.com/en/g/hatch-your-pets,Blasters,Adventure Games,1700,2200,500,205,269,64,1905,2469,564,29.61,1949,2462,513,4.6,4.6,0.0,2026-W40,2026-W41
Tiger Simulator 3D,https://poki.com/en/g/tiger-simulator-3d,CyberGoldFinch,Simulation Games,990500,991000,500,132800,132800,0,1123300,1123800,500,0.04,1123311,1123830,519,4.5,4.5,0.0,2026-W40,2026-W41
Animal Obby,https://poki.com/en/g/animal-obby,Kimchi Soup Studios,Platform Games,64300,64700,400,14700,14800,100,79000,79500,500,0.63,79044,79515,471,4.3,4.3,0.0,2026-W40,2026-W41
Blockpost,https://poki.com/en/g/blockpost,Skullcap Studios,Shooting Games,1600000,1600000,0,278300,278800,500,1878300,1878800,500,0.03,1855993,1858921,2928,4.4,4.4,0.0,2026-W40,2026-W41
Freaky Clown Town Mystery,https://poki.com/en/g/freaky-clown-town-mystery,ZnK Games,Escape Games,19700,20100,400,4600,4700,100,24300,24800,500,2.06,24367,24764,397,4.2,4.2,0.0,2026-W40,2026-W41
Airplane Manager,https://poki.com/en/g/airplane-manager,StoreRider,Simulation Games,15600,16000,400,2600,2700,100,18200,18700,500,2.75,18252,18697,445,4.4,4.4,0.0,2026-W40,2026-W41
Flick Goal,https://poki.com/en/g/flick-goal,Lion Studios,Sports Games,77700,78200,500,7100,7100,0,84800,85300,500,0.59,84799,85286,487,4.7,4.7,0.0,2026-W40,2026-W41
Annoying Teacher Punch Game,https://poki.com/en/g/annoying-teacher-punch-game,ZnK Games,Fighting Games,16100,16500,400,3200,3300,100,19300,19800,500,2.59,19337,19787,450,4.3,4.3,0.0,2026-W40,2026-W41
Obby Roads,https://poki.com/en/g/obby-roads,Tall Team,Driving Games,26300,26700,400,6900,7000,100,33200,33700,500,1.51,33207,33748,541,4.2,4.2,0.0,2026-W40,2026-W41
Temple Run 2: Spooky Summit,https://poki.com/en/g/temple-run-2-spooky-summit,Imangi Studios,Skill Games,143200,143600,400,31500,31600,100,174700,175200,500,0.29,174747,175200,453,4.3,4.3,0.0,2026-W40,2026-W41
Papa's Sushiria,https://poki.com/en/g/papas-sushiria,Flipline Studios,Simulation Games,109300,109800,500,9800,9800,0,119100,119600,500,0.42,119106,119638,532,4.7,4.7,0.0,2026-W40,2026-W41
City Cab Rush,https://poki.com/en/g/city-cab-rush,StoreRider,Driving Games,9000,9400,400,1600,1700,100,10600,11100,500,4.72,10696,11120,424,4.4,4.4,0.0,2026-W40,2026-W41
Retro Bowl College,https://poki.com/en/g/retro-bowl-college,New Star Games,Sports Games,95700,96100,400,13900,14000,100,109600,110100,500,0.46,109574,110103,529,4.5,4.5,0.0,2026-W40,2026-W41
Dogfight,https://poki.com/en/g/dogfight,Devoting,Action Games,55200,55600,400,10500,10600,100,65700,66200,500,0.76,65768,66168,400,4.4,4.4,0.0,2026-W40,2026-W41
Flat Baseball,https://poki.com/en/g/flat-baseball,10x10Games,Sports Games,26800,27200,400,4900,5000,100,31700,32200,500,1.58,31663,32144,481,4.4,4.4,0.0,2026-W40,2026-W41
Upgrade the CARS,https://poki.com/en/g/upgrade-the-cars,CHEPERGame,Skill Games,5700,6100,400,1000,1100,100,6700,7200,500,7.46,6794,7197,403,4.4,4.4,0.0,2026-W40,2026-W41
Snake Vs Human,https://poki.com/en/g/snake-vs-human,Clap Clap Games,Shooting Games,28200,28600,400,4200,4300,100,32400,32900,500,1.54,32451,32856,405,4.5,4.5,0.0,2026-W40,2026-W41
Blumgi Dragon,https://poki.com/en/g/blumgi-dragon,Blumgi,Skill Games,186500,186900,400,43200,43300,100,229700,230200,500,0.22,229643,230164,521,4.3,4.3,0.0,2026-W40,2026-W41
Highway Bike Simulator,https://poki.com/en/g/highway-bike-simulator,Brain Software,Driving Games,441700,442100,400,72800,72900,100,514500,515000,500,0.1,514548,515044,496,4.4,4.4,0.0,2026-W40,2026-W41
Papa's Taco Mia,https://poki.com/en/g/papas-taco-mia,Flipline Studios,Simulation Games,174600,175000,400,20400,20500,100,195000,195500,500,0.26,195038,195422,384,4.6,4.6,0.0,2026-W40,2026-W41
Papa's Pizzeria,https://poki.com/en/g/papas-pizzeria,Flipline Studios,Simulation Games,341700,342200,500,30400,30400,0,372100,372600,500,0.13,372131,372630,499,4.7,4.7,0.0,2026-W40,2026-W41
PickCrafter,https://poki.com/en/g/pickcrafter,Fiveamp,Idle Games,58400,58800,400,10800,10900,100,69200,69700,500,0.72,69221,69666,445,4.4,4.4,0.0,2026-W40,2026-W41
Sling Drift,https://poki.com/en/g/sling-drift,tastypill,Skill Games,544600,545100,500,81000,81000,0,625600,626100,500,0.08,625602,626092,490,4.5,4.5,0.0,2026-W40,2026-W41
My City Horse Stable,https://poki.com/en/g/my-city-horse-stable,My Town Games,Decoration Games,49500,50000,500,9500,9500,0,59000,59500,500,0.85,58977,59556,579,4.4,4.4,0.0,2026-W40,2026-W41
The Impossible Quiz,https://poki.com/en/g/the-impossible-quiz,Splapp-me-do,Brain Games,630500,630900,400,123800,123900,100,754300,754800,500,0.07,754296,754780,484,4.3,4.3,0.0,2026-W40,2026-W41
Extreme Off Road Cars,https://poki.com/en/g/extreme-off-road-cars,Brain Software,Racing Games,240900,241300,400,40800,40900,100,281700,282200,500,0.18,281677,282261,584,4.4,4.4,0.0,2026-W40,2026-W41
Stick Defenders,https://poki.com/en/g/stick-defenders,TinyDobbins,Strategy Games,586000,586500,500,84500,84500,0,670500,671000,500,0.07,670499,671092,593,4.5,4.5,0.0,2026-W40,2026-W41
Papa's Burgeria,https://poki.com/en/g/papas-burgeria,Flipline Studios,Simulation Games,662000,662400,400,57600,57700,100,719600,720100,500,0.07,719607,720089,482,4.7,4.7,0.0,2026-W40,2026-W41
Drawing Contest,https://poki.com/en/g/drawing-contest,The Good Guys,Simulation Games,29000,29400,400,5600,5700,100,34600,35100,500,1.45,34672,35145,473,4.3,4.3,0.0,2026-W40,2026-W41
Grand Prix Hero,https://poki.com/en/g/grand-prix-hero,b10b,Racing Games,612000,612400,400,110300,110400,100,722300,722800,500,0.07,722314,722714,400,4.4,4.4,0.0,2026-W40,2026-W41
Mafia Billiard Tricks,https://poki.com/en/g/mafia-billiard-tricks,Ravalmatic,Sports Games,85800,86200,400,20300,20400,100,106100,106600,500,0.47,106157,106564,407,4.2,4.2,0.0,2026-W40,2026-W41
Punch Master,https://poki.com/en/g/punch-master,Fluffy,Simulation Games,19800,20200,400,3700,3800,100,23500,24000,500,2.13,23565,23932,367,4.4,4.4,0.0,2026-W40,2026-W41
Typing Fighter,https://poki.com/en/g/typing-fighter,MarketJS,Educational Games,44600,45000,400,8800,8900,100,53400,53900,500,0.94,53398,53930,532,4.3,4.3,0.0,2026-W40,2026-W41
Grapple Grip,https://poki.com/en/g/grapple-grip,Robert Alvarez,Platform Games,92100,92400,300,49700,49900,200,141800,142300,500,0.35,141802,142334,532,3.6,3.6,0.0,2026-W40,2026-W41
Free The Key,https://poki.com/en/g/free-the-key,Alex Harrison,Puzzle Games,268800,269200,400,72000,72100,100,340800,341300,500,0.15,340754,341271,517,4.2,4.2,0.0,2026-W40,2026-W41
Recoil,https://poki.com/en/g/recoil,Fancade,Puzzle Games,180800,181200,400,40700,40800,100,221500,222000,500,0.23,221524,221991,467,4.3,4.3,0.0,2026-W40,2026-W41
Goal Gang,https://poki.com/en/g/goal-gang,TURBO FUTUR,Sports Games,23600,24000,400,3200,3300,100,26800,27300,500,1.87,26820,27266,446,4.5,4.5,0.0,2026-W40,2026-W41
I Am Hall Security,https://poki.com/en/g/i-am-hall-security,GeniGames,Simulation Games,56700,57100,400,23600,23700,100,80300,80800,500,0.62,80297,80842,545,3.8,3.8,0.0,2026-W40,2026-W41
Moto X3M,https://poki.com/en/g/moto-x3m,Madpuffers,Action Games,4400000,4400000,0,926800,927300,500,5326800,5327300,500,0.01,5306756,5309803,3047,4.3,4.3,0.0,2026-W40,2026-W41
Pool,https://poki.com/en/g/pool,Fancade,Skill Games,55200,55600,400,13100,13200,100,68300,68800,500,0.73,68312,68766,454,4.2,4.2,0.0,2026-W40,2026-W41
Swingo,https://poki.com/en/g/swingo,Blumgi × Gesinimo × Venturous,Arcade Games,260800,261200,400,55900,56000,100,316700,317200,500,0.16,316684,317149,465,4.3,4.3,0.0,2026-W40,2026-W41
Papa's Wingeria,https://poki.com/en/g/papas-wingeria,Flipline Studios,Simulation Games,155300,155800,500,12100,12100,0,167400,167900,500,0.3,167337,167859,522,4.7,4.7,0.0,2026-W40,2026-W41
Block Sandbox,https://poki.com/en/g/block-sandbox,WeLoPlay,Skill Games,56400,56800,400,13200,13300,100,69600,70100,500,0.72,69639,70117,478,4.2,4.2,0.0,2026-W40,2026-W41
Cozy Room Design,https://poki.com/en/g/cozy-room-design,Entrevero Games,Decoration Games,374100,374500,400,52300,52400,100,426400,426900,500,0.12,426434,426973,539,4.5,4.5,0.0,2026-W40,2026-W41
Brain Test: Tricky Puzzles,https://poki.com/en/g/brain-test-tricky-puzzles,Unico Studio,Brain Games,2200000,2200000,0,497100,497600,500,2697100,2697600,500,0.02,2661414,2664108,2694,4.3,4.3,0.0,2026-W40,2026-W41
Gladihoppers,https://poki.com/en/g/gladihoppers,Dreamon Studios AB,Fighting Games,300700,301100,400,54700,54800,100,355400,355900,500,0.14,355459,355878,419,4.4,4.4,0.0,2026-W40,2026-W41
ArithmeticA,https://poki.com/en/g/arithmetica,Eidosk,Educational Games,168500,168900,400,28400,28500,100,196900,197400,500,0.25,196862,197381,519,4.4,4.4,0.0,2026-W40,2026-W41
The Real Juggle,https://poki.com/en/g/the-real-juggle,Lion Studios,Sports Games,60800,61300,500,8500,8500,0,69300,69800,500,0.72,69284,69753,469,4.5,4.5,0.0,2026-W40,2026-W41
Parking Fury 3D,https://poki.com/en/g/parking-fury-3d,Brain Software,Driving Games,458200,458600,400,77600,77700,100,535800,536300,500,0.09,535798,536309,511,4.4,4.4,0.0,2026-W40,2026-W41
Words Search Classic Edition,https://poki.com/en/g/words-search-classic-edition,Playtouch,Educational Games,92500,92800,300,54100,54300,200,146600,147100,500,0.34,146591,147094,503,3.5,3.5,0.0,2026-W40,2026-W41
Little Master Cricket,https://poki.com/en/g/little-master-cricket,Bennett Foddy,Skill Games,123100,123500,400,30900,31000,100,154000,154500,500,0.32,153982,154541,559,4.2,4.2,0.0,2026-W40,2026-W41
Street Slickers,https://poki.com/en/g/street-slickers,Art Games,Simulation Games,79000,79400,400,22900,23000,100,101900,102400,500,0.49,101895,102395,500,4.1,4.1,0.0,2026-W40,2026-W41
Wonder High Dress-Up,https://poki.com/en/g/wonder-high-dressup,Entrevero Games,Beauty Games,51400,51800,400,11900,12000,100,63300,63800,500,0.79,63228,63716,488,4.3,4.3,0.0,2026-W40,2026-W41
Cats Drop,https://poki.com/en/g/cats-drop,yeqwep,Puzzle Games,281100,281500,400,35300,35400,100,316400,316900,500,0.16,316393,316820,427,4.5,4.5,0.0,2026-W40,2026-W41
Punchers,https://poki.com/en/g/punchers,Vardan Aleksanyan,Fighting Games,164600,165000,400,30600,30700,100,195200,195700,500,0.26,195239,195729,490,4.4,4.4,0.0,2026-W40,2026-W41
Draw The Road,https://poki.com/en/g/draw-the-road,Yodco Media,Puzzle Games,31900,32299,399,7200,7300,100,39100,39599,499,1.28,39104,39606,502,4.3,4.3,0.0,2026-W40,2026-W41
Build Your Island,https://poki.com/en/g/build-your-island,SwiftRoll,Idle Games,3100,3500,400,489,555,66,3589,4055,466,12.98,3636,4075,439,4.5,4.5,0.0,2026-W40,2026-W41
Spacebar Clicker,https://poki.com/en/g/spacebar-clicker,Bruno Croci,Idle Games,6000,6400,400,937,988,51,6937,7388,451,6.5,6927,7364,437,4.5,4.5,0.0,2026-W40,2026-W41
Impossible Tic-Tac-Toe,https://poki.com/en/g/impossible-tic-tac-toe,KasSanity,Puzzle Games,64599,64900,301,40600,40700,100,105199,105600,401,0.38,105136,105570,434,3.5,3.5,0.0,2026-W40,2026-W41
Moto X3M Spooky Land,https://poki.com/en/g/moto-x3m-spooky-land,"and Release Date Moto X3M Spooky Land was developed by Madpuffers in October 2019. They are the creators behind the whole Moto X3M series. How many levels does Moto X3M Spooky Land have? Moto X3M Spooky Land has a total of 22 different levels to play. Can I play Moto X3M Spooky Land on mobile? Yes, Moto X3M Spooky Land is a HTML5 game that can be played on iphone, android, tablets and on your PC. Tips and Tricks For the best tips and tricks, have a look at our Moto X3M game page description. Here you find how to increase speed, reduce time, and more! How to play Moto X3M Spooky Land? This is how you play Moto X3M Spooky Land: Use the W or Up Arrow key to speed up Use the S or Down Arrow key to break Use the A and D or Left Arrow and Right Arrow keys to position your motorbike. These keys are crucial for performing front flips and back flips. What are games similar to Moto X3M Spooky Land? Have a look in our motor-jump. Here you will find the whole Moto X3M and similar motorbike games! Rating 4.3 updated May 2025 About this game controls Use W or Up arrow to speed up. Use S or Down arrow to break. Use A, D, Left arrow, and Right arrow to position your motorbike. Supported devices desktop, phone and tablet developer Madpuffers",Racing Games,843500,843800,300,170300,170400,100,1013800,1014200,400,0.04,1013873,1014181,308,4.3,4.3,0.0,2026-W40,2026-W41
Duo Survival 3,https://poki.com/en/g/duo-survival-3,"and publisher. Play their other entertaining games for free on Poki : Duo Vikings , Duo Survival , Duo Survival 2 , ZOOM-BE , ZOOM-BE 2 , ZOOM-BE 3 and Truck Loader 5 Rating 4.5 updated Mar 2021 About this game controls Use A, D, Left arrow, or Right arrow to move. Press W or Up arrow to jump. Press S or Down arrow to kick or throw a bottle. Supported devices desktop, phone and tablet developer 7Spot Games",Platform Games,461200,461500,300,73600,73700,100,534800,535200,400,0.07,534827,535126,299,4.5,4.5,0.0,2026-W40,2026-W41
Dino Bros,https://poki.com/en/g/dino-bros,Fancade,Platform Games,57700,58000,300,9300,9400,100,67000,67400,400,0.6,66973,67323,350,4.4,4.4,0.0,2026-W40,2026-W41
Sticker Book Puzzle,https://poki.com/en/g/sticker-book-puzzle,Lion Studios,Puzzle Games,68200,68500,300,13200,13300,100,81400,81800,400,0.49,81389,81770,381,4.3,4.3,0.0,2026-W40,2026-W41
Blumgi Rocket,https://poki.com/en/g/blumgi-rocket,Blumgi,Driving Games,726200,726500,300,185100,185200,100,911300,911700,400,0.04,911293,911759,466,4.2,4.2,0.0,2026-W40,2026-W41
Lucky Claw Machine,https://poki.com/en/g/lucky-claw-machine,Camu,Simulation Games,116000,116300,300,21700,21800,100,137700,138100,400,0.29,137767,138132,365,4.4,4.4,0.0,2026-W40,2026-W41
Vortelli's Pizza,https://poki.com/en/g/vortellis-pizza,Devortel,Simulation Games,510800,511100,300,117500,117600,100,628300,628700,400,0.06,628326,628660,334,4.3,4.3,0.0,2026-W40,2026-W41
Superhero Look Alike Contest,https://poki.com/en/g/superhero-look-alike-contest,Idea Studios,Beauty Games,975200,975600,400,117700,117700,0,1092900,1093300,400,0.04,1092850,1093365,515,4.6,4.6,0.0,2026-W40,2026-W41
My Super Tiny Market,https://poki.com/en/g/my-super-tiny-market,Dinobros,Simulation Games,60900,61200,300,10600,10700,100,71500,71900,400,0.56,71511,71815,304,4.4,4.4,0.0,2026-W40,2026-W41
Burnin' Rubber 5 XS,https://poki.com/en/g/burnin-rubber-5-xs,XFormGames,Racing Games,399500,399900,400,90900,90900,0,490400,490800,400,0.08,490327,490853,526,4.3,4.3,0.0,2026-W40,2026-W41
TicTacToe,https://poki.com/en/g/tictactoe,Playtouch,Board Games,1300000,1300000,0,234800,235200,400,1534800,1535200,400,0.03,1504945,1507200,2255,4.4,4.4,0.0,2026-W40,2026-W41
Tiny Fishing,https://poki.com/en/g/tiny-fishing,BuyHTML5,Skill Games,638400,638800,400,73800,73800,0,712200,712600,400,0.06,712140,712552,412,4.6,4.6,0.0,2026-W40,2026-W41
Cricket Superstar,https://poki.com/en/g/cricket-superstar,Tech Priyam,Sports Games,62400,62700,300,13500,13600,100,75900,76300,400,0.53,75912,76219,307,4.3,4.3,0.0,2026-W40,2026-W41
Escape from Scary Teacher,https://poki.com/en/g/escape-from-scary-teacher,ZnK Games,Escape Games,8700,9000,300,2600,2700,100,11300,11700,400,3.54,11294,11691,397,4.1,4.1,0.0,2026-W40,2026-W41
The Superhero League,https://poki.com/en/g/the-superhero-league,Lion Studios,Puzzle Games,123200,123500,300,19300,19400,100,142500,142900,400,0.28,142534,142924,390,4.5,4.5,0.0,2026-W40,2026-W41
Narrow.One,https://poki.com/en/g/narrow-one,Pelican Party Studios,Shooting Games,678900,679200,300,171500,171600,100,850400,850800,400,0.05,850458,850723,265,4.2,4.2,0.0,2026-W40,2026-W41
Up Together,https://poki.com/en/g/up-together,ironfoxgames,Platform Games,115400,115700,300,30800,30900,100,146200,146600,400,0.27,146208,146575,367,4.2,4.2,0.0,2026-W40,2026-W41
Home Builder Clicker,https://poki.com/en/g/home-builder-clicker,GeniGames,Simulation Games,14400,14800,400,3300,3300,0,17700,18100,400,2.26,17676,18140,464,4.3,4.3,0.0,2026-W40,2026-W41
Bounce Ball,https://poki.com/en/g/bounce-ball,WeDoYouPlay,Skill Games,73300,73700,400,9500,9500,0,82800,83200,400,0.48,82806,83232,426,4.5,4.5,0.0,2026-W40,2026-W41
Brain Test Special,https://poki.com/en/g/brain-test-special,Unico Studio,Brain Games,14300,14600,300,3800,3900,100,18100,18500,400,2.21,18117,18434,317,4.2,4.2,0.0,2026-W40,2026-W41
Scary Little Prankster,https://poki.com/en/g/scary-little-prankster,ZnK Games,Simulation Games,77500,77800,300,15600,15700,100,93100,93500,400,0.43,93175,93464,289,4.3,4.3,0.0,2026-W40,2026-W41
Blumgi Paintball,https://poki.com/en/g/blumgi-paintball,Blumgi × Puya,Skill Games,93000,93300,300,11000,11100,100,104000,104400,400,0.38,104074,104408,334,4.6,4.6,0.0,2026-W40,2026-W41
Soccer Skills Champions League,https://poki.com/en/g/soccer-skills-champions-league,Radical Play,Sports Games,1200000,1200000,0,224500,224900,400,1424500,1424900,400,0.03,1387855,1391345,3490,4.3,4.3,0.0,2026-W40,2026-W41
Stickman Crazy Box,https://poki.com/en/g/stickman-crazy-box,Art Industries,Skill Games,199500,199900,400,44600,44600,0,244100,244500,400,0.16,244035,244590,555,4.3,4.3,0.0,2026-W40,2026-W41
Stickman Parkour 3,https://poki.com/en/g/stickman-parkour-3,Art Industries,Platform Games,143600,144000,400,23200,23200,0,166800,167200,400,0.24,166809,167260,451,4.4,4.4,0.0,2026-W40,2026-W41
Stickman Fighter: Epic Battle,https://poki.com/en/g/stickman-fighter-epic-battle,Playtouch,Action Games,804000,804300,300,162500,162600,100,966500,966900,400,0.04,966505,966953,448,4.3,4.3,0.0,2026-W40,2026-W41
Temple Run 2: Frozen Shadows,https://poki.com/en/g/temple-run-2-frozen-shadows,Imangi Studios,Skill Games,305400,305700,300,79800,79900,100,385200,385600,400,0.1,385238,385618,380,4.2,4.2,0.0,2026-W40,2026-W41
Tennis Masters,https://poki.com/en/g/tennis-masters,Madpuffers,Sports Games,397000,397300,300,219400,219500,100,616400,616800,400,0.06,616396,616780,384,3.6,3.6,0.0,2026-W40,2026-W41
Car Parking School,https://poki.com/en/g/car-parking-school,Peynir Games,Driving Games,44400,44700,300,8200,8300,100,52600,53000,400,0.76,52587,52954,367,4.4,4.4,0.0,2026-W40,2026-W41
Stupidella Horror 2,https://poki.com/en/g/stupidella-horror-2,stupidella,Brain Games,25400,25700,300,6700,6800,100,32100,32500,400,1.25,32081,32495,414,4.2,4.2,0.0,2026-W40,2026-W41
Temple Run 2: Holi Festival,https://poki.com/en/g/temple-run-2-holi-festival,Imangi Studios,Skill Games,320000,320300,300,82900,83000,100,402900,403300,400,0.1,402920,403304,384,4.2,4.2,0.0,2026-W40,2026-W41
G-Switch 4,https://poki.com/en/g/g-switch-4,"yourself, play with friends, or rate levels crafted by other players. Let's flip the gravity! Who created G-Switch 4? G-Switch 4 is created by Serius Games. Play their other games on Poki: G-Switch , G-Switch 2 , and G-Switch 3 ! How can I play G-Switch 4 for free? You can play G-Switch 4 for free on Poki. Can I play G-Switch 4 on mobile devices and desktop? G-Switch 4 can be played on your computer and mobile devices like phones and tablets. Can I play G-Switch 4 with my friend? Yes! G-Switch 4 is a single or local multiplayer game so you can play with your friend at the same computer! Rating 4.3 updated Sep 2026 About this game controls Mouse click or any keyboard key to switch. Supported devices desktop, phone and tablet developer Serius Games",Skill Games,109900,110200,300,24900,25000,100,134800,135200,400,0.3,134820,135246,426,4.3,4.3,0.0,2026-W40,2026-W41
Odd Bot Out,https://poki.com/en/g/odd-bot-out,Fancade,Platform Games,152500,152900,400,25800,25800,0,178300,178700,400,0.22,178284,178763,479,4.4,4.4,0.0,2026-W40,2026-W41
YoHoHo.io,https://poki.com/en/g/yohoho-io,EXODRAGON,Battle Royale Games,919700,920000,300,246600,246700,100,1166300,1166700,400,0.03,1166257,1166614,357,4.2,4.2,0.0,2026-W40,2026-W41
Lips Diy Master,https://poki.com/en/g/lips-diy-master,WeLoPlay,Beauty Games,18900,19200,300,4600,4700,100,23500,23900,400,1.7,23564,23896,332,4.2,4.2,0.0,2026-W40,2026-W41
Burnout Extreme Drift 2,https://poki.com/en/g/burnout-extreme-drift-2,Brain Software,Racing Games,182500,182800,300,29700,29800,100,212200,212600,400,0.19,212191,212577,386,4.4,4.4,0.0,2026-W40,2026-W41
War Master,https://poki.com/en/g/war-master,EasyCats,Simulation Games,236500,236900,400,46400,46400,0,282900,283300,400,0.14,282859,283317,458,4.3,4.3,0.0,2026-W40,2026-W41
Blumgi Castle,https://poki.com/en/g/blumgi-castle,Blumgi,Shooting Games,350600,350900,300,75700,75800,100,426300,426700,400,0.09,426243,426603,360,4.3,4.3,0.0,2026-W40,2026-W41
Carrom Multiplayer,https://poki.com/en/g/carrom-multiplayer,InfinityGames.io,Board Games,15700,16000,300,5700,5800,100,21400,21800,400,1.87,21436,21808,372,3.9,3.9,0.0,2026-W40,2026-W41
Vortelli's Pizza Delivery,https://poki.com/en/g/vortellis-pizza-delivery,Devortel,Driving Games,217000,217300,300,56200,56300,100,273200,273600,400,0.15,273209,273618,409,4.2,4.2,0.0,2026-W40,2026-W41
Blockpost 2.0,https://poki.com/en/g/blockpost-2-0,Skullcap Studios,Shooting Games,7100,7400,300,1100,1200,100,8200,8600,400,4.88,8222,8577,355,4.4,4.4,0.0,2026-W40,2026-W41
Master Checkers,https://poki.com/en/g/master-checkers,Codethislab,Board Games,230500,230800,300,60000,60100,100,290500,290900,400,0.14,290486,290887,401,4.2,4.2,0.0,2026-W40,2026-W41
Cars Thief: Tank Edition,https://poki.com/en/g/cars-thief-tank-edition,Faramel games,Driving Games,286000,286300,300,56000,56100,100,342000,342400,400,0.12,342041,342349,308,4.3,4.3,0.0,2026-W40,2026-W41
World of Screw,https://poki.com/en/g/world-of-screw,Seal Unicorn Games,Brain Games,35000,35300,300,7900,8000,100,42900,43300,400,0.93,42902,43248,346,4.3,4.3,0.0,2026-W40,2026-W41
Fashion Dress Up Star,https://poki.com/en/g/fashion-dress-up-star,PlayCroc,Beauty Games,10300,10600,300,1900,2000,100,12200,12600,400,3.28,12274,12555,281,4.4,4.4,0.0,2026-W40,2026-W41
MiniBattles,https://poki.com/en/g/minibattles,Shared Dreams Studio,Action Games,830900,831200,300,212100,212200,100,1043000,1043400,400,0.04,1043034,1043394,360,4.2,4.2,0.0,2026-W40,2026-W41
Pizza Day,https://poki.com/en/g/pizza-day,Playrea,Simulation Games,33700,34100,400,7100,7100,0,40800,41200,400,0.98,40786,41284,498,4.3,4.3,0.0,2026-W40,2026-W41
Master Assassin,https://poki.com/en/g/master-assassin,Vanorium,Action Games,54300,54700,400,10400,10400,0,64700,65100,400,0.62,64698,65167,469,4.4,4.4,0.0,2026-W40,2026-W41
Spot the Differences,https://poki.com/en/g/spot-the-differences,Rabbit Mountain,Puzzle Games,90500,90800,300,18400,18500,100,108900,109300,400,0.37,108972,109295,323,4.3,4.3,0.0,2026-W40,2026-W41
Life Choices: Life Simulator,https://poki.com/en/g/life-choices-life-simulator,Unico Studio,Adventure Games,111200,111500,300,31400,31500,100,142600,143000,400,0.28,142667,143023,356,4.1,4.1,0.0,2026-W40,2026-W41
Bubble Storm,https://poki.com/en/g/bubble-storm,Adgard,Skill Games,12200,12500,300,4600,4700,100,16800,17200,400,2.38,16775,17261,486,3.9,3.9,0.0,2026-W40,2026-W41
Shenzhen Mahjong,https://poki.com/en/g/shenzhen-mahjong,Adgard,Brain Games,37500,37800,300,11700,11800,100,49200,49600,400,0.81,49204,49573,369,4.0,4.0,0.0,2026-W40,2026-W41
Color Pencil Run,https://poki.com/en/g/color-pencil-run,OSA Studio,Skill Games,225200,225500,300,44300,44400,100,269500,269900,400,0.15,269576,269852,276,4.3,4.3,0.0,2026-W40,2026-W41
Eliza Mall Mania,https://poki.com/en/g/eliza-mall-mania,Idea Studios,Beauty Games,611000,611300,300,69500,69600,100,680500,680900,400,0.06,680548,680880,332,4.6,4.6,0.0,2026-W40,2026-W41
Fast Typer 3,https://poki.com/en/g/fast-typer-3,"that specializes in educational and skill-based games. Check out other games made by Eidosk: Fast Typer & Fast Typer 2. Rating 4.4 updated Nov 2020 About this game controls Type in the correct word to win. Supported devices desktop, phone and tablet developer Eidosk",Skill Games,43200,43500,300,8200,8300,100,51400,51800,400,0.78,51466,51811,345,4.4,4.4,0.0,2026-W40,2026-W41
Papa's Cheeseria,https://poki.com/en/g/papas-cheeseria,Flipline Studios,Simulation Games,174700,175000,300,22300,22400,100,197000,197400,400,0.2,197030,197357,327,4.5,4.5,0.0,2026-W40,2026-W41
Noob Archer 2,https://poki.com/en/g/noob-archer-2,Vanorium,Shooting Games,7400,7800,400,1100,1100,0,8500,8900,400,4.71,8512,8944,432,4.5,4.5,0.0,2026-W40,2026-W41
Catpad,https://poki.com/en/g/catpad,Venturous,Arcade Games,101100,101400,300,29700,29800,100,130800,131200,400,0.31,130824,131197,373,4.1,4.1,0.0,2026-W40,2026-W41
Supercars City,https://poki.com/en/g/supercars-city,Fuego! Games,Driving Games,2800,3100,300,561,620,59,3361,3720,359,10.68,3375,3703,328,4.3,4.3,0.0,2026-W40,2026-W41
Tiny Baker Ocean Jelly Cake,https://poki.com/en/g/tiny-baker-ocean-jelly-cake,Go Panda Games Studio,Simulation Games,6000,6300,300,946,994,48,6946,7294,348,5.01,6979,7254,275,4.5,4.5,0.0,2026-W40,2026-W41
Jetpack Speed Obby,https://poki.com/en/g/jetpack-speed-obby,skarb,Platform Games,1400,1700,300,265,301,36,1665,2001,336,20.18,1706,2042,336,4.4,4.4,0.0,2026-W40,2026-W41
Feets Doctor Urgent Care,https://poki.com/en/g/feets-doctor-urgent-care,Playtouch,Simulation Games,521799,522000,201,134300,134400,100,656099,656400,301,0.05,656091,656413,322,4.2,4.2,0.0,2026-W40,2026-W41
BoxRob,https://poki.com/en/g/boxrob,7Spot Games,Platform Games,254100,254300,200,60500,60600,100,314600,314900,300,0.1,314617,314853,236,4.2,4.2,0.0,2026-W40,2026-W41
Raft Wars,https://poki.com/en/g/raft-wars,Martijn Kunst,Shooting Games,552400,552600,200,114000,114100,100,666400,666700,300,0.05,666468,666707,239,4.3,4.3,0.0,2026-W40,2026-W41
Hammer 2: Reloaded,https://poki.com/en/g/hammer-2-reloaded,Faramel games,Shooting Games,511500,511700,200,69500,69600,100,581000,581300,300,0.05,580990,581315,325,4.5,4.5,0.0,2026-W40,2026-W41
A Pretty Odd Bunny: Roast it!,https://poki.com/en/g/a-pretty-odd-bunny-roast-it,AJ Ordaz,Platform Games,54600,54800,200,10900,11000,100,65500,65800,300,0.46,65540,65779,239,4.3,4.3,0.0,2026-W40,2026-W41
Moto Trap,https://poki.com/en/g/moto-trap,LongStar,Racing Games,7200,7500,300,1700,1700,0,8900,9200,300,3.37,8866,9164,298,4.3,4.3,0.0,2026-W40,2026-W41
Vero Life - Dress Up & Decor,https://poki.com/en/g/vero-life-dress-up-decor,Entrevero Games,Beauty Games,97500,97700,200,25700,25800,100,123200,123500,300,0.24,123194,123479,285,4.2,4.2,0.0,2026-W40,2026-W41
Tribals.io,https://poki.com/en/g/tribals-io,OnRush Studio,Adventure Games,554100,554400,300,140600,140600,0,694700,695000,300,0.04,694687,694982,295,4.2,4.2,0.0,2026-W40,2026-W41
Dino Fighter,https://poki.com/en/g/dino-fighter,Lumamind,Action Games,22000,22200,200,4000,4100,100,26000,26300,300,1.15,26006,26274,268,4.4,4.4,0.0,2026-W40,2026-W41
Kitty Loves Birds,https://poki.com/en/g/kitty-loves-birds,Claudiu V,Platform Games,88700,89000,300,12600,12600,0,101300,101600,300,0.3,101268,101645,377,4.5,4.5,0.0,2026-W40,2026-W41
Top Speed 3D,https://poki.com/en/g/top-speed-3d,Faramel games,Racing Games,1300000,1300000,0,170800,171100,300,1470800,1471100,300,0.02,1448296,1450994,2698,4.5,4.5,0.0,2026-W40,2026-W41
Where's My Pizza?,https://poki.com/en/g/wheres-my-pizza,Wix Games,Skill Games,62700,62900,200,12400,12500,100,75100,75400,300,0.4,75193,75343,150,4.3,4.3,0.0,2026-W40,2026-W41
Ninja Clash Heroes,https://poki.com/en/g/ninja-clash-heroes,OOO Frivei Interaktiv,Shooting Games,492400,492600,200,55500,55600,100,547900,548200,300,0.05,547913,548181,268,4.6,4.6,0.0,2026-W40,2026-W41
Crazy Race,https://poki.com/en/g/crazy-race,Denis,Racing Games,18900,19200,300,4500,4500,0,23400,23700,300,1.28,23392,23759,367,4.2,4.2,0.0,2026-W40,2026-W41
Poor Bunny,https://poki.com/en/g/poor-bunny,Adventure Islands,Arcade Games,223500,223800,300,28200,28200,0,251700,252000,300,0.12,251639,251977,338,4.5,4.5,0.0,2026-W40,2026-W41
Papa's Pastaria,https://poki.com/en/g/papas-pastaria,Flipline Studios,Simulation Games,64700,65000,300,6100,6100,0,70800,71100,300,0.42,70806,71030,224,4.7,4.7,0.0,2026-W40,2026-W41
Moto X3M 5 Pool Party,https://poki.com/en/g/moto-x3m-5-pool-party,"and Release Date Moto X3M Pool Party was developed by Madpuffers in March 2019. They are the creators behind the whole Moto X3M series. Tips and Tricks For the best tips and tricks, have a look at our Moto X3M game page description. Here you find how to increase speed, reduce time, and more! How to play Moto X3M Pool Party? This is how you play Moto X3M Pool Party: Use the W or Up Arrow key to speed up Use the S or Down Arrow key to break Use the A and D or Left Arrow and Right Arrow keys to position your motorbike. These keys are crucial for performing front flips and back flips. Rating 4.3 updated May 2025 About this game controls Use W or Up arrow to speed up. Use S or Down arrow to break. Use A and D or Left and Right arrows to position your motorbike. Supported devices desktop, phone and tablet developer Madpuffers",Driving Games,855400,855700,300,167300,167300,0,1022700,1023000,300,0.03,1022668,1022970,302,4.3,4.3,0.0,2026-W40,2026-W41
Clean House,https://poki.com/en/g/clean-house,StoreRider,Simulation Games,5600,5800,200,1100,1200,100,6700,7000,300,4.48,6758,6997,239,4.3,4.3,0.0,2026-W40,2026-W41
Bacon May Die,https://poki.com/en/g/bacon-may-die,SnoutUp Games,Action Games,724300,724500,200,89100,89200,100,813400,813700,300,0.04,813405,813648,243,4.6,4.6,0.0,2026-W40,2026-W41
Real Simulator Monster Truck,https://poki.com/en/g/real-simulator-monster-truck,AYN-Games,Racing Games,136700,137000,300,27500,27500,0,164200,164500,300,0.18,164213,164573,360,4.3,4.3,0.0,2026-W40,2026-W41
Heart Star,https://poki.com/en/g/heart-star-html5,Adventure Islands,Platform Games,275900,276100,200,68600,68700,100,344500,344800,300,0.09,344512,344804,292,4.2,4.2,0.0,2026-W40,2026-W41
Double Panda,https://poki.com/en/g/double-panda,Neutronized,Platform Games,103600,103900,300,14200,14200,0,117800,118100,300,0.25,117787,118104,317,4.5,4.5,0.0,2026-W40,2026-W41
Drift Boss,https://poki.com/en/g/drift-boss,MarketJS,Skill Games,34400,34700,300,5100,5100,0,39500,39800,300,0.76,39430,39831,401,4.5,4.5,0.0,2026-W40,2026-W41
Kitty Loves Birds 2,https://poki.com/en/g/kitty-loves-birds-2,Claudiu V,Platform Games,5200,5400,200,1300,1400,100,6500,6800,300,4.62,6511,6746,235,4.2,4.2,0.0,2026-W40,2026-W41
Cooking Fast,https://poki.com/en/g/cooking-fast,Increase Media,Simulation Games,281900,282100,200,66300,66400,100,348200,348500,300,0.09,348195,348480,285,4.2,4.2,0.0,2026-W40,2026-W41
Flying Wheels Evolution,https://poki.com/en/g/flying-wheels-evolution,GeniGames,Skill Games,39700,40000,300,6600,6600,0,46300,46600,300,0.65,46235,46596,361,4.4,4.4,0.0,2026-W40,2026-W41
Apple Knight: Fight,https://poki.com/en/g/apple-knight-fight,Limitless,Fighting Games,144200,144400,200,38600,38700,100,182800,183100,300,0.16,182842,183048,206,4.2,4.2,0.0,2026-W40,2026-W41
Brainrot Craft,https://poki.com/en/g/brainrot-craft,Endless Pixels,Puzzle Games,183300,183500,200,56700,56800,100,240000,240300,300,0.12,239989,240317,328,4.1,4.0,-0.1,2026-W40,2026-W41
Temple Run 2: Jungle Fall,https://poki.com/en/g/temple-run-2-jungle-fall,Imangi Studios,Skill Games,254500,254800,300,66100,66100,0,320600,320900,300,0.09,320606,320886,280,4.2,4.2,0.0,2026-W40,2026-W41
Kigurumi Dress Up,https://poki.com/en/g/kigurumi-dress-up,WeLoPlay,Beauty Games,48000,48200,200,11800,11900,100,59800,60100,300,0.5,59795,60080,285,4.2,4.2,0.0,2026-W40,2026-W41
Tunnel Rush,https://poki.com/en/g/tunnel-rush,"from London. The original release gained strong traction on Poki, leading to the sequel Tunnel Rush 2 . More games like Tunnel Rush If you enjoy reacting fast and squeezing through narrow gaps., these games apply those same reflexes in different ways. Super Tunnel Rush applies similar tunnel-navigation skills but adds car racing, requiring you to steer precisely while also racing to finish the track first. Subway Surfers tests the same forward-reading reflexes in an endless runner format, where survival depends on spotting obstacles early and switching lanes quickly. Rating 4.3 Trending #29 updated Feb 2026 About this game controls Player 1: Left arrow and Right arrow to move. Player 2: A and D to move. Supported devices desktop, phone and tablet developer Deer Cat Games",Racing Games,1200000,1200000,0,268200,268500,300,1468200,1468500,300,0.02,1424593,1426015,1422,4.3,4.3,0.0,2026-W40,2026-W41
Papa’s Pancakeria,https://poki.com/en/g/papas-pancakeria,Flipline Studios,Simulation Games,96400,96700,300,9300,9300,0,105700,106000,300,0.28,105726,106008,282,4.7,4.7,0.0,2026-W40,2026-W41
Portrait of an Obsession,https://poki.com/en/g/portrait-of-an-obsession,FM Studio,Adventure Games,61400,61600,200,22500,22600,100,83900,84200,300,0.36,83919,84216,297,3.9,3.9,0.0,2026-W40,2026-W41
Go Kart Go! Ultra!,https://poki.com/en/g/go-kart-go-ultra,Xformgames,Racing Games,587300,587600,300,97700,97700,0,685000,685300,300,0.04,685022,685303,281,4.4,4.4,0.0,2026-W40,2026-W41
Rally Champion,https://poki.com/en/g/rally-champion,MarketJS,Racing Games,80300,80500,200,14800,14900,100,95100,95400,300,0.32,95145,95332,187,4.4,4.4,0.0,2026-W40,2026-W41
Who is? 2 Brain Puzzle & Chats,https://poki.com/en/g/who-is-2-brain-puzzle-chats,Unico Studio,Brain Games,99400,99600,200,38400,38500,100,137800,138100,300,0.22,137835,138118,283,3.9,3.9,0.0,2026-W40,2026-W41
3D Moto Simulator 2,https://poki.com/en/g/3d-moto-simulator-2,Faramel games,Driving Games,1900000,1900000,0,316300,316600,300,2216300,2216600,300,0.01,2169369,2171599,2230,4.4,4.4,0.0,2026-W40,2026-W41
Bike Trials Winter 2,https://poki.com/en/g/bike-trials-winter-2,Cape of Good Games,Racing Games,276700,277000,300,43000,43000,0,319700,320000,300,0.09,319750,319991,241,4.5,4.5,0.0,2026-W40,2026-W41
Brain Test 5,https://poki.com/en/g/brain-test-5,Unico Studio,Brain Games,9100,9400,300,2100,2100,0,11200,11500,300,2.68,11188,11506,318,4.3,4.3,0.0,2026-W40,2026-W41
Stupidella Horror,https://poki.com/en/g/stupidella-horror,stupidella,Brain Games,39800,40000,200,12400,12500,100,52200,52500,300,0.57,52235,52444,209,4.0,4.0,0.0,2026-W40,2026-W41
GoBattle,https://poki.com/en/g/gobattle,YouDevice!,Arcade Games,169500,169700,200,90700,90800,100,260200,260500,300,0.12,260174,260495,321,3.6,3.6,0.0,2026-W40,2026-W41
Bubble Shooter,https://poki.com/en/g/bubble-shooter-lak,LAK Games,Skill Games,255900,256100,200,56900,57000,100,312800,313100,300,0.1,312815,313078,263,4.3,4.3,0.0,2026-W40,2026-W41
Sniper vs Dinosaurs,https://poki.com/en/g/sniper-vs-dinosaurs,Cute Army,Shooting Games,113600,113800,200,21100,21200,100,134700,135000,300,0.22,134736,135001,265,4.4,4.4,0.0,2026-W40,2026-W41
Funny Bone Surgery,https://poki.com/en/g/funny-bone-surgery,Go Panda Games Studio,Simulation Games,213900,214100,200,60100,60200,100,274000,274300,300,0.11,274045,274297,252,4.1,4.1,0.0,2026-W40,2026-W41
Papa's Hotdoggeria,https://poki.com/en/g/papas-hotdoggeria,Flipline Studios,Simulation Games,149600,149900,300,14000,14000,0,163600,163900,300,0.18,163595,163969,374,4.7,4.7,0.0,2026-W40,2026-W41
Hangman,https://poki.com/en/g/hangman,MarketJS,Educational Games,144100,144300,200,36800,36900,100,180900,181200,300,0.17,180944,181178,234,4.2,4.2,0.0,2026-W40,2026-W41
Dog Simulator 3D,https://poki.com/en/g/dog-simulator-3d,CyberGoldFinch,Simulation Games,508700,509000,300,70100,70100,0,578800,579100,300,0.05,578765,579092,327,4.5,4.5,0.0,2026-W40,2026-W41
Sandtris,https://poki.com/en/g/sandtris,A-Team,Puzzle Games,45900,46100,200,16300,16400,100,62200,62500,300,0.48,62197,62406,209,4.0,4.0,0.0,2026-W40,2026-W41
Lurkers.io,https://poki.com/en/g/lurkers-io,bergice,Action Games,149500,149700,200,45800,45900,100,195300,195600,300,0.15,195307,195570,263,4.1,4.1,0.0,2026-W40,2026-W41
Car Stunts Adventure,https://poki.com/en/g/car-stunts-adventure,SARJ & Co.,Driving Games,32100,32400,300,9900,9900,0,42000,42300,300,0.71,41987,42334,347,4.1,4.1,0.0,2026-W40,2026-W41
Mermaid Dress Up,https://poki.com/en/g/mermaid-dress-up,Benri Games,Beauty Games,112200,112400,200,17100,17200,100,129300,129600,300,0.23,129320,129590,270,4.5,4.5,0.0,2026-W40,2026-W41
Short Ride,https://poki.com/en/g/short-ride,Gametornado,Driving Games,594300,594500,200,104900,105000,100,699200,699500,300,0.04,699258,699490,232,4.4,4.4,0.0,2026-W40,2026-W41
Prison Punch,https://poki.com/en/g/prison-punch,Panda Pasha Games,Simulation Games,89900,90200,300,11500,11500,0,101400,101700,300,0.3,101403,101755,352,4.5,4.5,0.0,2026-W40,2026-W41
Ludo Hero,https://poki.com/en/g/ludo-hero,MarketJS,Board Games,647400,647600,200,156800,156900,100,804200,804500,300,0.04,804126,804488,362,4.2,4.2,0.0,2026-W40,2026-W41
Airport Clash 3D,https://poki.com/en/g/airport-clash-3d,OOO Frivei Interaktiv,Shooting Games,786900,787200,300,102300,102300,0,889200,889500,300,0.03,889142,889491,349,4.5,4.5,0.0,2026-W40,2026-W41
Heads Arena: Soccer All Stars,https://poki.com/en/g/heads-arena-soccer-all-stars,Poki Studios,Sports Games,742400,742700,300,137200,137200,0,879600,879900,300,0.03,879559,879912,353,4.4,4.4,0.0,2026-W40,2026-W41
Hexellent,https://poki.com/en/g/hexellent,Seal Unicorn Games,Brain Games,38800,39000,200,7800,7900,100,46600,46900,300,0.64,46621,46874,253,4.3,4.3,0.0,2026-W40,2026-W41
Dragon Simulator 3D,https://poki.com/en/g/dragon-simulator-3d,CyberGoldFinch,Simulation Games,1200000,1200000,0,197900,198200,300,1397900,1398200,300,0.02,1420800,1422619,1819,4.4,4.4,0.0,2026-W40,2026-W41
Stickman Fight Ragdoll,https://poki.com/en/g/stickman-fight-ragdoll,Vanorium,Fighting Games,206900,207100,200,47300,47400,100,254200,254500,300,0.12,254232,254452,220,4.3,4.3,0.0,2026-W40,2026-W41
Sky Mad,https://poki.com/en/g/sky-mad,Radical Play,Racing Games,168700,168900,200,39900,40000,100,208600,208900,300,0.14,208599,208892,293,4.2,4.2,0.0,2026-W40,2026-W41
Ellie’s Surprise Birthday Party,https://poki.com/en/g/ellies-surprise-birthday-party,Idea Studios,Beauty Games,572100,572300,200,118200,118300,100,690300,690600,300,0.04,690313,690596,283,4.3,4.3,0.0,2026-W40,2026-W41
Athletics Hero,https://poki.com/en/g/athletics-hero,b10b,Sports Games,143500,143700,200,31100,31200,100,174600,174900,300,0.17,174683,174842,159,4.3,4.3,0.0,2026-W40,2026-W41
Blumgi Ball,https://poki.com/en/g/blumgi-ball,Blumgi,Skill Games,330200,330400,200,82500,82600,100,412700,413000,300,0.07,412697,413020,323,4.2,4.2,0.0,2026-W40,2026-W41
Duo Survival 2,https://poki.com/en/g/duo-survival-2,"and publisher. Play their other entertaining games for free on Poki : Duo Vikings , Duo Survival , ZOOM-BE , ZOOM-BE 2 , ZOOM-BE 3 and Truck Loader 5 Rating 4.5 updated Nov 2020 About this game controls Move with A, D, Left arrow, or Right arrow. Jump with W or Up arrow. Kick or throw a bottle with S or Down arrow. Supported devices desktop, phone and tablet developer 7Spot Games",Platform Games,423500,423700,200,58700,58800,100,482200,482500,300,0.06,482214,482467,253,4.5,4.5,0.0,2026-W40,2026-W41
Collect n Evolve,https://poki.com/en/g/collect-n-evolve,Kimchi Soup Studios,Adventure Games,33400,33700,300,6900,6900,0,40300,40600,300,0.74,40299,40572,273,4.3,4.3,0.0,2026-W40,2026-W41
Parking Fury 3D: Beach City,https://poki.com/en/g/parking-fury-3d-beach-city,Brain Software,Driving Games,577800,578100,300,92100,92100,0,669900,670200,300,0.04,669864,670218,354,4.5,4.5,0.0,2026-W40,2026-W41
Sausage Flip,https://poki.com/en/g/sausage-flip,Madbox,Skill Games,223100,223400,300,47900,47900,0,271000,271300,300,0.11,271025,271371,346,4.3,4.3,0.0,2026-W40,2026-W41
Rally Point 5,https://poki.com/en/g/rally-point-5,XFormGames,Racing Games,165700,166000,300,24200,24200,0,189900,190200,300,0.16,189873,190164,291,4.5,4.5,0.0,2026-W40,2026-W41
Brain Test 4: Tricky Friends,https://poki.com/en/g/brain-test-4-tricky-friends,Unico Studio,Brain Games,83900,84100,200,19500,19600,100,103400,103700,300,0.29,103468,103629,161,4.3,4.2,-0.1,2026-W40,2026-W41
Carnado Boat Racing,https://poki.com/en/g/carnado-boat-racing,Kage Vision,Driving Games,5000,5200,200,1300,1400,100,6300,6600,300,4.76,6312,6585,273,4.2,4.2,0.0,2026-W40,2026-W41
Car Detailing Master,https://poki.com/en/g/car-detailing-master,Gamebole Studios,Simulation Games,81200,81400,200,18500,18600,100,99700,100000,300,0.3,99702,100010,308,4.3,4.3,0.0,2026-W40,2026-W41
Burnout Drift: Seaport Max,https://poki.com/en/g/burnout-drift-seaport-max,BoneCracker Games,Racing Games,170000,170200,200,25900,26000,100,195900,196200,300,0.15,195948,196203,255,4.5,4.5,0.0,2026-W40,2026-W41
Extreme Car Parking!,https://poki.com/en/g/extreme-car-parking,QKY Games,Driving Games,515500,515700,200,118200,118300,100,633700,634000,300,0.05,633643,633968,325,4.3,4.3,0.0,2026-W40,2026-W41
Just Park It 12,https://poki.com/en/g/just-park-it-12,Brain Software,Skill Games,78900,79200,300,16800,16800,0,95700,96000,300,0.31,95718,96013,295,4.3,4.3,0.0,2026-W40,2026-W41
Diamond Makeup,https://poki.com/en/g/diamond-makeup,Ercin,Beauty Games,41700,41900,200,12800,12900,100,54500,54800,300,0.55,54470,54808,338,4.1,4.1,0.0,2026-W40,2026-W41
Battleship War,https://poki.com/en/g/battleship-war,Codethislab,Brain Games,143200,143400,200,20800,20900,100,164000,164300,300,0.18,164070,164262,192,4.5,4.5,0.0,2026-W40,2026-W41
Funny Nose Surgery,https://poki.com/en/g/funny-nose-surgery,Go Panda Games Studio,Simulation Games,285600,285800,200,69000,69100,100,354600,354900,300,0.08,354617,354915,298,4.2,4.2,0.0,2026-W40,2026-W41
Jelly Fruit Merge,https://poki.com/en/g/jelly-fruit-merge,StarNosed Studio,Skill Games,12300,12500,200,2600,2700,100,14900,15200,300,2.01,14873,15148,275,4.3,4.3,0.0,2026-W40,2026-W41
Temple of Boom,https://poki.com/en/g/temple-of-boom,Colin Lane Games AB,Action Games,2500000,2500000,0,422800,423100,300,2922800,2923100,300,0.01,2884698,2886577,1879,4.4,4.4,0.0,2026-W40,2026-W41
Tens!,https://poki.com/en/g/tens,Dial-Up Dino Games,Puzzle Games,6100,6400,300,1600,1600,0,7700,8000,300,3.9,7715,8020,305,4.2,4.2,0.0,2026-W40,2026-W41
Funny Tattoo Shop,https://poki.com/en/g/funny-tattoo-shop,Go Panda Games Studio,Beauty Games,368100,368300,200,72000,72100,100,440100,440400,300,0.07,440087,440334,247,4.3,4.3,0.0,2026-W40,2026-W41
Urban Racer,https://poki.com/en/g/urban-racer,Camu,Driving Games,66900,67100,200,22100,22200,100,89000,89300,300,0.34,88947,89278,331,4.0,4.0,0.0,2026-W40,2026-W41
Flags,https://poki.com/en/g/flags,supernice.games,Brain Games,70800,71100,300,12600,12600,0,83400,83700,300,0.36,83405,83677,272,4.4,4.4,0.0,2026-W40,2026-W41
Jetpack Joyride,https://poki.com/en/g/jetpack-joyride,Storms,Skill Games,191000,191200,200,29600,29700,100,220600,220900,300,0.14,220664,220897,233,4.5,4.5,0.0,2026-W40,2026-W41
Car Machines,https://poki.com/en/g/car-machines,emolingo games,Driving Games,73000,73200,200,18500,18600,100,91500,91800,300,0.33,91485,91768,283,4.2,4.2,0.0,2026-W40,2026-W41
Yummy Taco,https://poki.com/en/g/yummy-taco,"studio based in South Surabaya, Indonesia. They have many other cute games on Poki: Funny Cooking Camp , Funny Camping Day , Funny Travelling Airport , Funny Throat Surgery 2 , Yummy Waffle Ice Cream , Cooking Korean Lesson , Funny Pet Haircut , funny-puppy-dressup, funny-kitty-dressup, Funny Nose Surgery , and Hipster vs Rockers How can I play Yummy Taco for free? You can play Yummy Taco for free on Poki. Can I play Yummy Taco on mobile devices and desktop? Yummy Taco can be played on your computer and mobile devices like phones and tablets. Rating 4.3 updated Aug 2022 About this game controls Mouse click or tap to pick up and use an object. Move the mouse cursor or finger to follow arrow shapes. Supported devices desktop, phone and tablet developer Go Panda Games Studio",Simulation Games,158600,158800,200,36000,36100,100,194600,194900,300,0.15,194595,194885,290,4.3,4.3,0.0,2026-W40,2026-W41
Ducklings.io,https://poki.com/en/g/ducklings-io,Pelican Party Studios,Skill Games,579500,579800,300,124900,124900,0,704400,704700,300,0.04,704402,704687,285,4.3,4.3,0.0,2026-W40,2026-W41
Guess the Emojis,https://poki.com/en/g/guess-the-emojis,Playrea,Brain Games,91300,91500,200,20700,20800,100,112000,112300,300,0.27,112065,112217,152,4.3,4.3,0.0,2026-W40,2026-W41
Digger Escape,https://poki.com/en/g/digger-escape,"48.0K Like 6.9K Dislike Report a bug We’ll be back after this short break Preparing... Mystery Digger Snake Vs Human Prison Punch Idle Spinner Factory Builder Dwerg Undead Slayer Build League You Monster! Idle Mining Empire Hills of Steel Sea Catcher Drills Merge Master Harvest Loop Stickman Battle Survival Island Dino Merge Tiny Towers War Master Woody Sort Swole Simulator Harvest Simulator Catch a Pet Crowd Rush Who Is? Drive Mad Limited Survive Robo Cleaner Simulator Nuts and Bolts: Screwing Puzzle Mine Line Horse Simulator 3D Smash Room Dino Simulator Idle Success Heroes League Perfect Landing, Plane Pilot Stick Rush Fox Simulator 3D Vectaria.io Zombie Bounce Cube Miner Idle Lumber Inc Beach Boxing Simulator Home Builder Clicker Survival Builder TNT Sandbox My Perfect Hotel Village Craft Cube Builder Lands of Blight Blocky Universe Lidle Legend Level Devil Life Choices: Life Simulator Idle Breakout Dragon Simulator 3D Tribals.io War of Sticks Tank Games Shooting Games Clicker Games Typing Games Survival Games Idle Games Simulation Games Driving Games Games for Boys Classic Games Popular Games Action Games Advertisement Advertisement Advertisement Games Simulation Games Digger Escape by Platonov Developer Digger Escape is a simulation game about a team of engineers escaping an AI breakout. Mine resources deep in the forest using an old drill, construct 8 different structures, and assemble a rocket to leave Earth safely. Show more Digger Escape is a survival game where the fate of humanity rests underground! With rogue AI wiping out cities, a group of engineers flees into the forest, armed with nothing but an old drill and a daring escape plan—build a rocket and flee Earth! Dig deep through a procedurally generated world filled with rare resources, construct powerful buildings, and complete all rocket stages to launch your escape. Can you outsmart the machines and build your way to freedom? How to play Digger Escape? Use your mouse, WASD, or the arrow keys to move. Who created Digger Escape? Digger Escape is created by Platonov Developer. This is their first game on Poki! How can I play Digger Escape for free? You can play Digger Escape for free on Poki. Can I play Digger Escape on mobile devices and desktop? Digger Escape can be played on your computer and mobile devices like phones and tablets. Rating 4.5 updated Nov 2025 About this game controls Use your mouse, W, A, S, D, or the Up arrow, Down arrow, Left arrow, Right arrow keys to move. Supported devices desktop, phone and tablet developer Platonov Developer",Simulation Games,47700,48000,300,6900,6900,0,54600,54900,300,0.55,54567,54929,362,4.5,4.5,0.0,2026-W40,2026-W41
Mechabots,https://poki.com/en/g/mechabots,Terminarch Games,Decoration Games,414600,414800,200,92900,93000,100,507500,507800,300,0.06,507519,507753,234,4.3,4.3,0.0,2026-W40,2026-W41
Silly Sky,https://poki.com/en/g/silly-sky,Project GD,Skill Games,42300,42500,200,12700,12800,100,55000,55300,300,0.55,55071,55248,177,4.1,4.1,0.0,2026-W40,2026-W41
Blumgi Racers,https://poki.com/en/g/blumgi-racers,Blumgi × Venturous,Racing Games,68500,68800,300,16500,16500,0,85000,85300,300,0.35,85006,85338,332,4.2,4.2,0.0,2026-W40,2026-W41
Funny Angie Haircut,https://poki.com/en/g/funny-angie-haircut,Go Panda Games Studio,Beauty Games,27600,27900,300,6300,6300,0,33900,34200,300,0.88,33852,34197,345,4.3,4.3,0.0,2026-W40,2026-W41
Truck Slam,https://poki.com/en/g/truck-slam,Happylander Ltd,Fighting Games,41600,41800,200,12700,12800,100,54300,54600,300,0.55,54276,54542,266,4.1,4.1,0.0,2026-W40,2026-W41
Dog's Life,https://poki.com/en/g/dogs-life,Critters Studio,Simulation Games,5400,5700,300,1600,1600,0,7000,7300,300,4.29,7016,7294,278,4.1,4.1,0.0,2026-W40,2026-W41
World Conquest,https://poki.com/en/g/world-conquest,Buldogo Games,Strategy Games,58600,58800,200,10600,10700,100,69200,69500,300,0.43,69185,69437,252,4.4,4.4,0.0,2026-W40,2026-W41
Slime Laboratory 3,https://poki.com/en/g/slime-laboratory-3,Neutronized,Platform Games,70600,70800,200,14800,14900,100,85400,85700,300,0.35,85398,85696,298,4.3,4.3,0.0,2026-W40,2026-W41
Fashion Tour Simulator,https://poki.com/en/g/fashion-tour-simulator,Go Panda Games Studio,Beauty Games,30800,31000,200,5500,5600,100,36300,36600,300,0.83,36359,36588,229,4.4,4.4,0.0,2026-W40,2026-W41
Stock Car Hero,https://poki.com/en/g/stock-car-hero,b10b,Racing Games,181600,181800,200,31200,31300,100,212800,213100,300,0.14,212872,213038,166,4.4,4.4,0.0,2026-W40,2026-W41
Warbrokers.io,https://poki.com/en/g/warbrokers-io,Trebuchet Entertainment LLC,Shooting Games,316000,316200,200,56000,56100,100,372000,372300,300,0.08,372042,372288,246,4.4,4.4,0.0,2026-W40,2026-W41
Wedding Dress Up,https://poki.com/en/g/wedding-dress-up,Playtouch,Beauty Games,325900,326100,200,50300,50400,100,376200,376500,300,0.08,376168,376505,337,4.5,4.5,0.0,2026-W40,2026-W41
Sniper Code 2,https://poki.com/en/g/sniper-code-2,Softlitude,Shooting Games,168600,168800,200,36700,36800,100,205300,205600,300,0.15,205333,205638,305,4.3,4.3,0.0,2026-W40,2026-W41
City Car Driving: Stunt Master,https://poki.com/en/g/city-car-driving-stunt-master,BoneCracker Games,Driving Games,2200000,2200000,0,247700,248000,300,2447700,2448000,300,0.01,2479913,2483489,3576,4.6,4.6,0.0,2026-W40,2026-W41
Shady Bears,https://poki.com/en/g/shady-bears,Air Guslar,Skill Games,93200,93500,300,14000,14000,0,107200,107500,300,0.28,107158,107496,338,4.5,4.5,0.0,2026-W40,2026-W41
Smash It,https://poki.com/en/g/smash-it,OSA Studio,Simulation Games,294500,294800,300,56300,56300,0,350800,351100,300,0.09,350792,351110,318,4.4,4.4,0.0,2026-W40,2026-W41
Critters Puzzle,https://poki.com/en/g/critters-puzzle,Critters Studio,Puzzle Games,743,959,216,148,195,47,891,1154,263,29.52,891,1154,263,4.3,4.3,0.0,2026-W40,2026-W41
Color Shapes,https://poki.com/en/g/color-shapes,The Good Guys,Decoration Games,2200,2400,200,548,602,54,2748,3002,254,9.24,2723,2969,246,4.2,4.2,0.0,2026-W40,2026-W41
Mountain Climb Stunt,https://poki.com/en/g/mountain-climb-stunt,Silevel Games,Racing Games,1900,2100,200,450,495,45,2350,2595,245,10.43,2367,2606,239,4.2,4.2,0.0,2026-W40,2026-W41
Robot Police Iron Panther,https://poki.com/en/g/robot-police-iron-panther,Go Panda Games Studio,Strategy Games,1600,1800,200,314,346,32,1914,2146,232,12.12,1947,2173,226,4.3,4.4,0.1,2026-W40,2026-W41
Dragon the Dragon,https://poki.com/en/g/dragon-the-dragon,Story Giant Games,Adventure Games,1600,1800,200,448,475,27,2048,2275,227,11.08,2094,2233,139,4.1,4.2,0.1,2026-W40,2026-W41
Zoey's Bag Boutique,https://poki.com/en/g/zoeys-bag-boutique,Orenji Spark,Beauty Games,2000,2200,200,460,484,24,2460,2684,224,9.11,2508,2670,162,4.3,4.3,0.0,2026-W40,2026-W41
King of Mahjong,https://poki.com/en/g/king-of-mahjong,Potato Jam,Puzzle Games,32299,32400,101,10400,10500,100,42699,42900,201,0.47,42779,42868,89,4.0,4.0,0.0,2026-W40,2026-W41
Pop It Master,https://poki.com/en/g/pop-it-master,Rad Brothers,Idle Games,522799,522900,101,116800,116900,100,639599,639800,201,0.03,639582,639797,215,4.3,4.3,0.0,2026-W40,2026-W41
Forgotten Hill: Surgery,https://poki.com/en/g/forgotten-hill-surgery,FM Studio,Adventure Games,52500,52700,200,17500,17500,0,70000,70200,200,0.29,69972,70155,183,4.0,4.0,0.0,2026-W40,2026-W41
Panda: Bubble Shooter,https://poki.com/en/g/panda-bubble-shooter,LAK Games,Arcade Games,144500,144700,200,28100,28100,0,172600,172800,200,0.12,172593,172737,144,4.3,4.3,0.0,2026-W40,2026-W41
Cougar Simulator: Big Cats,https://poki.com/en/g/cougar-simulator-big-cats,CyberGoldfinch,Simulation Games,31700,31900,200,6500,6500,0,38200,38400,200,0.52,38229,38464,235,4.3,4.3,0.0,2026-W40,2026-W41
Dasi Hospital Manager,https://poki.com/en/g/dasi-hospital-manager,Dasi Games,Simulation Games,56900,57100,200,11500,11500,0,68400,68600,200,0.29,68382,68618,236,4.3,4.3,0.0,2026-W40,2026-W41
Horse Shoeing,https://poki.com/en/g/horse-shoeing,NoPowerup,Simulation Games,168100,168300,200,32800,32800,0,200900,201100,200,0.1,200862,201121,259,4.3,4.3,0.0,2026-W40,2026-W41
One Button Bounce,https://poki.com/en/g/one-button-bounce,Robert Alvarez,Platform Games,56700,56800,100,17400,17500,100,74100,74300,200,0.27,74082,74224,142,4.1,4.1,0.0,2026-W40,2026-W41
MicroWars,https://poki.com/en/g/microwars,Okashi Games,Strategy Games,197400,197600,200,33400,33400,0,230800,231000,200,0.09,230809,230940,131,4.4,4.4,0.0,2026-W40,2026-W41
Yummy Super Burger,https://poki.com/en/g/yummy-super-burger,"studio based in South Surabaya, Indonesia. They have many other cute games on Poki: Yummy Waffle Ice Cream , Cooking Korean Lesson , Funny Pet Haircut , Funny Nose Surgery , funny-rescue-zookeeper, funny-pet-rescue and Hipster vs Rockers Rating 4.3 updated Sep 2021 About this game controls Mouse click or Tap to pick up an ingredient. Mouse click or Tap to use it. Supported devices desktop, phone and tablet developer Go Panda Games Studio",Simulation Games,88900,89000,100,19300,19400,100,108200,108400,200,0.18,108258,108354,96,4.3,4.3,0.0,2026-W40,2026-W41
ZOOM-BE,https://poki.com/en/g/zoom-be,"and publisher. Play their other entertaining games for free on Poki: Duo Vikings , Duo Vikings 2 , Duo Vikings 3 , Duo Survival , Duo Survival 2 , Duo Survival 3 , Truck Loader , Truck Loader 2 , Truck Loader 3 , Truck Loader 4 , Truck Loader 5 , ZOOM-BE 2 , ZOOM-BE 3 and BoxRob Rating 4.5 updated Nov 2020 About this game controls Use A and D or the Left and Right arrow keys to move. Press W or the Up arrow key to jump. Press S or the Down arrow key to kick. Supported devices desktop, phone and tablet developer 7Spot Games",Platform Games,569700,569900,200,87500,87500,0,657200,657400,200,0.03,657208,657365,157,4.5,4.5,0.0,2026-W40,2026-W41
Fight and Loot,https://poki.com/en/g/fight-and-loot,SQD Games,Fighting Games,10100,10200,100,4100,4200,100,14200,14400,200,1.41,14174,14427,253,3.8,3.8,0.0,2026-W40,2026-W41
Blocky Out,https://poki.com/en/g/blocky-out,Seal Unicorn Games,Puzzle Games,11200,11300,100,2900,3000,100,14100,14300,200,1.42,14176,14293,117,4.2,4.2,0.0,2026-W40,2026-W41
Eggsplosion,https://poki.com/en/g/eggsplosion,Endless Pixels,Idle Games,23100,23300,200,4400,4400,0,27500,27700,200,0.73,27494,27682,188,4.4,4.4,0.0,2026-W40,2026-W41
ShootZ,https://poki.com/en/g/shootz,NoPowerup,Shooting Games,546300,546500,200,94700,94700,0,641000,641200,200,0.03,641008,641152,144,4.4,4.4,0.0,2026-W40,2026-W41
Pixel Fishing,https://poki.com/en/g/pixel-fishing,Kzunec Games,Skill Games,27100,27200,100,5700,5800,100,32800,33000,200,0.61,32836,32986,150,4.3,4.3,0.0,2026-W40,2026-W41
Zombie Derby 2,https://poki.com/en/g/zombie-derby-2,Brinemedia,Racing Games,138900,139000,100,22400,22500,100,161300,161500,200,0.12,161328,161415,87,4.4,4.4,0.0,2026-W40,2026-W41
Four in a Row,https://poki.com/en/g/four-in-a-row,Codethislab,Board Games,328600,328700,100,81900,82000,100,410500,410700,200,0.05,410504,410742,238,4.2,4.2,0.0,2026-W40,2026-W41
Duck Life 2,https://poki.com/en/g/ducklife-2,Wix Games,Simulation Games,81300,81400,100,19100,19200,100,100400,100600,200,0.2,100479,100517,38,4.2,4.2,0.0,2026-W40,2026-W41
Idle Ants,https://poki.com/en/g/idle-ants,Madbox,Idle Games,1100000,1100000,0,144100,144300,200,1244100,1244300,200,0.02,1263865,1265096,1231,4.5,4.5,0.0,2026-W40,2026-W41
Ping Pong,https://poki.com/en/g/ping-pong-html5,MarketJS,Skill Games,90700,90800,100,41500,41600,100,132200,132400,200,0.15,132197,132431,234,3.7,3.7,0.0,2026-W40,2026-W41
Roller Coaster Builder 2,https://poki.com/en/g/roller-coaster-builder-2,Rabbit Mountain,Simulation Games,1300000,1300000,0,217800,218000,200,1517800,1518000,200,0.01,1470314,1471620,1306,4.4,4.4,0.0,2026-W40,2026-W41
Jacksmith,https://poki.com/en/g/jacksmith,Flipline Studios,Simulation Games,106700,106900,200,5800,5800,0,112500,112700,200,0.18,112480,112695,215,4.8,4.8,0.0,2026-W40,2026-W41
Anycolor by Numbers,https://poki.com/en/g/anycolor-by-numbers,Aniway,Decoration Games,73000,73200,200,18500,18500,0,91500,91700,200,0.22,91514,91724,210,4.2,4.2,0.0,2026-W40,2026-W41
Stickman Bike,https://poki.com/en/g/stickman-bike,WeLoPlay,Driving Games,103100,103200,100,22500,22600,100,125600,125800,200,0.16,125607,125796,189,4.3,4.3,0.0,2026-W40,2026-W41
Bearsus,https://poki.com/en/g/bearsus,Entrevero Games,Fighting Games,204300,204500,200,36100,36100,0,240400,240600,200,0.08,240370,240625,255,4.4,4.4,0.0,2026-W40,2026-W41
Zeepkist: Crash 2D,https://poki.com/en/g/zeepkist-crash-2d,Steelpan Interactive,Arcade Games,119300,119500,200,14000,14000,0,133300,133500,200,0.15,133307,133581,274,4.6,4.6,0.0,2026-W40,2026-W41
Flying Car Simulator,https://poki.com/en/g/flying-car-simulator,Blue Axis,Driving Games,1100000,1100000,0,150100,150300,200,1250100,1250300,200,0.02,1216833,1218841,2008,4.5,4.5,0.0,2026-W40,2026-W41
Papa's Cupcakeria,https://poki.com/en/g/papas-cupcakeria,Flipline Studios,Simulation Games,49100,49300,200,4600,4600,0,53700,53900,200,0.37,53736,53990,254,4.7,4.7,0.0,2026-W40,2026-W41
Flag Paint: World Tour,https://poki.com/en/g/flag-paint-world-tour,Rabbit Mountain,Educational Games,61700,61900,200,13000,13000,0,74700,74900,200,0.27,74697,74933,236,4.3,4.3,0.0,2026-W40,2026-W41
Iron Snout,https://poki.com/en/g/iron-snout,SnoutUp Games,Skill Games,1600000,1600000,0,194500,194700,200,1794500,1794700,200,0.01,1759322,1760792,1470,4.6,4.6,0.0,2026-W40,2026-W41
"Mouse Mouse, Climb the House",https://poki.com/en/g/mouse-mouse-climb-the-house,Pelican Party Studios,Platform Games,47700,47800,100,13100,13200,100,60800,61000,200,0.33,60807,61023,216,4.1,4.1,0.0,2026-W40,2026-W41
Soccer Skills World Cup,https://poki.com/en/g/soccer-skills-world-cup,Radical Play,Sports Games,1200000,1200000,0,224100,224300,200,1424100,1424300,200,0.01,1422711,1424362,1651,4.4,4.4,0.0,2026-W40,2026-W41
Duo Survival,https://poki.com/en/g/duo-survival,"and publisher. Play their other entertaining games for free on Poki : Duo Vikings , Duo Survival 2 , ZOOM-BE , ZOOM-BE 2 , ZOOM-BE 3 and Truck Loader 5 Rating 4.4 updated Dec 2023 About this game controls Move with A, D, Left arrow, or Right arrow. Jump with W or Up arrow. Kick or throw a bottle with S or Down arrow. Supported devices desktop, phone and tablet developer 7Spot Games",Platform Games,1200000,1200000,0,213200,213400,200,1413200,1413400,200,0.01,1451071,1452109,1038,4.4,4.4,0.0,2026-W40,2026-W41
Super Tunnel Rush,https://poki.com/en/g/super-tunnel-rush,Deer Cat Games,Racing Games,225700,225900,200,42600,42600,0,268300,268500,200,0.07,268283,268435,152,4.4,4.4,0.0,2026-W40,2026-W41
Sushi Party,https://poki.com/en/g/sushi-party-io,Terminarch Games,Battle Royale Games,1900000,1900000,0,502500,502700,200,2402500,2402700,200,0.01,2373278,2374237,959,4.2,4.2,0.0,2026-W40,2026-W41
Nail Salon,https://poki.com/en/g/nail-salon,Playable Factory,Beauty Games,30800,31000,200,7600,7600,0,38400,38600,200,0.52,38378,38665,287,4.2,4.2,0.0,2026-W40,2026-W41
Draft Wars,https://poki.com/en/g/draft-wars,redsnowdev,Strategy Games,7800,8000,200,1200,1200,0,9000,9200,200,2.22,9059,9208,149,4.5,4.5,0.0,2026-W40,2026-W41
Big Tower Tiny Square 2,https://poki.com/en/g/big-tower-tiny-square-2,EO Interactive,Arcade Games,68900,69000,100,15500,15600,100,84400,84600,200,0.24,84480,84515,35,4.3,4.3,0.0,2026-W40,2026-W41
Yummy Ice Cream Factory,https://poki.com/en/g/yummy-ice-cream-factory,Go Panda Games Studio,Simulation Games,16700,16900,200,4300,4300,0,21000,21200,200,0.95,20969,21149,180,4.2,4.2,0.0,2026-W40,2026-W41
Become A Dentist,https://poki.com/en/g/become-a-dentist,Playtouch,Simulation Games,267200,267300,100,72000,72100,100,339200,339400,200,0.06,339206,339359,153,4.2,4.2,0.0,2026-W40,2026-W41
Get On Top,https://poki.com/en/g/get-on-top,Bennett Foddy,Fighting Games,185600,185800,200,38700,38700,0,224300,224500,200,0.09,224282,224547,265,4.3,4.3,0.0,2026-W40,2026-W41
Tetra Blocks,https://poki.com/en/g/tetra-blocks,Ravalmatic,Puzzle Games,62500,62600,100,17500,17600,100,80000,80200,200,0.25,80092,80144,52,4.1,4.1,0.0,2026-W40,2026-W41
3D Arena Racing,https://poki.com/en/g/3d-arena-racing,Brain Software,Racing Games,425600,425800,200,77700,77700,0,503300,503500,200,0.04,503253,503482,229,4.4,4.4,0.0,2026-W40,2026-W41
Retro Bowl,https://poki.com/en/g/retro-bowl,New Star Games,Sports Games,1000000,1000000,0,193900,194100,200,1193900,1194100,200,0.02,1223697,1226543,2846,4.4,4.4,0.0,2026-W40,2026-W41
Tennis Hero,https://poki.com/en/g/tennis-hero,b10b,Sports Games,22500,22600,100,6800,6900,100,29300,29500,200,0.68,29394,29483,89,4.1,4.1,0.0,2026-W40,2026-W41
Sweet World,https://poki.com/en/g/sweet-world,TapLabGames,Brain Games,64800,64900,100,19100,19200,100,83900,84100,200,0.24,83955,84082,127,4.1,4.1,0.0,2026-W40,2026-W41
Stickman Go,https://poki.com/en/g/stickman-go,PEGASUS,Platform Games,244100,244300,200,44700,44700,0,288800,289000,200,0.07,288775,288988,213,4.4,4.4,0.0,2026-W40,2026-W41
Dino Run,https://poki.com/en/g/dino-run,PixelJAM Games,Arcade Games,190700,190900,200,25000,25000,0,215700,215900,200,0.09,215679,215907,228,4.5,4.5,0.0,2026-W40,2026-W41
Breaking the Bank,https://poki.com/en/g/breaking-the-bank,PuffballsUnited,Puzzle Games,535700,535900,200,75300,75300,0,611000,611200,200,0.03,610947,611228,281,4.5,4.5,0.0,2026-W40,2026-W41
JollyWorld,https://poki.com/en/g/jollyworld,Terminarch Games,Skill Games,176200,176300,100,63400,63500,100,239600,239800,200,0.08,239647,239742,95,3.9,3.9,0.0,2026-W40,2026-W41
Snow Riders,https://poki.com/en/g/snow-riders,Sleepless Games,Sports Games,26700,26900,200,3700,3700,0,30400,30600,200,0.66,30316,30629,313,4.5,4.5,0.0,2026-W40,2026-W41
Yummy Donut Factory,https://poki.com/en/g/yummy-donut-factory,"studio based in South Surabaya, Indonesia. They have many other cute games on Poki : Yummy Chocolate Factory , Funny Kitty Haircut , TicToc Summer Fashion , Tictoc KPOP Fashion , Funny Puppy Emergency , Yummy Taco , Funny Cooking Camp , Funny Camping Day , Funny Travelling Airport , Funny Throat Surgery 2 , Yummy Waffle Ice Cream , Cooking Korean Lesson , Funny Pet Haircut , funny-puppy-dressup, funny-kitty-dressup, Funny Nose Surgery , and Hipster vs Rockers How can I play Yummy Donut Factory for free? You can play Yummy Donut Factory for free on Poki . Can I play Yummy Donut Factory on mobile devices and desktop? Yummy Donut Factory can be played on your computer and mobile devices like phones and tablets. Rating 4.4 updated Feb 2023 About this game controls Mouse click or tap to interact with objects. Drag and drop to use objects. Supported devices desktop, phone and tablet developer Go Panda Games Studio",Simulation Games,58200,58400,200,10500,10500,0,68700,68900,200,0.29,68733,68877,144,4.4,4.4,0.0,2026-W40,2026-W41
Energy,https://poki.com/en/g/energy,InfinityGames.io,Puzzle Games,206400,206500,100,32600,32700,100,239000,239200,200,0.08,239068,239140,72,4.5,4.5,0.0,2026-W40,2026-W41
Draw my Path Obby,https://poki.com/en/g/draw-my-path-obby,emolingo games,Puzzle Games,50800,51000,200,15800,15800,0,66600,66800,200,0.3,66620,66875,255,4.0,4.0,0.0,2026-W40,2026-W41
Bottle Flip,https://poki.com/en/g/bottle-flip,Pupgam Studios,Skill Games,135900,136000,100,71800,71900,100,207700,207900,200,0.1,207758,207901,143,3.6,3.6,0.0,2026-W40,2026-W41
Match Arena,https://poki.com/en/g/match-arena,PecPoc Games,Puzzle Games,112100,112200,100,23600,23700,100,135700,135900,200,0.15,135773,135868,95,4.3,4.3,0.0,2026-W40,2026-W41
Metamon,https://poki.com/en/g/metamon,StoreRider,Simulation Games,25300,25500,200,2700,2700,0,28000,28200,200,0.71,27963,28192,229,4.6,4.6,0.0,2026-W40,2026-W41
Solitaire Klondike 2.0,https://poki.com/en/g/solitaire-klondike-2,Potato Jam,Card Games,113500,113700,200,47600,47600,0,161100,161300,200,0.12,161116,161305,189,3.8,3.8,0.0,2026-W40,2026-W41
Call of Tanks,https://poki.com/en/g/call-of-tanks,Beedo Games,Action Games,178200,178400,200,24100,24100,0,202300,202500,200,0.1,202361,202556,195,4.5,4.5,0.0,2026-W40,2026-W41
Dress Up Party,https://poki.com/en/g/dress-up-party,Orenji Spark,Beauty Games,13900,14100,200,2200,2200,0,16100,16300,200,1.24,16071,16323,252,4.5,4.5,0.0,2026-W40,2026-W41
Snow Plow,https://poki.com/en/g/snow-plow,Camu,Driving Games,55400,55600,200,11600,11600,0,67000,67200,200,0.3,66937,67214,277,4.3,4.3,0.0,2026-W40,2026-W41
Bow Mania,https://poki.com/en/g/bow-mania,Gametornado,Shooting Games,130800,130900,100,21700,21800,100,152500,152700,200,0.13,152573,152653,80,4.4,4.4,0.0,2026-W40,2026-W41
Bacon Survivor,https://poki.com/en/g/bacon-survivor,SnoutUp Games,Skill Games,11600,11700,100,2800,2900,100,14400,14600,200,1.39,14482,14596,114,4.2,4.2,0.0,2026-W40,2026-W41
Sniper Clash 3D,https://poki.com/en/g/sniper-clash-3d,OOO Frivei Interaktiv,Shooting Games,325100,325300,200,55900,55900,0,381000,381200,200,0.05,381012,381175,163,4.4,4.4,0.0,2026-W40,2026-W41
Traffic Escape!,https://poki.com/en/g/traffic-escape,Fomo Games,Puzzle Games,122300,122500,200,23700,23700,0,146000,146200,200,0.14,145992,146127,135,4.3,4.3,0.0,2026-W40,2026-W41
Rhino Rush Stampede,https://poki.com/en/g/rhino-rush-stampede,XFormGames,Skill Games,45200,45300,100,11600,11700,100,56800,57000,200,0.35,56857,56918,61,4.2,4.2,0.0,2026-W40,2026-W41
Fishing World,https://poki.com/en/g/fishing-world,Panda Pasha Games,Simulation Games,21600,21700,100,5400,5500,100,27000,27200,200,0.74,27054,27145,91,4.2,4.2,0.0,2026-W40,2026-W41
Doc HoneyBerry Puppy Surgery,https://poki.com/en/g/doc-honeyberry-puppy-surgery,Go Panda Games Studio,Simulation Games,20900,21100,200,4300,4300,0,25200,25400,200,0.79,25134,25427,293,4.3,4.3,0.0,2026-W40,2026-W41
Day of Meat: Radiation,https://poki.com/en/g/day-of-meat-radiation,Lampogolovii,Skill Games,108400,108500,100,18900,19000,100,127300,127500,200,0.16,127369,127459,90,4.4,4.4,0.0,2026-W40,2026-W41
Cozy Garden Design,https://poki.com/en/g/cozy-garden-design,Entrevero Games,Decoration Games,43700,43900,200,5700,5700,0,49400,49600,200,0.4,49404,49640,236,4.5,4.5,0.0,2026-W40,2026-W41
Water Color Sort,https://poki.com/en/g/water-color-sort,VNStart Studio,Skill Games,330300,330500,200,52000,52000,0,382300,382500,200,0.05,382234,382545,311,4.5,4.5,0.0,2026-W40,2026-W41
Drift Hunters,https://poki.com/en/g/drift-hunters,BoneCracker Games,Racing Games,171200,171400,200,25400,25400,0,196600,196800,200,0.1,196541,196825,284,4.5,4.5,0.0,2026-W40,2026-W41
Google Feud,https://poki.com/en/g/google-feud,Autocompete LLC,Brain Games,142500,142700,200,67100,67100,0,209600,209800,200,0.1,209532,209799,267,3.7,3.7,0.0,2026-W40,2026-W41
Blumgi Bloom,https://poki.com/en/g/blumgi-bloom,Blumgi,Puzzle Games,107900,108100,200,13100,13100,0,121000,121200,200,0.17,120991,121196,205,4.6,4.6,0.0,2026-W40,2026-W41
Where's Your Country?,https://poki.com/en/g/wheres-your-country,Eidosk,Educational Games,10600,10700,100,2200,2300,100,12800,13000,200,1.56,12816,12914,98,4.3,4.3,0.0,2026-W40,2026-W41
Dubai Police Parking 2,https://poki.com/en/g/dubai-police-parking-2,Brain Software,Driving Games,204400,204600,200,36500,36500,0,240900,241100,200,0.08,240930,241132,202,4.4,4.4,0.0,2026-W40,2026-W41
Rowdy City Wrestling,https://poki.com/en/g/rowdy-city-wrestling,Colin Lane Games AB,Sports Games,187600,187700,100,46300,46400,100,233900,234100,200,0.09,233900,234037,137,4.2,4.2,0.0,2026-W40,2026-W41
Burnin' Rubber Crash n' Burn,https://poki.com/en/g/burnin-rubber-crash-n-burn,XFormGames,Driving Games,140700,140900,200,30500,30500,0,171200,171400,200,0.12,171219,171427,208,4.3,4.3,0.0,2026-W40,2026-W41
G-Switch 2,https://poki.com/en/g/gswitch-2,Serius Games,Platform Games,273600,273800,200,53200,53200,0,326800,327000,200,0.06,326772,326964,192,4.3,4.3,0.0,2026-W40,2026-W41
Run 3,https://poki.com/en/g/run-3,Joseph Cloutier,Skill Games,472200,472400,200,66700,66700,0,538900,539100,200,0.04,538884,539110,226,4.5,4.5,0.0,2026-W40,2026-W41
Office Manager,https://poki.com/en/g/dasi-office-manager,Dasi Games,Simulation Games,47400,47600,200,7800,7800,0,55200,55400,200,0.36,55207,55438,231,4.4,4.4,0.0,2026-W40,2026-W41
2048,https://poki.com/en/g/2048,Gabriele Cirulli,Brain Games,171800,171900,100,90600,90700,100,262400,262600,200,0.08,262424,262635,211,3.6,3.6,0.0,2026-W40,2026-W41
Age of War,https://poki.com/en/g/age-of-war,Max Games,Strategy Games,68600,68800,200,10100,10100,0,78700,78900,200,0.25,78750,78885,135,4.5,4.5,0.0,2026-W40,2026-W41
Car Simulator Arena,https://poki.com/en/g/car-simulator-arena,Brain Software,Racing Games,500800,501000,200,71600,71600,0,572400,572600,200,0.03,572422,572681,259,4.5,4.5,0.0,2026-W40,2026-W41
Fantasy Merger,https://poki.com/en/g/fantasy-merger,Dedra Games × Federico,Idle Games,44100,44200,100,8800,8900,100,52900,53100,200,0.38,52979,53031,52,4.3,4.3,0.0,2026-W40,2026-W41
Cat Gunner: Super Zombie Shoot,https://poki.com/en/g/cat-gunner-super-zombie-shoot,Day137 Global,Action Games,121000,121100,100,24700,24800,100,145700,145900,200,0.14,145778,145821,43,4.3,4.3,0.0,2026-W40,2026-W41
Whip & Flip,https://poki.com/en/g/whip-flip,GeniGames,Action Games,33800,34000,200,6000,6000,0,39800,40000,200,0.5,39780,39960,180,4.4,4.4,0.0,2026-W40,2026-W41
Stick Merge,https://poki.com/en/g/stick-merge,TinyDobbins,Shooting Games,1600000,1600000,0,282300,282500,200,1882300,1882500,200,0.01,1896460,1897543,1083,4.4,4.4,0.0,2026-W40,2026-W41
Idle Lumber Inc,https://poki.com/en/g/idle-lumber-inc,NoPowerup,Idle Games,310500,310700,200,48400,48400,0,358900,359100,200,0.06,358851,359117,266,4.5,4.5,0.0,2026-W40,2026-W41
BoxRob 2,https://poki.com/en/g/boxrob-2,7Spot Games,Platform Games,133100,133200,100,32100,32200,100,165200,165400,200,0.12,165230,165325,95,4.2,4.2,0.0,2026-W40,2026-W41
Shape Fold,https://poki.com/en/g/shape-fold-html5,Domas Kazragis,Puzzle Games,426900,427000,100,101100,101200,100,528000,528200,200,0.04,528045,528104,59,4.2,4.2,0.0,2026-W40,2026-W41
1010 Color Match,https://poki.com/en/g/1010-color-match,Potato Jam,Puzzle Games,50000,50100,100,22800,22900,100,72800,73000,200,0.27,72866,73039,173,3.8,3.8,0.0,2026-W40,2026-W41
Goat vs Zombies,https://poki.com/en/g/goat-vs-zombies,PaperBunker,Simulation Games,90700,90900,200,18700,18700,0,109400,109600,200,0.18,109371,109670,299,4.3,4.3,0.0,2026-W40,2026-W41
BombHopper.io,https://poki.com/en/g/bombhopper-io,"based in a cave in the mountains near Grenoble. Rating 4.0 updated Jan 2026 About this game controls Use your mouse to aim. R to restart. Supported devices desktop, phone and tablet developer Julien Mourer",Platform Games,65600,65700,100,22100,22200,100,87700,87900,200,0.23,87790,87858,68,4.0,4.0,0.0,2026-W40,2026-W41
Funny Kitty Haircut,https://poki.com/en/g/funny-kitty-haircut,"studio based in South Surabaya, Indonesia. They have many other cute games on Poki: TicToc Summer Fashion , Tictoc KPOP Fashion , Funny Puppy Emergency , Yummy Taco , Funny Cooking Camp , Funny Camping Day , Funny Travelling Airport , Funny Throat Surgery 2 , Yummy Waffle Ice Cream , Cooking Korean Lesson , Funny Pet Haircut , funny-puppy-dressup, funny-kitty-dressup, Funny Nose Surgery , and Hipster vs Rockers How can I play Funny Kitty Haircut for free? You can play Funny Kitty Haircut for free on Poki. Can I play Funny Kitty Haircut on mobile devices and desktop? Funny Kitty Haircut can be played on your computer and mobile devices like phones and tablets. Rating 4.4 updated Aug 2022 About this game controls Click or tap on an outfit or accessory to put it on. Supported devices desktop, phone and tablet developer Go Panda Games Studio",Beauty Games,88500,88600,100,15000,15100,100,103500,103700,200,0.19,103536,103644,108,4.4,4.4,0.0,2026-W40,2026-W41
SatisBox Mini Games,https://poki.com/en/g/satisbox-mini-games,Ercin,Brain Games,17600,17700,100,7000,7100,100,24600,24800,200,0.81,24603,24830,227,3.9,3.9,0.0,2026-W40,2026-W41
OvO Classic,https://poki.com/en/g/ovo-classic,Dedra Games,Platform Games,30200,30300,100,8200,8300,100,38400,38600,200,0.52,38469,38561,92,4.1,4.1,0.0,2026-W40,2026-W41
Princess Lovely Fashion,https://poki.com/en/g/princess-lovely-fashion,"studio based in South Surabaya, Indonesia. They have many other cute games on Poki: funny-puppy-dressup, Funny Camping Day , Funny Travelling Airport , Funny Throat Surgery 2 , Yummy Waffle Ice Cream , Cooking Korean Lesson , Funny Pet Haircut , Funny Nose Surgery , funny-rescue-zookeeper, funny-pet-rescue and Hipster vs Rockers How can I play Princess Lovely Fashion for free? You can play Princess Lovely Fashion for free on Poki. Can I play Princess Lovely Fashion on mobile devices and desktop? Princess Lovely Fashion can be played on your computer and mobile devices like phones and tablets. Rating 4.5 updated Aug 2022 About this game controls Mouse click or tap on an object to pick it up and use it. Supported devices desktop, phone and tablet developer Go Panda Games Studio",Beauty Games,184900,185100,200,25400,25400,0,210300,210500,200,0.1,210275,210468,193,4.5,4.5,0.0,2026-W40,2026-W41
Roper,https://poki.com/en/g/roper,Martin Magni,Platform Games,75600,75700,100,19300,19400,100,94900,95100,200,0.21,94893,95033,140,4.2,4.2,0.0,2026-W40,2026-W41
Hospital Stories: Doctor Rugby,https://poki.com/en/g/hospital-stories-doctor-rugby,WeDoYouPlay,Simulation Games,115700,115900,200,31800,31800,0,147500,147700,200,0.14,147475,147719,244,4.1,4.1,0.0,2026-W40,2026-W41
BrushBattle,https://poki.com/en/g/brushbattle,BrightSpike,Skill Games,29300,29500,200,6700,6700,0,36000,36200,200,0.56,36005,36183,178,4.3,4.3,0.0,2026-W40,2026-W41
Happy Tidy Time,https://poki.com/en/g/happy-tidy-time,Go Panda Games Studio,Decoration Games,9700,9900,200,2000,2000,0,11700,11900,200,1.71,11664,11898,234,4.3,4.3,0.0,2026-W40,2026-W41
Stickman Parkour Skyland,https://poki.com/en/g/stickman-parkour-skyland,Art Industries,Platform Games,195600,195800,200,25000,25000,0,220600,220800,200,0.09,220649,220827,178,4.5,4.5,0.0,2026-W40,2026-W41
Rocket Clash 3D,https://poki.com/en/g/rocket-clash-3d,"behind Subway Clash 3D. Lead a troop of resistance fighters as you aim to reclaim a secret missile base! Play Rocket Clash 3D for free on Poki and keep an eye out for hidden weapons, health boosts, and more. And beware of the green goo - it will hurt you! Defeat the enemy to earn points and achievements. Controls: WASD - Move C - Crouch Space - Jump Tab - Bring up score table About the creator: Rocket Clash 3D is created by Andrew Panov. He is also the creator of Subway Clash 3D. Rating 4.5 updated Apr 2022 About this game controls WASD to move. C to crouch. Spacebar to jump. Tab to bring up the score table. Supported devices desktop, phone and tablet developer OOO Frivei Interaktiv",Shooting Games,157200,157300,100,20500,20600,100,177700,177900,200,0.11,177760,177892,132,4.5,4.5,0.0,2026-W40,2026-W41
3D City Racer,https://poki.com/en/g/3d-city-racer,Adoluxgames,Driving Games,284800,285000,200,38400,38400,0,323200,323400,200,0.06,323153,323391,238,4.5,4.5,0.0,2026-W40,2026-W41
BFF Math Class,https://poki.com/en/g/bff-math-class,Go Panda Games Studio,Beauty Games,30400,30600,200,7200,7200,0,37600,37800,200,0.53,37552,37802,250,4.2,4.2,0.0,2026-W40,2026-W41
Anycolor Horoscopes,https://poki.com/en/g/anycolor-horoscopes,Aniway,Decoration Games,93000,93200,200,25900,25900,0,118900,119100,200,0.17,118915,119171,256,4.1,4.1,0.0,2026-W40,2026-W41
Racing Rampage,https://poki.com/en/g/racing-rampage,9Lives Games,Racing Games,9700,9800,100,2200,2300,100,11900,12100,200,1.68,11961,12053,92,4.3,4.3,0.0,2026-W40,2026-W41
Buck Bounce,https://poki.com/en/g/buck-bounce,Slurpcanon,Brain Games,30400,30600,200,5400,5400,0,35800,36000,200,0.56,35837,36045,208,4.4,4.4,0.0,2026-W40,2026-W41
Summer Fashion Makeover,https://poki.com/en/g/summer-fashion-makeover,"studio based in South Surabaya, Indonesia. They have many other cute games on Poki: TicToc Summer Fashion , Tictoc KPOP Fashion , Funny Puppy Emergency , Yummy Taco , Funny Cooking Camp , Funny Camping Day , Funny Travelling Airport , Funny Throat Surgery 2 , Yummy Waffle Ice Cream , Cooking Korean Lesson , Funny Pet Haircut , funny-puppy-dressup, funny-kitty-dressup, Funny Nose Surgery , and Hipster vs Rockers How can I play Summer Fashion Makeover for free? You can play Summer Fashion Makeover for free on Poki. Can I play Summer Fashion Makeover on mobile devices and desktop? Summer Fashion Makeover can be played on your computer and mobile devices like phones and tablets. Rating 4.4 updated Aug 2022 About this game controls Mouse click or Tap on an outfit or accessory to put it on. Supported devices desktop, phone and tablet developer Go Panda Games Studio",Beauty Games,143600,143700,100,26800,26900,100,170400,170600,200,0.12,170419,170635,216,4.4,4.4,0.0,2026-W40,2026-W41
Lucky Life,https://poki.com/en/g/lucky-life,Gametornado,Skill Games,108600,108700,100,18100,18200,100,126700,126900,200,0.16,126761,126822,61,4.4,4.4,0.0,2026-W40,2026-W41
Sports Car Challenge,https://poki.com/en/g/sports-car-challenge,Blue Axis,Driving Games,162500,162700,200,25900,25900,0,188400,188600,200,0.11,188330,188561,231,4.5,4.5,0.0,2026-W40,2026-W41
Free Kick Shooter,https://poki.com/en/g/free-kick-shooter,Bekho Team,Sports Games,238800,238900,100,51800,51900,100,290600,290800,200,0.07,290669,290803,134,4.3,4.3,0.0,2026-W40,2026-W41
Marina Club Rush,https://poki.com/en/g/marina-club-rush,Xscape,Simulation Games,6600,6700,100,1400,1500,100,8000,8200,200,2.5,8052,8214,162,4.3,4.3,0.0,2026-W40,2026-W41
Horse Simulator 3D,https://poki.com/en/g/horse-simulator-3d,CyberGoldFinch,Simulation Games,383600,383800,200,50500,50500,0,434100,434300,200,0.05,434125,434318,193,4.5,4.5,0.0,2026-W40,2026-W41
Make Brainrots Online,https://poki.com/en/g/make-brainrots-online,AlexSo,Adventure Games,11100,11300,200,3200,3200,0,14300,14500,200,1.4,14268,14486,218,4.1,4.1,0.0,2026-W40,2026-W41
Planet Merge,https://poki.com/en/g/planet-merge,JMD,Skill Games,5500,5700,200,1300,1300,0,6800,7000,200,2.94,6727,6987,260,4.3,4.3,0.0,2026-W40,2026-W41
Fast Typer 2,https://poki.com/en/g/fast-typer-2,Eidosk,Skill Games,26800,27000,200,5900,5900,0,32700,32900,200,0.61,32743,32989,246,4.3,4.3,0.0,2026-W40,2026-W41
Swordtail,https://poki.com/en/g/swordtail,7Spot Games,Simulation Games,38800,39000,200,6400,6400,0,45200,45400,200,0.44,45181,45381,200,4.4,4.4,0.0,2026-W40,2026-W41
Idle Success,https://poki.com/en/g/idle-success,NoPowerup,Idle Games,186700,186900,200,26400,26400,0,213100,213300,200,0.09,213108,213250,142,4.5,4.5,0.0,2026-W40,2026-W41
11-11,https://poki.com/en/g/11-11,BuyHTML5,Puzzle Games,150100,150200,100,48800,48900,100,198900,199100,200,0.1,198975,199031,56,4.0,4.0,0.0,2026-W40,2026-W41
O Mandala!,https://poki.com/en/g/o-mandala,Oleksandr Ostapenko,Decoration Games,66900,67100,200,10700,10700,0,77600,77800,200,0.26,77584,77886,302,4.5,4.5,0.0,2026-W40,2026-W41
Become An Ear Doctor,https://poki.com/en/g/become-an-ear-doctor,Playtouch,Simulation Games,225600,225700,100,57000,57100,100,282600,282800,200,0.07,282581,282711,130,4.2,4.2,0.0,2026-W40,2026-W41
Time Clones,https://poki.com/en/g/time-clones,Robert Alvarez,Platform Games,84200,84300,100,32900,33000,100,117100,117300,200,0.17,117185,117330,145,3.9,3.9,0.0,2026-W40,2026-W41
Factory Balls Forever,https://poki.com/en/g/factory-balls-forever,Bonte Games,Puzzle Games,268000,268200,200,83100,83100,0,351100,351300,200,0.06,351102,351344,242,4.0,4.0,0.0,2026-W40,2026-W41
Monkey Mart,https://poki.com/en/g/monkey-mart,"who has created and released many games on Poki. Monkey Mart app Monkey Mart is also available to download on both iOS and Android devices. Games like Monkey Mart If you enjoy the calm-to-chaotic flow of Monkey Mart, there are other similar games where you run a place and upgrade it over time: In My Perfect Hotel , you run and expand a hotel by upgrading facilities and serving guests as the building grows busier over time. Manage a pizza restaurant staffed by cats in Cat Pizza . Here you balance cooking pizza for your cat customers while upgrading your restaurant. Gameplay video Rating 4.6 updated Mar 2026 Earn cash from customers and reinvest it to expand and improve your supermarket. Gallery Earn cash from customers and reinvest it to expand and improve your supermarket. Gallery About this game controls Mouse click the fullscreen button to enter fullscreen. Supported devices desktop, phone and tablet developer TinyDobbins",Simulation Games,3400000,3400000,0,406100,406300,200,3806100,3806300,200,0.01,3811088,3812940,1852,4.6,4.6,0.0,2026-W40,2026-W41
Cooking Fast Halloween,https://poki.com/en/g/cooking-fast-halloween,Increase Media,Simulation Games,99200,99300,100,28300,28400,100,127500,127700,200,0.16,127551,127690,139,4.1,4.1,0.0,2026-W40,2026-W41
Rodeo Stampede,https://poki.com/en/g/rodeo-stampede-savannah,Featherweight,Skill Games,622700,622900,200,70300,70300,0,693000,693200,200,0.03,693037,693291,254,4.6,4.6,0.0,2026-W40,2026-W41
Ludo Multiplayer,https://poki.com/en/g/ludo-multiplayer,Freak X Apps,Board Games,241500,241700,200,56100,56100,0,297600,297800,200,0.07,297544,297803,259,4.3,4.3,0.0,2026-W40,2026-W41
Crazy Cars,https://poki.com/en/g/crazy-cars,No Pressure Studios,Driving Games,1300000,1300000,0,255600,255800,200,1555600,1555800,200,0.01,1558430,1559781,1351,4.3,4.3,0.0,2026-W40,2026-W41
Bubble Tower,https://poki.com/en/g/bubble-tower,Being Gaming,Skill Games,7200,7400,200,2400,2400,0,9600,9800,200,2.08,9638,9823,185,4.0,4.0,0.0,2026-W40,2026-W41
Mophead Dash,https://poki.com/en/g/mophead-dash,Gametornado,Platform Games,72900,73100,200,10300,10300,0,83200,83400,200,0.24,83198,83437,239,4.5,4.5,0.0,2026-W40,2026-W41
Forgotten Hill: The Wardrobe 2,https://poki.com/en/g/forgotten-hill-the-wardrobe-2,FM Studio,Puzzle Games,69600,69800,200,24900,24900,0,94500,94700,200,0.21,94543,94729,186,4.0,4.0,0.0,2026-W40,2026-W41
Thumb Fighter,https://poki.com/en/g/thumb-fighter,Avix Games,Fighting Games,818600,818800,200,149400,149400,0,968000,968200,200,0.02,967973,968180,207,4.4,4.4,0.0,2026-W40,2026-W41
Wrassling,https://poki.com/en/g/wrassling,Colin Lane Games AB,Skill Games,551800,552000,200,106600,106600,0,658400,658600,200,0.03,658370,658621,251,4.3,4.3,0.0,2026-W40,2026-W41
100 Metres Race,https://poki.com/en/g/100-meters-race,Codethislab,Racing Games,63600,63800,200,15700,15700,0,79300,79500,200,0.25,79331,79507,176,4.2,4.2,0.0,2026-W40,2026-W41
Samurai Sam,https://poki.com/en/g/samurai-sam,Viseron,Action Games,6900,7100,200,1200,1200,0,8100,8300,200,2.47,8091,8280,189,4.4,4.4,0.0,2026-W40,2026-W41
Ellie and Ben: Date Night,https://poki.com/en/g/ellie-and-ben-date-night,Idea Studios,Beauty Games,271200,271300,100,79900,80000,100,351100,351300,200,0.06,351111,351273,162,4.1,4.1,0.0,2026-W40,2026-W41
Stickman Race,https://poki.com/en/g/stickman-race,WeLoPlay,Platform Games,28500,28600,100,5800,5900,100,34300,34500,200,0.58,34346,34475,129,4.3,4.3,0.0,2026-W40,2026-W41
Cube Builder,https://poki.com/en/g/cube-builder,"30.6K Like 6.7K Dislike Report a bug We’ll be back after this short break Preparing... MineFun.io Vectaria.io No Pain No Gain Build League Village Craft Tear Blocks Down Cube Miner Eat the world DIY Desk Designer Block Sandbox Planet Destruction Beardie Craft Survival Family Life Simulator Level Devil Limited Survive Fox Simulator 3D Survival Builder Backroom Bill Zombie Bounce Vero Life - Dress Up & Decor Woody Sort My Cozy Home Nail Salon Dragon Simulator 3D Decor Life Phone CASE DIY Blocky Universe Diva Hair Salon Escape From School Who Is? Build a Bud O Mandala! Lands of Blight Cozy Room Design Horse Simulator 3D Snake Vs Human Tribals.io Hide and Paint Street Slickers Magic Coloring Book Ogus EvoWorld io (FlyOrDie io) Steal a Brainrot Retro Bowl Drive Mad Subway Surfers Aquapark.io Slice Master Vortella's Dress Up Stickman Hook Hole.io Robo Cleaner Simulator Ragdoll Hit Speed Stars Car Circle Sword Masters Murder Adventure Games Block Games Survival Games Backrooms Games Farm Games 3D Games Decoration Games Arcade Games Fashion Games Games for Boys Games for Girls Driving Games Advertisement Advertisement Advertisement Games Decoration Games Cube Builder by Platonov Developer Cube Builder is a decoration game that lets students design structures in a 3D environment. Add blocks to build castles or towers, remove specific pieces with a hammer, and use paint buckets to color your creations. Show more Cube Builder is a simulation game where you gather resources to escape a desert island! Chop trees, mine stone, and craft steps to build awesome houses while defending yourself from invading zombie monsters. Sell your resources for cash, upgrade your skills, and get stronger and faster with every step. Can you survive, build, and find your way off the island? How to play Cube Builder? Use WASD, arrow keys, or the joystick to move. Who created Cube Builder? Cube Builder is created by Platonov Developer. Play their other games on Poki: Digger Escape and Cube Miner ! How can I play Cube Builder for free? You can play Cube Builder for free on Poki. Can I play Cube Builder on mobile devices and desktop? Cube Builder can be played on your computer and mobile devices like phones and tablets. Rating 4.3 updated Oct 2025 About this game controls Use W, A, S, D or Up arrow, Down arrow, Left arrow, Right arrow to move. Supported devices desktop, phone and tablet developer Platonov Developer",Decoration Games,30500,30600,100,6600,6700,100,37100,37300,200,0.54,37138,37291,153,4.3,4.3,0.0,2026-W40,2026-W41
Funny Haircut,https://poki.com/en/g/funny-haircut,"studio based in South Surabaya, Indonesia. They have many hilarious games like funny-rescue-carpenter, funny-rescue-gardener, Funny Hair Salon , funny-pet-rescue, Funny Nose Surgery , and funny-rescue-zookeeper. They also have the educational cooking game Cooking Korean Lesson and the one-and-only Hipster vs Rockers for fashion fans. Play them all for free on Poki ! Rating 4.3 updated Mar 2023 About this game controls Use your mouse cursor to select, drag and move your equipment. Supported devices desktop, phone and tablet developer Go Panda Games Studio",Beauty Games,484900,485100,200,96000,96000,0,580900,581100,200,0.03,580944,581139,195,4.3,4.3,0.0,2026-W40,2026-W41
Draw Wire,https://poki.com/en/g/draw-wire,OSA Studio,Puzzle Games,72900,73100,200,16900,16900,0,89800,90000,200,0.22,89841,90028,187,4.3,4.3,0.0,2026-W40,2026-W41
Doctor Hero,https://poki.com/en/g/doctor-hero,Fomo Games,Simulation Games,477300,477400,100,102500,102600,100,579800,580000,200,0.03,579864,580013,149,4.3,4.3,0.0,2026-W40,2026-W41
Casual Chess,https://poki.com/en/g/casual-chess,MarketJS,Board Games,73700,73900,200,15400,15400,0,89100,89300,200,0.22,89094,89266,172,4.3,4.3,0.0,2026-W40,2026-W41
Fishing League,https://poki.com/en/g/fishing-league,OnRush Studio,Simulation Games,28400,28500,100,7000,7100,100,35400,35600,200,0.56,35464,35530,66,4.2,4.2,0.0,2026-W40,2026-W41
Tree House Maker,https://poki.com/en/g/tree-house-maker,Rising Pixel,Decoration Games,74500,74700,200,15100,15100,0,89600,89800,200,0.22,89549,89737,188,4.3,4.3,0.0,2026-W40,2026-W41
Killer Snake,https://poki.com/en/g/killer-snake,Gamerce,Skill Games,125100,125300,200,26800,26800,0,151900,152100,200,0.13,151881,152088,207,4.3,4.3,0.0,2026-W40,2026-W41
School's Out,https://poki.com/en/g/schools-out-the-great-escape,ZnK Games,Platform Games,36100,36300,200,10000,10000,0,46100,46300,200,0.43,46103,46263,160,4.1,4.1,0.0,2026-W40,2026-W41
Morph Balls,https://poki.com/en/g/morph-balls,Invent4.com,Skill Games,27100,27200,100,6000,6100,100,33100,33300,200,0.6,33145,33262,117,4.3,4.3,0.0,2026-W40,2026-W41
Rio Rex,https://poki.com/en/g/rio-rex,Gametornado,Platform Games,1100000,1100000,0,200000,200200,200,1300000,1300200,200,0.02,1296373,1297587,1214,4.4,4.4,0.0,2026-W40,2026-W41
Draw To Smash: Logic Puzzle,https://poki.com/en/g/draw-to-smash-logic-puzzle,HYPERCELL,Brain Games,220700,220900,200,44800,44800,0,265500,265700,200,0.08,265460,265746,286,4.3,4.3,0.0,2026-W40,2026-W41
Animal Arena,https://poki.com/en/g/animal-arena,Adventure Islands,Fighting Games,85700,85900,200,16100,16100,0,101800,102000,200,0.2,101792,102004,212,4.4,4.4,0.0,2026-W40,2026-W41
Your Love Calculator,https://poki.com/en/g/your-love-calculator,Idea Studios,Simulation Games,73500,73600,100,17200,17300,100,90700,90900,200,0.22,90719,90883,164,4.2,4.2,0.0,2026-W40,2026-W41
Blockpost Legacy,https://poki.com/en/g/blockpost-legacy,Skullcap Studios,Shooting Games,130900,131000,100,23400,23500,100,154300,154500,200,0.13,154296,154461,165,4.4,4.4,0.0,2026-W40,2026-W41
Yummy Hotdog,https://poki.com/en/g/yummy-hotdog,Go Panda Games Studio,Simulation Games,160700,160800,100,32500,32600,100,193200,193400,200,0.1,193259,193329,70,4.3,4.3,0.0,2026-W40,2026-W41
Moving Blocks,https://poki.com/en/g/moving-blocks,Delfino,Puzzle Games,7900,8000,100,1300,1400,100,9200,9400,200,2.17,9216,9339,123,4.4,4.4,0.0,2026-W40,2026-W41
Mad Cars Racing and Crash,https://poki.com/en/g/mad-cars-racing-and-crash,AYN-Games,Racing Games,106700,106800,100,22400,22500,100,129100,129300,200,0.15,129133,129303,170,4.3,4.3,0.0,2026-W40,2026-W41
Shark.io,https://poki.com/en/g/sharkio,PEGASUS,Skill Games,203500,203700,200,49300,49300,0,252800,253000,200,0.08,252714,253007,293,4.2,4.2,0.0,2026-W40,2026-W41
Crazy Bikes,https://poki.com/en/g/crazy-bikes,No Pressure Studios,Driving Games,157600,157800,200,31600,31600,0,189200,189400,200,0.11,189191,189480,289,4.3,4.3,0.0,2026-W40,2026-W41
Upwarp,https://poki.com/en/g/upwarp,Robert Alvarez,Platform Games,17600,17700,100,9700,9800,100,27300,27500,200,0.73,27314,27500,186,3.6,3.6,0.0,2026-W40,2026-W41
Kiwi Clicker,https://poki.com/en/g/kiwi-clicker,Tobspr,Idle Games,148600,148700,100,33600,33700,100,182200,182400,200,0.11,182184,182426,242,4.3,4.3,0.0,2026-W40,2026-W41
Zombie Outbreak Arena,https://poki.com/en/g/zombie-outbreak-arena,Gökhan Tarcan,Action Games,86900,87100,200,12500,12500,0,99400,99600,200,0.2,99459,99604,145,4.5,4.5,0.0,2026-W40,2026-W41
Onet Master,https://poki.com/en/g/onet-master,Potato Jam,Brain Games,168800,168900,100,54000,54100,100,222800,223000,200,0.09,222774,223070,296,4.0,4.0,0.0,2026-W40,2026-W41
Eugene's Life,https://poki.com/en/g/eugenes-life,Gametornado,Platform Games,287900,288100,200,50200,50200,0,338100,338300,200,0.06,338132,338271,139,4.4,4.4,0.0,2026-W40,2026-W41
Rooftop Snipers,https://poki.com/en/g/rooftop-snipers,Neweichgames,Skill Games,616500,616700,200,155700,155700,0,772200,772400,200,0.03,772168,772395,227,4.2,4.2,0.0,2026-W40,2026-W41
Fury Warship,https://poki.com/en/g/fury-warship,Devoting,Battle Royale Games,54400,54600,200,15300,15300,0,69700,69900,200,0.29,69629,69921,292,4.1,4.1,0.0,2026-W40,2026-W41
Tiles master,https://poki.com/en/g/tiles-master,Tuki Tuki Games,Puzzle Games,16800,16900,100,3300,3400,100,20100,20300,200,1.0,20151,20219,68,4.3,4.3,0.0,2026-W40,2026-W41
Tiny Towers,https://poki.com/en/g/tiny-towers,Puya,Strategy Games,55200,55400,200,5500,5500,0,60700,60900,200,0.33,60685,60850,165,4.6,4.6,0.0,2026-W40,2026-W41
Funny Kitty Care,https://poki.com/en/g/funny-kitty-care,"studio based in South Surabaya, Indonesia. They have many other cute games on Poki: Tictoc KPOP Fashion , Funny Puppy Emergency , Yummy Taco , Funny Cooking Camp , Funny Camping Day , Funny Travelling Airport , Funny Throat Surgery 2 , Yummy Waffle Ice Cream , Cooking Korean Lesson , Funny Pet Haircut , funny-puppy-dressup, funny-kitty-dressup, Funny Nose Surgery , and Hipster vs Rockers How can I play Funny Kitty Care for free? You can play Funny Kitty Care for free on Poki. Can I play Funny Kitty Care on mobile devices and desktop? Funny Kitty Care can be played on your computer and mobile devices like phones and tablets. Rating 4.4 updated Mar 2023 About this game controls Mouse click or tap to pick up an item. Drag an item to use it. Supported devices desktop, phone and tablet developer Go Panda Games Studio",Simulation Games,108700,108900,200,19300,19300,0,128000,128200,200,0.16,127996,128143,147,4.4,4.4,0.0,2026-W40,2026-W41
Poor Eddie,https://poki.com/en/g/poor-eddie,Gametornado,Platform Games,173100,173300,200,32299,32299,0,205399,205599,200,0.1,205424,205634,210,4.4,4.4,0.0,2026-W40,2026-W41
Parkour Race,https://poki.com/en/g/parkour-race,Madbox,Skill Games,1300000,1300000,0,314300,314500,200,1614300,1614500,200,0.01,1569480,1570377,897,4.2,4.2,0.0,2026-W40,2026-W41
Bunny Miner,https://poki.com/en/g/bunny-miner,Angelo Studio,Simulation Games,7300,7400,100,1300,1400,100,8600,8800,200,2.33,8691,8747,56,4.4,4.4,0.0,2026-W40,2026-W41
Dino Miner,https://poki.com/en/g/dino-miner,monoinyo,Adventure Games,14100,14200,100,2100,2200,100,16200,16400,200,1.23,16252,16328,76,4.5,4.5,0.0,2026-W40,2026-W41
Papa's Donuteria,https://poki.com/en/g/papas-donuteria,Flipline Studios,Simulation Games,77400,77600,200,9700,9700,0,87100,87300,200,0.23,87055,87361,306,4.5,4.5,0.0,2026-W40,2026-W41
Temple Run,https://poki.com/en/g/temple-run,Imangi Studios,Skill Games,57200,57400,200,13800,13800,0,71000,71200,200,0.28,70952,71265,313,4.2,4.2,0.0,2026-W40,2026-W41
Mine and Dig,https://poki.com/en/g/mine-and-dig,Sablo Studio,Simulation Games,11200,11300,100,2600,2700,100,13800,14000,200,1.45,13843,13962,119,4.2,4.2,0.0,2026-W40,2026-W41
Just Park It 11,https://poki.com/en/g/just-park-it-11,Brain Software,Driving Games,82600,82800,200,14500,14500,0,97100,97300,200,0.21,97110,97328,218,4.4,4.4,0.0,2026-W40,2026-W41
Merge Arena,https://poki.com/en/g/merge-arena,EasyCats,Idle Games,461700,461900,200,69700,69700,0,531400,531600,200,0.04,531381,531621,240,4.5,4.5,0.0,2026-W40,2026-W41
Pull the String,https://poki.com/en/g/pull-the-string,ZnK Games,Puzzle Games,49000,49200,200,10000,10000,0,59000,59200,200,0.34,59044,59250,206,4.3,4.3,0.0,2026-W40,2026-W41
Festival Vibes Makeup,https://poki.com/en/g/festival-vibes-makeup,Gamerina,Beauty Games,66200,66400,200,14500,14500,0,80700,80900,200,0.25,80756,80910,154,4.3,4.3,0.0,2026-W40,2026-W41
3D Car Simulator,https://poki.com/en/g/3d-car-simulator,Faramel games,Driving Games,1100000,1100000,0,167000,167200,200,1267000,1267200,200,0.02,1304273,1305394,1121,4.5,4.5,0.0,2026-W40,2026-W41
Monsters' Wheels Special,https://poki.com/en/g/monsters-wheels-special,Smokoko,Racing Games,54500,54600,100,12800,12900,100,67300,67500,200,0.3,67376,67406,30,4.2,4.2,0.0,2026-W40,2026-W41
Hero VS Criminal,https://poki.com/en/g/hero-vs-criminal,StoreRider,Skill Games,8700,8800,100,1300,1400,100,10000,10200,200,2.0,9992,10197,205,4.5,4.5,0.0,2026-W40,2026-W41
Moto Trial Racing 2,https://poki.com/en/g/moto-trial-racing-2,Brain Software,Racing Games,93300,93400,100,15700,15800,100,109000,109200,200,0.18,109082,109182,100,4.4,4.4,0.0,2026-W40,2026-W41
Grow My Farm,https://poki.com/en/g/grow-my-farm,emolingo games,Simulation Games,56800,57000,200,11600,11600,0,68400,68600,200,0.29,68431,68587,156,4.3,4.3,0.0,2026-W40,2026-W41
Short Life 2,https://poki.com/en/g/short-life-2,Gametornado,Platform Games,392000,392200,200,54300,54300,0,446300,446500,200,0.04,446330,446557,227,4.5,4.5,0.0,2026-W40,2026-W41
Meme Madness,https://poki.com/en/g/meme-madness,Ercin,Brain Games,34200,34400,200,12000,12000,0,46200,46400,200,0.43,46238,46414,176,4.0,4.0,0.0,2026-W40,2026-W41
Shadow Trick,https://poki.com/en/g/shadow-trick,Neutronized,Platform Games,26900,27000,100,4100,4200,100,31000,31200,200,0.65,31014,31153,139,4.5,4.5,0.0,2026-W40,2026-W41
Penalty Kicks,https://poki.com/en/g/penalty-kicks,Codethislab,Sports Games,90000,90200,200,15300,15300,0,105300,105500,200,0.19,105285,105445,160,4.4,4.4,0.0,2026-W40,2026-W41
Battle Golf,https://poki.com/en/g/battle-golf,Colin Lane Games AB,Sports Games,35600,35700,100,8800,8900,100,44400,44600,200,0.45,44471,44539,68,4.2,4.2,0.0,2026-W40,2026-W41
Jumpossess,https://poki.com/en/g/jumpossess,Robert Alvarez,Platform Games,49600,49700,100,21600,21700,100,71200,71400,200,0.28,71207,71476,269,3.8,3.8,0.0,2026-W40,2026-W41
Funny Dentist Surgery,https://poki.com/en/g/funny-dentist-surgery,Go Panda Games Studio,Simulation Games,212700,212900,200,42800,42800,0,255500,255700,200,0.08,255419,255739,320,4.3,4.3,0.0,2026-W40,2026-W41
Bossy Toss,https://poki.com/en/g/bossy-toss,No Pressure Studios,Arcade Games,358900,359000,100,67900,68000,100,426800,427000,200,0.05,426839,426963,124,4.4,4.4,0.0,2026-W40,2026-W41
Scary Teacher PlayTime Adventure,https://poki.com/en/g/scary-teacher-playtime-adventure,ZnK Games,Simulation Games,28900,29100,200,7100,7100,0,36000,36200,200,0.56,35917,36215,298,4.2,4.2,0.0,2026-W40,2026-W41
Brain Test 3: Tricky Quests,https://poki.com/en/g/brain-test-3-tricky-quests,Unico Studio,Brain Games,257700,257899,199,53300,53300,0,311000,311199,199,0.06,310967,311222,255,4.3,4.3,0.0,2026-W40,2026-W41
Draw Cat,https://poki.com/en/g/draw-cat,usaya,Puzzle Games,425,613,188,38,48,10,463,661,198,42.76,463,661,198,4.7,4.7,0.0,2026-W40,2026-W41
Ragdoll Bonk,https://poki.com/en/g/ragdoll-bonk,LongStar,Fighting Games,698,861,163,103,127,24,801,988,187,23.35,801,988,187,4.5,4.5,0.0,2026-W40,2026-W41
Tiny Sticker Town,https://poki.com/en/g/tiny-sticker-town,Clap Clap Games,Decoration Games,1400,1500,100,582,617,35,1982,2117,135,6.81,2022,2153,131,3.9,3.9,0.0,2026-W40,2026-W41
Flip Pounce,https://poki.com/en/g/flip-pounce,Finz Games,Skill Games,3300,3400,100,625,656,31,3925,4056,131,3.34,3880,4044,164,4.4,4.3,-0.1,2026-W40,2026-W41
Travel Merge,https://poki.com/en/g/travel-merge,Potato Jam,Puzzle Games,2700,2800,100,701,732,31,3401,3532,131,3.85,3354,3524,170,4.2,4.2,0.0,2026-W40,2026-W41
20f8,https://poki.com/en/g/20f8,Seal Unicorn Games,Puzzle Games,1800,1900,100,411,436,25,2211,2336,125,5.65,2239,2379,140,4.3,4.3,0.0,2026-W40,2026-W41
Cuboy Adventure,https://poki.com/en/g/cuboy-adventure,Andgo Games,Platform Games,3500,3600,100,874,898,24,4374,4498,124,2.83,4420,4531,111,4.2,4.2,0.0,2026-W40,2026-W41
Ball vs Block,https://poki.com/en/g/ball-vs-block,Kuyi Mobile,Arcade Games,5600,5700,100,939,958,19,6539,6658,119,1.82,6507,6690,183,4.4,4.4,0.0,2026-W40,2026-W41
Merge Blast,https://poki.com/en/g/merge-blast,Kimchi Soup Studios,Idle Games,840,936,96,136,159,23,976,1095,119,12.19,976,1095,119,4.4,4.4,0.0,2026-W40,2026-W41
Clean The Roof,https://poki.com/en/g/clean-the-roof,StoreRider,Action Games,1400,1500,100,279,298,19,1679,1798,119,7.09,1724,1829,105,4.3,4.3,0.0,2026-W40,2026-W41
Snacky Snake,https://poki.com/en/g/snacky-snake,Raketspel,Brain Games,4000,4100,100,910,926,16,4910,5026,116,2.36,4918,5001,83,4.3,4.3,0.0,2026-W40,2026-W41
Snow Train Odyssey,https://poki.com/en/g/snow-train-odyssey,StoreRider,Adventure Games,1400,1500,100,255,271,16,1655,1771,116,7.01,1649,1724,75,4.4,4.4,0.0,2026-W40,2026-W41
Sandbox of Elements,https://poki.com/en/g/sandbox-of-elements,Flagwin,Puzzle Games,2800,2900,100,411,423,12,3211,3323,112,3.49,3199,3315,116,4.5,4.5,0.0,2026-W40,2026-W41
Sushi Situation,https://poki.com/en/g/sushi-situation,Delfino,Puzzle Games,3200,3300,100,612,622,10,3812,3922,110,2.89,3829,3899,70,4.4,4.4,0.0,2026-W40,2026-W41
SuperWEIRD,https://poki.com/en/g/superweird,Luden IO,Adventure Games,4100,4200,100,906,916,10,5006,5116,110,2.2,5047,5099,52,4.3,4.3,0.0,2026-W40,2026-W41
Blocks Fusion,https://poki.com/en/g/blocks-fusion,GeTech,Puzzle Games,1700,1800,100,806,813,7,2506,2613,107,4.27,2554,2574,20,3.7,3.7,0.0,2026-W40,2026-W41
Pizza Planet,https://poki.com/en/g/pizza-planet,FM Studio,Simulation Games,1900,2000,100,607,613,6,2507,2613,106,4.23,2550,2572,22,4.0,4.0,0.0,2026-W40,2026-W41
Dummies Fight,https://poki.com/en/g/dummies-fight,Dinobros,Fighting Games,1300,1400,100,312,317,5,1612,1717,105,6.51,1652,1670,18,4.2,4.2,0.0,2026-W40,2026-W41
Porki Poke,https://poki.com/en/g/porki-poke,Dinobros,Simulation Games,3100,3200,100,599,604,5,3699,3804,105,2.84,3742,3762,20,4.4,4.4,0.0,2026-W40,2026-W41
Wheat Clicker,https://poki.com/en/g/wheat-clicker,We Ballin Studios,Idle Games,4900,5000,100,843,847,4,5743,5847,104,1.81,5775,5802,27,4.4,4.4,0.0,2026-W40,2026-W41
Papa Louie 2,https://poki.com/en/g/papa-louie-2,Flipline Studios,Platform Games,10200,10300,100,609,613,4,10809,10913,104,0.96,10819,10960,141,4.8,4.8,0.0,2026-W40,2026-W41
In The Doghouse,https://poki.com/en/g/in-the-doghouse,Nitrome,Puzzle Games,4100,4200,100,934,938,4,5034,5138,104,2.07,5054,5091,37,4.3,4.3,0.0,2026-W40,2026-W41
Papa Louie 3,https://poki.com/en/g/papa-louie-3,Flipline Studios,Platform Games,9600,9700,100,637,640,3,10237,10340,103,1.01,10271,10384,113,4.8,4.8,0.0,2026-W40,2026-W41
4th and Goal 2026,https://poki.com/en/g/4th-and-goal-2026,Glowmonkey,Sports Games,2500,2600,100,204,206,2,2704,2806,102,3.77,2666,2765,99,4.7,4.7,0.0,2026-W40,2026-W41
Astro Rancher,https://poki.com/en/g/astro-rancher,monoinyo,Adventure Games,4400,4500,100,627,629,2,5027,5129,102,2.03,5057,5102,45,4.5,4.5,0.0,2026-W40,2026-W41
Detective Loupe Puzzle 2,https://poki.com/en/g/detective-loupe-puzzle-2,10x10Games,Brain Games,2800,2900,100,806,807,1,3606,3707,101,2.8,3649,3663,14,4.1,4.1,0.0,2026-W40,2026-W41
Bad Ice-Cream 3,https://poki.com/en/g/bad-ice-cream-3,Nitrome,Arcade Games,520799,520900,101,69200,69200,0,589999,590100,101,0.02,589928,590137,209,4.5,4.5,0.0,2026-W40,2026-W41
Tower Emoji Defense,https://poki.com/en/g/tower-emoji-defense,pgs1000,Strategy Games,5200,5300,100,625,626,1,5825,5926,101,1.73,5852,5883,31,4.6,4.6,0.0,2026-W40,2026-W41
Tricky Witch,https://poki.com/en/g/tricky-witch,eddynardo,Puzzle Games,2100,2200,100,406,407,1,2506,2607,101,4.03,2553,2563,10,4.4,4.4,0.0,2026-W40,2026-W41
Stupidella 1,https://poki.com/en/g/stupidella-1,stupidella,Puzzle Games,53300,53400,100,11900,11900,0,65200,65300,100,0.15,65194,65296,102,4.3,4.3,0.0,2026-W40,2026-W41
Nugget Royale,https://poki.com/en/g/nuggetroyale-io,Pelican Party Studios,Battle Royale Games,105200,105300,100,28000,28000,0,133200,133300,100,0.08,133248,133295,47,4.2,4.2,0.0,2026-W40,2026-W41
Prismo Coloring,https://poki.com/en/g/prismo-coloring,illusivegames,Decoration Games,89800,89900,100,27000,27000,0,116800,116900,100,0.09,116735,116970,235,4.1,4.1,0.0,2026-W40,2026-W41
Human Bullet Gun,https://poki.com/en/g/human-bullet-gun,Invent4.com,Shooting Games,7600,7700,100,1600,1600,0,9200,9300,100,1.09,9252,9287,35,4.3,4.3,0.0,2026-W40,2026-W41
Drive Freedom,https://poki.com/en/g/drive-freedom,David Evans,Driving Games,13100,13200,100,3300,3300,0,16400,16500,100,0.61,16414,16434,20,4.2,4.2,0.0,2026-W40,2026-W41
Cover Orange,https://poki.com/en/g/cover-orange,Johnny-K,Brain Games,42200,42300,100,12800,12800,0,55000,55100,100,0.18,55013,55055,42,4.1,4.1,0.0,2026-W40,2026-W41
Merge Cakes,https://poki.com/en/g/merge-cakes,Ravalmatic,Puzzle Games,338500,338600,100,72700,72700,0,411200,411300,100,0.02,411184,411268,84,4.3,4.3,0.0,2026-W40,2026-W41
Jumping Clones,https://poki.com/en/g/jumping-clones,Robert Alvarez,Platform Games,39000,39100,100,17300,17300,0,56300,56400,100,0.18,56347,56373,26,3.8,3.8,0.0,2026-W40,2026-W41
Perfect Peel,https://poki.com/en/g/perfect-peel,Fomo Games,Skill Games,404200,404300,100,64099,64099,0,468299,468399,100,0.02,468358,468444,86,4.5,4.5,0.0,2026-W40,2026-W41
Papa's Bakeria,https://poki.com/en/g/papas-bakeria,Flipline Studios,Simulation Games,112800,112900,100,14300,14300,0,127100,127200,100,0.08,127068,127261,193,4.5,4.5,0.0,2026-W40,2026-W41
Mafia Wars,https://poki.com/en/g/mafia-wars,Beedo Games,Shooting Games,96800,96900,100,15700,15700,0,112500,112600,100,0.09,112500,112537,37,4.4,4.4,0.0,2026-W40,2026-W41
School Escape!,https://poki.com/en/g/school-escape-skip-games,ZnK Games,Escape Games,135200,135300,100,24400,24400,0,159600,159700,100,0.06,159551,159724,173,4.4,4.4,0.0,2026-W40,2026-W41
Snakes and Ladders,https://poki.com/en/g/snakes-and-ladders,Codethislab,Board Games,86000,86100,100,27900,27900,0,113900,114000,100,0.09,113890,113971,81,4.0,4.0,0.0,2026-W40,2026-W41
Clash of Tanks,https://poki.com/en/g/clash-of-tanks,Beedo Games,Strategy Games,327300,327400,100,51500,51500,0,378800,378900,100,0.03,378848,378970,122,4.5,4.5,0.0,2026-W40,2026-W41
Yummy Chocolate Factory,https://poki.com/en/g/yummy-chocolate-factory,"studio based in South Surabaya, Indonesia. They have many other cute games on Poki : Funny Kitty Haircut , TicToc Summer Fashion , Tictoc KPOP Fashion , Funny Puppy Emergency , Yummy Taco , Funny Cooking Camp , Funny Camping Day , Funny Travelling Airport , Funny Throat Surgery 2 , Yummy Waffle Ice Cream , Cooking Korean Lesson , Funny Pet Haircut , funny-puppy-dressup, funny-kitty-dressup, Funny Nose Surgery , and Hipster vs Rockers How can I play Yummy Chocolate Factory for free? You can play Yummy Chocolate Factory for free on Poki. Can I play Yummy Chocolate Factory on mobile devices and desktop? Yummy Chocolate Factory can be played on your computer and mobile devices like phones and tablets. Rating 4.3 updated Aug 2022 About this game controls Mouse click to interact with objects. Tap or drag to use an object. Supported devices desktop, phone and tablet developer Go Panda Games Studio",Simulation Games,28300,28400,100,6200,6200,0,34500,34600,100,0.29,34578,34605,27,4.3,4.3,0.0,2026-W40,2026-W41
Cafe Bara,https://poki.com/en/g/cafe-bara,Kuyi Mobile,Simulation Games,17700,17800,100,2200,2200,0,19900,20000,100,0.5,19930,20011,81,4.5,4.5,0.0,2026-W40,2026-W41
Magikmon,https://poki.com/en/g/magikmon,Ravalmatic,Adventure Games,190400,190500,100,23800,23800,0,214200,214300,100,0.05,214215,214333,118,4.6,4.6,0.0,2026-W40,2026-W41
Nonogram,https://poki.com/en/g/nonogram,WeDoYouPlay,Brain Games,26600,26700,100,8400,8400,0,35000,35100,100,0.29,34975,35139,164,4.0,4.0,0.0,2026-W40,2026-W41
Grass Cutter,https://poki.com/en/g/grass-cutter,Kodachi Games,Simulation Games,26200,26300,100,5300,5300,0,31500,31600,100,0.32,31437,31543,106,4.3,4.3,0.0,2026-W40,2026-W41
Gym Masters,https://poki.com/en/g/gym-masters,Lampogolovii,Sports Games,13200,13300,100,2300,2300,0,15500,15600,100,0.65,15519,15559,40,4.4,4.4,0.0,2026-W40,2026-W41
Forgotten Hill: Puppeteer,https://poki.com/en/g/forgotten-hill-puppeteer-html5,FM Studio,Brain Games,51000,51100,100,16900,16900,0,67900,68000,100,0.15,67980,68084,104,4.0,4.0,0.0,2026-W40,2026-W41
Day of Meat,https://poki.com/en/g/day-of-meat,Lampogolovii,Skill Games,92600,92700,100,19100,19100,0,111700,111800,100,0.09,111761,111808,47,4.3,4.3,0.0,2026-W40,2026-W41
Hockey Taka,https://poki.com/en/g/hockey-taka,KHeneidy,Sports Games,21400,21500,100,3200,3200,0,24600,24700,100,0.41,24534,24647,113,4.5,4.5,0.0,2026-W40,2026-W41
Raft Wars Multiplayer,https://poki.com/en/g/raft-wars-multiplayer,Martijn Kunst,Shooting Games,860700,860800,100,144000,144000,0,1004700,1004800,100,0.01,1004726,1004841,115,4.4,4.4,0.0,2026-W40,2026-W41
Roly-Poly Monsters,https://poki.com/en/g/roly-poly-monsters,Johnny-K,Shooting Games,86700,86800,100,17100,17100,0,103800,103900,100,0.1,103827,103925,98,4.3,4.3,0.0,2026-W40,2026-W41
Orange,https://poki.com/en/g/orange,Bonte Games,Puzzle Games,7300,7400,100,2500,2500,0,9800,9900,100,1.02,9808,9830,22,4.0,4.0,0.0,2026-W40,2026-W41
Senya and Oscar 2,https://poki.com/en/g/senya-and-oscar-2,Dennatolich,Fighting Games,97400,97500,100,9900,9900,0,107300,107400,100,0.09,107269,107427,158,4.6,4.6,0.0,2026-W40,2026-W41
Idle Spinner Factory Builder,https://poki.com/en/g/idle-spinner-factory-builder,Airapport,Idle Games,15100,15200,100,1800,1800,0,16900,17000,100,0.59,16850,17002,152,4.6,4.6,0.0,2026-W40,2026-W41
One Line Draw,https://poki.com/en/g/one-line-draw,Unico Studio,Brain Games,15100,15200,100,3300,3300,0,18400,18500,100,0.54,18350,18469,119,4.3,4.3,0.0,2026-W40,2026-W41
Squad Goals,https://poki.com/en/g/squad-goals,Prune Games,Sports Games,47500,47600,100,10700,10700,0,58200,58300,100,0.17,58183,58309,126,4.3,4.3,0.0,2026-W40,2026-W41
Undead Slayer,https://poki.com/en/g/undead-slayer,ANV Games,Action Games,6400,6500,100,1200,1200,0,7600,7700,100,1.32,7609,7750,141,4.4,4.4,0.0,2026-W40,2026-W41
Rodeo Stampede Tundra,https://poki.com/en/g/rodeo-stampede-tundra,Featherweight,Skill Games,118500,118600,100,12400,12400,0,130900,131000,100,0.08,130955,131012,57,4.6,4.6,0.0,2026-W40,2026-W41
Fortz,https://poki.com/en/g/fortz,Colin Lane Games AB,Shooting Games,216200,216300,100,38200,38200,0,254400,254500,100,0.04,254348,254499,151,4.4,4.4,0.0,2026-W40,2026-W41
Become a Fashion Designer,https://poki.com/en/g/become-a-fashion-designer,Playtouch,Beauty Games,503000,503100,100,70000,70000,0,573000,573100,100,0.02,573015,573112,97,4.5,4.5,0.0,2026-W40,2026-W41
Grandma's Delicious Cakes,https://poki.com/en/g/grandmas-delicious-cakes,FM Studio,Puzzle Games,24700,24800,100,9400,9400,0,34100,34200,100,0.29,34164,34205,41,3.9,3.9,0.0,2026-W40,2026-W41
Dunkbrush,https://poki.com/en/g/dunkbrush,BuyHTML5,Brain Games,96900,96900,0,23600,23700,100,120500,120600,100,0.08,120543,120591,48,4.2,4.2,0.0,2026-W40,2026-W41
Crazy Pig Simulator,https://poki.com/en/g/crazy-pig-simulator,CyberGoldFinch,Simulation Games,84300,84400,100,12200,12200,0,96500,96600,100,0.1,96526,96563,37,4.5,4.5,0.0,2026-W40,2026-W41
Funny Rescue Sumo,https://poki.com/en/g/funny-rescue-sumo,Go Panda Games Studio,Simulation Games,4800,4800,0,2000,2100,100,6800,6900,100,1.47,6859,6893,34,3.8,3.8,0.0,2026-W40,2026-W41
Survival Island,https://poki.com/en/g/survival-island,Panda Pasha Games,Adventure Games,33800,33900,100,5800,5800,0,39600,39700,100,0.25,39595,39650,55,4.4,4.4,0.0,2026-W40,2026-W41
Roller,https://poki.com/en/g/roller,Fancade,Platform Games,12900,13000,100,1300,1300,0,14200,14300,100,0.7,14209,14289,80,4.6,4.6,0.0,2026-W40,2026-W41
Yummy Cupcake,https://poki.com/en/g/yummy-cupcake,"studio based in South Surabaya, Indonesia. They have many other cute games on Poki : Funny Kitty Haircut , TicToc Summer Fashion , Tictoc KPOP Fashion , Funny Puppy Emergency , Yummy Taco , Funny Cooking Camp , Funny Camping Day , Funny Travelling Airport , Funny Throat Surgery 2 , Yummy Waffle Ice Cream , Cooking Korean Lesson , Funny Pet Haircut , funny-puppy-dressup, funny-kitty-dressup, Funny Nose Surgery , and Hipster vs Rockers How can I play Yummy Cupcake for free? You can play Yummy Cupcake for free on Poki. Can I play Yummy Cupcake on mobile devices and desktop? Yummy Cupcake can be played on your computer and mobile devices like phones and tablets. Rating 3.8 updated Jan 2023 About this game controls Mouse click or tap to equip a dessert or kitchen tool. Tap or drag to use it. Supported devices desktop, phone and tablet developer Go Panda Games Studio",Simulation Games,118900,119000,100,51200,51200,0,170100,170200,100,0.06,170067,170239,172,3.8,3.8,0.0,2026-W40,2026-W41
Beecoins Inc,https://poki.com/en/g/beecoins-inc,Avix Games,Idle Games,34500,34600,100,8700,8700,0,43200,43300,100,0.23,43225,43229,4,4.2,4.2,0.0,2026-W40,2026-W41
Sweet And Fruity Makeup,https://poki.com/en/g/sweet-and-fruity-makeup,Gamerina,Beauty Games,37500,37600,100,8200,8200,0,45700,45800,100,0.22,45674,45828,154,4.3,4.3,0.0,2026-W40,2026-W41
It's Story Time!,https://poki.com/en/g/its-story-time,Sakkat Studio,Brain Games,254100,254200,100,54700,54700,0,308800,308900,100,0.03,308746,308853,107,4.3,4.3,0.0,2026-W40,2026-W41
Thumb Fighter Christmas,https://poki.com/en/g/thumb-fighter-christmas,Avix Games,Fighting Games,225400,225500,100,33900,33900,0,259300,259400,100,0.04,259242,259350,108,4.5,4.5,0.0,2026-W40,2026-W41
Detective Loupe Puzzle,https://poki.com/en/g/detective-loupe-puzzle,10x10games,Brain Games,102900,103000,100,24600,24600,0,127500,127600,100,0.08,127484,127596,112,4.2,4.2,0.0,2026-W40,2026-W41
Base Defense,https://poki.com/en/g/base-defense,Beedo Games,Strategy Games,167400,167500,100,24000,24000,0,191400,191500,100,0.05,191454,191493,39,4.5,4.5,0.0,2026-W40,2026-W41
Rowdy Wrestling,https://poki.com/en/g/rowdy-wrestling,Colin Lane Games AB,Fighting Games,387000,387100,100,108600,108600,0,495600,495700,100,0.02,495576,495761,185,4.1,4.1,0.0,2026-W40,2026-W41
Neon War,https://poki.com/en/g/neon-war,QKY Games,Arcade Games,77000,77100,100,15300,15300,0,92300,92400,100,0.11,92333,92355,22,4.3,4.3,0.0,2026-W40,2026-W41
Tricks,https://poki.com/en/g/tricks,GameFrenzy,Racing Games,403500,403600,100,60600,60600,0,464100,464200,100,0.02,464155,464197,42,4.5,4.5,0.0,2026-W40,2026-W41
Funny Puppy Emergency,https://poki.com/en/g/funny-puppy-emergency,"studio based in South Surabaya, Indonesia. They have many other cute games on Poki: Yummy Taco , Funny Cooking Camp , Funny Camping Day , Funny Travelling Airport , Funny Throat Surgery 2 , Yummy Waffle Ice Cream , Cooking Korean Lesson , Funny Pet Haircut , funny-puppy-dressup, funny-kitty-dressup, Funny Nose Surgery , and Hipster vs Rockers How can I play Funny Puppy Emergency for free? You can play Funny Puppy Emergency for free on Poki. Can I play Funny Puppy Emergency on mobile devices and desktop? Funny Puppy Emergency can be played on your computer and mobile devices like phones and tablets. Rating 4.5 updated Aug 2022 About this game controls Mouse click or Tap to use medicine or medical equipment. Move the mouse cursor or finger to follow shapes. Supported devices desktop, phone and tablet developer Go Panda Games Studio",Simulation Games,43600,43700,100,6000,6000,0,49600,49700,100,0.2,49635,49667,32,4.5,4.5,0.0,2026-W40,2026-W41
Pocket Car City!,https://poki.com/en/g/pocket-car-city,Nineties Games,Driving Games,9800,9900,100,2700,2700,0,12500,12600,100,0.8,12581,12647,66,4.1,4.1,0.0,2026-W40,2026-W41
Fairy Dress-Up,https://poki.com/en/g/fairy-dressup,Entrevero Games,Beauty Games,53900,53900,0,9300,9400,100,63200,63300,100,0.16,63196,63235,39,4.4,4.4,0.0,2026-W40,2026-W41
Escaping the Prison,https://poki.com/en/g/escaping-the-prison,PuffballsUnited,Escape Games,3000000,3000000,0,308400,308500,100,3308400,3308500,100,0.0,3258773,3260416,1643,4.6,4.6,0.0,2026-W40,2026-W41
Nitrome Must Die,https://poki.com/en/g/nitrome-must-die,Nitrome,Shooting Games,5600,5700,100,1400,1400,0,7000,7100,100,1.43,7070,7093,23,4.2,4.2,0.0,2026-W40,2026-W41
Cartoon Mini Racing,https://poki.com/en/g/cartoon-mini-racing,Brain Software,Racing Games,321200,321300,100,46500,46500,0,367700,367800,100,0.03,367717,367786,69,4.5,4.5,0.0,2026-W40,2026-W41
Slime Laboratory 2,https://poki.com/en/g/slime-laboratory-2,Neutronized,Platform Games,46500,46600,100,10800,10800,0,57300,57400,100,0.17,57267,57420,153,4.3,4.2,-0.1,2026-W40,2026-W41
Slime Pizza,https://poki.com/en/g/slime-pizza,Neutronized,Platform Games,58500,58600,100,11100,11100,0,69600,69700,100,0.14,69598,69672,74,4.4,4.4,0.0,2026-W40,2026-W41
Penalty Rivals,https://poki.com/en/g/penalty-rivals,Happylander,Sports Games,56100,56200,100,12900,12900,0,69000,69100,100,0.14,68982,69101,119,4.3,4.3,0.0,2026-W40,2026-W41
Emoji Builder,https://poki.com/en/g/emoji-builder,pgs1000,Beauty Games,16800,16900,100,2500,2500,0,19300,19400,100,0.52,19317,19424,107,4.5,4.5,0.0,2026-W40,2026-W41
Hipster vs Rockers,https://poki.com/en/g/hipster-vs-rockers,Go Panda Games Studio,Beauty Games,206600,206700,100,35400,35400,0,242000,242100,100,0.04,241994,242081,87,4.4,4.4,0.0,2026-W40,2026-W41
Emoji Puzzles,https://poki.com/en/g/emoji-puzzles,illusivegames,Puzzle Games,23900,24000,100,6000,6000,0,29900,30000,100,0.33,29921,30065,144,4.2,4.2,0.0,2026-W40,2026-W41
Court Kings 3D,https://poki.com/en/g/court-kings-3d,Andre Elias,Sports Games,7000,7100,100,2400,2400,0,9400,9500,100,1.06,9463,9495,32,4.0,4.0,0.0,2026-W40,2026-W41
Subway Surfers Blast,https://poki.com/en/g/subway-surfers-blast,Sybo,Puzzle Games,12400,12500,100,4000,4000,0,16400,16500,100,0.61,16358,16489,131,4.0,4.0,0.0,2026-W40,2026-W41
Junior Chess,https://poki.com/en/g/jr-chess,Ravalmatic,Board Games,19700,19800,100,6700,6700,0,26400,26500,100,0.38,26432,26458,26,4.0,4.0,0.0,2026-W40,2026-W41
The Final Earth 2,https://poki.com/en/g/the-final-earth-2,Florian van Strien,Simulation Games,91500,91600,100,11100,11100,0,102600,102700,100,0.1,102682,102740,58,4.6,4.6,0.0,2026-W40,2026-W41
Paper Block,https://poki.com/en/g/paper-block,Endless Pixels,Puzzle Games,12800,12900,100,4600,4600,0,17400,17500,100,0.57,17390,17424,34,4.0,4.0,0.0,2026-W40,2026-W41
Doodle Race,https://poki.com/en/g/doodle-race,FM Studio,Racing Games,17000,17100,100,4500,4500,0,21500,21600,100,0.47,21502,21601,99,4.2,4.2,0.0,2026-W40,2026-W41
Noob Drive,https://poki.com/en/g/noob-drive,Vanorium,Racing Games,102600,102700,100,18400,18400,0,121000,121100,100,0.08,121011,121061,50,4.4,4.4,0.0,2026-W40,2026-W41
Zombie Merge,https://poki.com/en/g/zombie-merge,Endless Pixels,Arcade Games,8800,8900,100,1400,1400,0,10200,10300,100,0.98,10238,10291,53,4.5,4.5,0.0,2026-W40,2026-W41
Train Master,https://poki.com/en/g/train-master,Mosu Games,Puzzle Games,11600,11700,100,2100,2100,0,13700,13800,100,0.73,13765,13797,32,4.4,4.4,0.0,2026-W40,2026-W41
Galactic Empire,https://poki.com/en/g/galactic-empire,Jeff Ramos,Idle Games,14100,14200,100,3300,3300,0,17400,17500,100,0.57,17457,17467,10,4.2,4.2,0.0,2026-W40,2026-W41
Block Toggle,https://poki.com/en/g/block-toggle,Robert Alvarez,Platform Games,167800,167900,100,52300,52300,0,220100,220200,100,0.05,220068,220122,54,4.0,4.0,0.0,2026-W40,2026-W41
Merge and Double,https://poki.com/en/g/merge-and-double,Adgard,Brain Games,15600,15700,100,4400,4400,0,20000,20100,100,0.5,20031,20122,91,4.1,4.1,0.0,2026-W40,2026-W41
Duck Life 3,https://poki.com/en/g/ducklife-3,Wix Games,Simulation Games,157900,158000,100,27400,27400,0,185300,185400,100,0.05,185339,185401,62,4.4,4.4,0.0,2026-W40,2026-W41
Angry Gran Run,https://poki.com/en/g/angry-gran-run,Ace Viral,Skill Games,287800,287900,100,58100,58100,0,345900,346000,100,0.03,345859,346003,144,4.3,4.3,0.0,2026-W40,2026-W41
Cat Room Blast,https://poki.com/en/g/cat-room-blast,Volkan Turan,"with puzzle games, Cat Room Blast is a refreshing take on the classic match-3 experience. Go ahead and try it yourself, we promise you’ll have a blast in this cat’s room. How to play: Use your left mouse button or finger to choose a puzzle tile. About the creator: Cat Room Blast is created by Volkan Turan. This is their first game on Poki !",38200,38300,100,5900,5900,0,44100,44200,100,0.23,44104,44112,8,4.5,4.5,0.0,2026-W40,2026-W41
Fox Simulator 3D,https://poki.com/en/g/fox-simulator-3d,CyberGoldFinch,Simulation Games,304800,304900,100,39100,39100,0,343900,344000,100,0.03,343849,343959,110,4.5,4.5,0.0,2026-W40,2026-W41
Death Chase,https://poki.com/en/g/death-chase,Gametornado,Racing Games,265100,265200,100,40100,40100,0,305200,305300,100,0.03,305256,305336,80,4.5,4.5,0.0,2026-W40,2026-W41
Blocky Universe,https://poki.com/en/g/blocky-universe,d954mas,Simulation Games,43400,43500,100,7600,7600,0,51000,51100,100,0.2,51002,51028,26,4.4,4.4,0.0,2026-W40,2026-W41
Kitty Cats,https://poki.com/en/g/kitty-cats,Xformgames,Simulation Games,78400,78500,100,15300,15300,0,93700,93800,100,0.11,93736,93841,105,4.3,4.3,0.0,2026-W40,2026-W41
Ant Art Tycoon,https://poki.com/en/g/ant-art-tycoon,Wix Games,Idle Games,257500,257600,100,39800,39800,0,297300,297400,100,0.03,297284,297375,91,4.5,4.5,0.0,2026-W40,2026-W41
Mad Truck Challenge Special,https://poki.com/en/g/mad-truck-challenge-special,Smokoko,Racing Games,213100,213200,100,34700,34700,0,247800,247900,100,0.04,247837,247935,98,4.4,4.4,0.0,2026-W40,2026-W41
Stunt Car Challenge 3,https://poki.com/en/g/stunt-car-challenge-3,Hyperkani,Racing Games,265200,265300,100,63100,63100,0,328300,328400,100,0.03,328313,328400,87,4.2,4.2,0.0,2026-W40,2026-W41
Hide Ball: Brain Teaser,https://poki.com/en/g/hide-ball-brain-teaser,HYPERCELL,Brain Games,52400,52500,100,9500,9500,0,61900,62000,100,0.16,61914,62030,116,4.4,4.4,0.0,2026-W40,2026-W41
Resizer,https://poki.com/en/g/resizer,Robert Alvarez,Platform Games,36300,36400,100,12600,12600,0,48900,49000,100,0.2,48979,48993,14,4.0,4.0,0.0,2026-W40,2026-W41
Quick Gun,https://poki.com/en/g/quick-gun,Vkrishna,Shooting Games,12400,12500,100,3000,3000,0,15400,15500,100,0.65,15418,15511,93,4.2,4.2,0.0,2026-W40,2026-W41
Pro Shooter,https://poki.com/en/g/pro-shooter,GeniGames,Shooting Games,11500,11600,100,2000,2000,0,13500,13600,100,0.74,13506,13611,105,4.4,4.4,0.0,2026-W40,2026-W41
Onet Fruit Classic,https://poki.com/en/g/onet-fruit-classic,RedFoc,Brain Games,14600,14700,100,6200,6200,0,20800,20900,100,0.48,20841,20851,10,3.8,3.8,0.0,2026-W40,2026-W41
Funny Pet Haircut,https://poki.com/en/g/funny-pet-haircut,"studio based in South Surabaya, Indonesia. They have many other games. Play the delicious Yummy Waffle Ice Cream , Cooking Korean Lesson , the hilarious Funny Nose Surgery , funny-rescue-zookeeper, funny-pet-rescue and the amazing Hipster vs Rockers on Poki! Rating 4.3 updated Mar 2023 About this game controls Hold mouse click or tap to use a tool. Supported devices desktop, phone and tablet developer Go Panda Games Studio",Simulation Games,173700,173800,100,33600,33600,0,207300,207400,100,0.05,207287,207400,113,4.3,4.3,0.0,2026-W40,2026-W41
Hit the Fan,https://poki.com/en/g/hit-the-fan,Happylander Ltd,Skill Games,20000,20100,100,8000,8000,0,28000,28100,100,0.36,28033,28094,61,3.9,3.9,0.0,2026-W40,2026-W41
Arrow Pathway,https://poki.com/en/g/arrow-pathway,Robert Alvarez,Platform Games,54400,54400,0,19100,19200,100,73500,73600,100,0.14,73488,73565,77,4.0,4.0,0.0,2026-W40,2026-W41
Winter Clash 3D,https://poki.com/en/g/winter-clash-3d,OOO Frivei Interaktiv,Shooting Games,1000000,1000000,0,127500,127600,100,1127500,1127600,100,0.01,1165521,1166553,1032,4.6,4.6,0.0,2026-W40,2026-W41
Fun Water Sorting,https://poki.com/en/g/fun-water-sorting,VNStart Studio,Skill Games,79600,79700,100,13000,13000,0,92600,92700,100,0.11,92627,92652,25,4.4,4.4,0.0,2026-W40,2026-W41
Mystery Digger,https://poki.com/en/g/mystery-digger,Gepnito Games,Simulation Games,19700,19800,100,2900,2900,0,22600,22700,100,0.44,22640,22729,89,4.5,4.5,0.0,2026-W40,2026-W41
Merge Cyber Racers,https://poki.com/en/g/merge-cyber-racers,TinyDobbins,Idle Games,242400,242500,100,49300,49300,0,291700,291800,100,0.03,291705,291760,55,4.3,4.3,0.0,2026-W40,2026-W41
Life - The Game,https://poki.com/en/g/life-the-game,Ohmaigawd,Skill Games,865100,865200,100,311500,311500,0,1176600,1176700,100,0.01,1176591,1176744,153,3.9,3.9,0.0,2026-W40,2026-W41
Snow Yeet,https://poki.com/en/g/snow-yeet,Adriatic Games,Sports Games,5800,5900,100,1100,1100,0,6900,7000,100,1.45,6842,6976,134,4.4,4.4,0.0,2026-W40,2026-W41
Dasi Spa Manager,https://poki.com/en/g/dasi-spa-manager,Dasi Games,Simulation Games,8500,8600,100,2100,2100,0,10600,10700,100,0.94,10631,10667,36,4.2,4.2,0.0,2026-W40,2026-W41
Puppet Master,https://poki.com/en/g/puppet-master,Freeze Nova,Shooting Games,1400000,1400000,0,288000,288100,100,1688000,1688100,100,0.01,1714060,1714601,541,4.3,4.3,0.0,2026-W40,2026-W41
Rotate,https://poki.com/en/g/rotate,Light Wolf Studios,Platform Games,238600,238700,100,41100,41100,0,279700,279800,100,0.04,279740,279874,134,4.4,4.4,0.0,2026-W40,2026-W41
La Petite Avril,https://poki.com/en/g/la-petite-avril,AJ Ordaz,Platform Games,43300,43400,100,13900,13900,0,57200,57300,100,0.17,57178,57240,62,4.0,4.0,0.0,2026-W40,2026-W41
Super Fowlst,https://poki.com/en/g/super-fowlst,Thomas K. Young,Arcade Games,51600,51700,100,9100,9100,0,60700,60800,100,0.16,60740,60814,74,4.4,4.4,0.0,2026-W40,2026-W41
Football Masters,https://poki.com/en/g/football-masters,Madpuffers,Sports Games,1300000,1300000,0,426900,427000,100,1726900,1727000,100,0.01,1728870,1729349,479,4.0,4.0,0.0,2026-W40,2026-W41
Skibidi Shooter,https://poki.com/en/g/skibidi-shooter,Kool Games,Shooting Games,108900,109000,100,28700,28700,0,137600,137700,100,0.07,137622,137729,107,4.2,4.2,0.0,2026-W40,2026-W41
PartyToons,https://poki.com/en/g/partytoons,TinyDobbins,Skill Games,237200,237300,100,57800,57800,0,295000,295100,100,0.03,294946,295115,169,4.2,4.2,0.0,2026-W40,2026-W41
Olly the Paw,https://poki.com/en/g/olly-the-paw,7Spot Games,Simulation Games,54500,54600,100,9400,9400,0,63900,64000,100,0.16,63900,63969,69,4.4,4.4,0.0,2026-W40,2026-W41
Flipside,https://poki.com/en/g/flipside,Nitrome,Racing Games,5100,5200,100,1300,1300,0,6400,6500,100,1.56,6410,6456,46,4.2,4.2,0.0,2026-W40,2026-W41
Gangster Contract Mafia Wars,https://poki.com/en/g/gangster-contract-mafia-wars,Faramel games,Shooting Games,137600,137700,100,19800,19800,0,157400,157500,100,0.06,157412,157516,104,4.5,4.5,0.0,2026-W40,2026-W41
Market Sort,https://poki.com/en/g/market-sort,Potato Jam,Puzzle Games,15700,15700,0,5100,5200,100,20800,20900,100,0.48,20848,20888,40,4.0,4.0,0.0,2026-W40,2026-W41
Super MX - The Champion,https://poki.com/en/g/super-mx-the-champion,Barnzmu,Racing Games,192400,192500,100,33400,33400,0,225800,225900,100,0.04,225843,225937,94,4.4,4.4,0.0,2026-W40,2026-W41
Yummy Waffle Ice Cream,https://poki.com/en/g/yummy-waffle-ice-cream,"studio based in South Surabaya, Indonesia. They have many other games. Play the delicious Cooking Korean Lesson , the hilarious Funny Nose Surgery , funny-rescue-zookeeper, funny-pet-rescue and the amazing Hipster vs Rockers on Poki ! Rating 4.6 updated Nov 2020 About this game controls Mouse click or tap to use tools and ingredients. Supported devices desktop, phone and tablet developer Go Panda Games Studio",Simulation Games,107600,107700,100,12700,12700,0,120300,120400,100,0.08,120368,120432,64,4.6,4.6,0.0,2026-W40,2026-W41
Clash of Skulls,https://poki.com/en/g/clash-of-skulls,Beedo Games,Strategy Games,193100,193200,100,26200,26200,0,219300,219400,100,0.05,219308,219359,51,4.5,4.5,0.0,2026-W40,2026-W41
Burger Bounty,https://poki.com/en/g/burger-bounty,OnRush Studio,Simulation Games,196600,196700,100,42500,42500,0,239100,239200,100,0.04,239093,239140,47,4.3,4.3,0.0,2026-W40,2026-W41
Shovel Pirate,https://poki.com/en/g/shovel-pirate,Neutronized,Platform Games,31400,31500,100,5600,5600,0,37000,37100,100,0.27,37045,37107,62,4.4,4.4,0.0,2026-W40,2026-W41
Tingly Bubble Shooter,https://poki.com/en/g/tingly-bubble-shooter,Coolgames B.V.,Arcade Games,41400,41500,100,13500,13500,0,54900,55000,100,0.18,54951,54980,29,4.0,4.0,0.0,2026-W40,2026-W41
Yummy Toast,https://poki.com/en/g/yummy-toast,"studio based in South Surabaya, Indonesia. They have many other games. Play the delicious Yummy Waffle Ice Cream , Cooking Korean Lesson , the hilarious Funny Pet Haircut , Funny Nose Surgery , funny-rescue-zookeeper, funny-pet-rescue and the amazing Hipster vs Rockers on Poki! Rating 4.3 updated Jul 2021 About this game controls Mouse click or tap to use tools and ingredients. Supported devices desktop, phone and tablet developer Go Panda Games Studio",Simulation Games,72700,72800,100,15000,15000,0,87700,87800,100,0.11,87760,87840,80,4.3,4.3,0.0,2026-W40,2026-W41
Twin Shot 2,https://poki.com/en/g/twin-shot-2-html5,Nitrome,Platform Games,20900,21000,100,3100,3100,0,24000,24100,100,0.42,24081,24095,14,4.5,4.5,0.0,2026-W40,2026-W41
Barbershop Inc.,https://poki.com/en/g/barbershop-inc,Zonda Creative Studio,Simulation Games,257100,257200,100,58400,58400,0,315500,315600,100,0.03,315487,315532,45,4.3,4.3,0.0,2026-W40,2026-W41
Dot Rush,https://poki.com/en/g/dot-rush,QKY Games,Skill Games,6900,7000,100,1500,1500,0,8400,8500,100,1.19,8450,8463,13,4.3,4.3,0.0,2026-W40,2026-W41
Lovely Fox,https://poki.com/en/g/lovely-fox,Snails Animation,Beauty Games,47500,47600,100,4600,4600,0,52100,52200,100,0.19,52163,52185,22,4.7,4.7,0.0,2026-W40,2026-W41
Stupidella 3,https://poki.com/en/g/stupidella-3,stupidella,Puzzle Games,14100,14200,100,3000,3000,0,17100,17200,100,0.58,17091,17144,53,4.3,4.3,0.0,2026-W40,2026-W41
Like a King,https://poki.com/en/g/like-a-king,LAK Games,Strategy Games,328000,328100,100,55700,55700,0,383700,383800,100,0.03,383683,383861,178,4.4,4.4,0.0,2026-W40,2026-W41
Fancy Pants 2,https://poki.com/en/g/fancy-pants-2,Borne Games,Platform Games,323200,323300,100,56400,56400,0,379600,379700,100,0.03,379624,379678,54,4.4,4.4,0.0,2026-W40,2026-W41
Forgotten Hill Memento: Love Beyond,https://poki.com/en/g/forgotten-hill-memento-love-beyond,FM Studio,Puzzle Games,39300,39400,100,13300,13300,0,52600,52700,100,0.19,52574,52675,101,4.0,4.0,0.0,2026-W40,2026-W41
Tanked Up,https://poki.com/en/g/tanked-up,Nitrome,Arcade Games,7000,7100,100,2300,2300,0,9300,9400,100,1.08,9335,9362,27,4.0,4.0,0.0,2026-W40,2026-W41
Zombroad,https://poki.com/en/g/zombroad,OSA Studio,Driving Games,26600,26600,0,6400,6500,100,33000,33100,100,0.3,33058,33101,43,4.2,4.2,0.0,2026-W40,2026-W41
Popular Words,https://poki.com/en/g/popular-words,Unico Studio,Brain Games,20100,20200,100,5100,5100,0,25200,25300,100,0.4,25155,25269,114,4.2,4.2,0.0,2026-W40,2026-W41
Crazy Descent,https://poki.com/en/g/crazy-descent,AM-Games,Racing Games,30100,30200,100,7500,7500,0,37600,37700,100,0.27,37561,37769,208,4.2,4.2,0.0,2026-W40,2026-W41
Merge Zoo,https://poki.com/en/g/merge-zoo,Critters Studio,Skill Games,5200,5300,100,1000,1000,0,6200,6300,100,1.61,6287,6311,24,4.3,4.3,0.0,2026-W40,2026-W41
Penalty Superstar,https://poki.com/en/g/penalty-superstar,IP Eliseenko Maksim Andreevich,Sports Games,94600,94700,100,19200,19200,0,113800,113900,100,0.09,113800,113946,146,4.3,4.3,0.0,2026-W40,2026-W41
Funny Hair Salon,https://poki.com/en/g/funny-hair-salon,Go Panda Games Studio,Simulation Games,285000,285100,100,70400,70400,0,355400,355500,100,0.03,355373,355515,142,4.2,4.2,0.0,2026-W40,2026-W41
PixLinks,https://poki.com/en/g/pixlinks,Dekovir,Brain Games,7200,7300,100,1300,1300,0,8500,8600,100,1.18,8511,8547,36,4.4,4.4,0.0,2026-W40,2026-W41
Retro Rex,https://poki.com/en/g/retro-rex,monoinyo,Arcade Games,22300,22400,100,6900,6900,0,29200,29300,100,0.34,29154,29293,139,4.0,4.0,0.0,2026-W40,2026-W41
Duck Life Adventure (Demo),https://poki.com/en/g/duck-life-adventure,Wix Games,Adventure Games,114300,114400,100,13100,13100,0,127400,127500,100,0.08,127365,127464,99,4.6,4.6,0.0,2026-W40,2026-W41
Backgammon Online,https://poki.com/en/g/backgammon-html5,Codethislab,Board Games,25600,25600,0,9800,9900,100,35400,35500,100,0.28,35409,35486,77,3.9,3.9,0.0,2026-W40,2026-W41
Snake.is MLG Edition,https://poki.com/en/g/snake-is-mlg-edition,CrioDev,Battle Royale Games,1400000,1400000,0,287500,287600,100,1687500,1687600,100,0.01,1724787,1725616,829,4.3,4.3,0.0,2026-W40,2026-W41
Knockout Penguins,https://poki.com/en/g/knockout-penguins,Fluffy,Action Games,27700,27800,100,5100,5100,0,32800,32900,100,0.3,32781,32897,116,4.4,4.4,0.0,2026-W40,2026-W41
Stickman Fighter: Mega Brawl,https://poki.com/en/g/stickman-fighter-mega-brawl,Playtouch,Fighting Games,371400,371500,100,76100,76100,0,447500,447600,100,0.02,447512,447579,67,4.3,4.3,0.0,2026-W40,2026-W41
Slopey,https://poki.com/en/g/slopey,GameFrenzy,Skill Games,105100,105200,100,18600,18600,0,123700,123800,100,0.08,123692,123712,20,4.4,4.4,0.0,2026-W40,2026-W41
Wacky Doodle Fixes,https://poki.com/en/g/wacky-doodle-fixes,10x10Games,Brain Games,28300,28400,100,8400,8400,0,36700,36800,100,0.27,36680,36839,159,4.1,4.1,0.0,2026-W40,2026-W41
Slime Journey,https://poki.com/en/g/slime-journey,Nineties Games,Skill Games,12200,12300,100,2200,2200,0,14400,14500,100,0.69,14425,14497,72,4.4,4.4,0.0,2026-W40,2026-W41
Fishing Alive,https://poki.com/en/g/fishing-alive,AdaBella Games,Skill Games,17400,17500,100,3600,3600,0,21000,21100,100,0.48,21067,21091,24,4.3,4.3,0.0,2026-W40,2026-W41
Vortelli's Cafe,https://poki.com/en/g/vortellis-cafe,Devortel,Simulation Games,26400,26500,100,5500,5500,0,31900,32000,100,0.31,31911,31973,62,4.3,4.3,0.0,2026-W40,2026-W41
Battleships Armada,https://poki.com/en/g/battleships-armada,Ravalmatic,Board Games,57000,57100,100,10700,10700,0,67700,67800,100,0.15,67730,67789,59,4.4,4.4,0.0,2026-W40,2026-W41
Snackio,https://poki.com/en/g/snackio,PlayCap,Puzzle Games,10800,10900,100,4100,4100,0,14900,15000,100,0.67,14895,14949,54,3.9,3.9,0.0,2026-W40,2026-W41
Klondike Solitaire,https://poki.com/en/g/klondike-solitaire-2,TapLabGames,Card Games,14900,15000,100,10100,10100,0,25000,25100,100,0.4,25039,25111,72,3.4,3.4,0.0,2026-W40,2026-W41
Hop & Pop It,https://poki.com/en/g/hop-pop-it,InfinityGames.io,Puzzle Games,20300,20400,100,4900,4900,0,25200,25300,100,0.4,25208,25242,34,4.2,4.2,0.0,2026-W40,2026-W41
Mad Day,https://poki.com/en/g/mad-day,Smokoko,Racing Games,71800,71800,0,13400,13500,100,85200,85300,100,0.12,85223,85247,24,4.4,4.4,0.0,2026-W40,2026-W41
Car Parking Jam,https://poki.com/en/g/car-parking-jam,Refold,Puzzle Games,70400,70500,100,13600,13600,0,84000,84100,100,0.12,83977,84065,88,4.3,4.3,0.0,2026-W40,2026-W41
Duck Life: Battle,https://poki.com/en/g/duck-life-battle,Wix Games,Simulation Games,180600,180700,100,23900,23900,0,204500,204600,100,0.05,204472,204529,57,4.5,4.5,0.0,2026-W40,2026-W41
Puppetman: Ragdoll Puzzle,https://poki.com/en/g/puppetman-ragdoll-puzzle,Gepnito Games,Puzzle Games,7300,7400,100,1600,1600,0,8900,9000,100,1.12,8902,8925,23,4.3,4.3,0.0,2026-W40,2026-W41
Emoji Party,https://poki.com/en/g/emoji-party,illusivegames,Brain Games,14100,14200,100,3000,3000,0,17100,17200,100,0.58,17111,17175,64,4.3,4.3,0.0,2026-W40,2026-W41
Pool Merge Io,https://poki.com/en/g/pool-merge-io,Gamebole Studios,Skill Games,24600,24700,100,5900,5900,0,30500,30600,100,0.33,30507,30547,40,4.2,4.2,0.0,2026-W40,2026-W41
Become a Nurse,https://poki.com/en/g/become-a-nurse,Playtouch,Simulation Games,143500,143600,100,24200,24200,0,167700,167800,100,0.06,167742,167771,29,4.4,4.4,0.0,2026-W40,2026-W41
Hop Warp,https://poki.com/en/g/hop-warp,Robert Alvarez,Platform Games,18500,18600,100,9000,9000,0,27500,27600,100,0.36,27590,27609,19,3.7,3.7,0.0,2026-W40,2026-W41
Fury Bike Rider,https://poki.com/en/g/fury-bike-rider,AYN-Games,Racing Games,137500,137600,100,28600,28600,0,166100,166200,100,0.06,166133,166263,130,4.3,4.3,0.0,2026-W40,2026-W41
Paint Strike,https://poki.com/en/g/paint-strike,Mosu Games,Shooting Games,107600,107700,100,25400,25400,0,133000,133100,100,0.08,133047,133085,38,4.2,4.2,0.0,2026-W40,2026-W41
Goober World,https://poki.com/en/g/goober-world,Winterpixel Games,Platform Games,12700,12700,0,2800,2900,100,15500,15600,100,0.65,15497,15523,26,4.3,4.3,0.0,2026-W40,2026-W41
Rooftop Snipers 2,https://poki.com/en/g/rooftop-snipers-2,Neweichgames,Shooting Games,145700,145700,0,32600,32700,100,178300,178400,100,0.06,178312,178358,46,4.3,4.3,0.0,2026-W40,2026-W41
Mahjong,https://poki.com/en/g/mahjong,Playtouch,Brain Games,40900,41000,100,25700,25700,0,66600,66700,100,0.15,66516,66646,130,3.5,3.5,0.0,2026-W40,2026-W41
My Pony My Little Race,https://poki.com/en/g/my-pony-my-little-race,Playtouch,Racing Games,80600,80700,100,14300,14300,0,94900,95000,100,0.11,94906,94948,42,4.4,4.4,0.0,2026-W40,2026-W41
Bot Crash Combat Arena,https://poki.com/en/g/bot-crash-combat-arena,GeniGames,Action Games,5400,5500,100,1400,1400,0,6800,6900,100,1.47,6808,6863,55,4.2,4.2,0.0,2026-W40,2026-W41
MPH Online,https://poki.com/en/g/mph-online,Skullcap Studios,Driving Games,50500,50600,100,13100,13100,0,63600,63700,100,0.16,63606,63703,97,4.2,4.2,0.0,2026-W40,2026-W41
Dual Cat,https://poki.com/en/g/dual-cat,Seal Unicorn Games,Escape Games,140400,140400,0,24800,24900,100,165200,165300,100,0.06,165241,165294,53,4.4,4.4,0.0,2026-W40,2026-W41
12 MiniBattles,https://poki.com/en/g/12-minibattles,Shared Dreams Studio,Action Games,1300000,1300000,0,418500,418600,100,1718500,1718600,100,0.01,1705336,1705888,552,4.0,4.0,0.0,2026-W40,2026-W41
Doc HoneyBerry Kitty Surgery,https://poki.com/en/g/doc-honeyberry-kitty-surgery,Go Panda Games Studio,Simulation Games,7700,7800,100,1300,1300,0,9000,9100,100,1.11,9034,9115,81,4.4,4.4,0.0,2026-W40,2026-W41
Cave Chaos 2,https://poki.com/en/g/cave-chaos-2,Nitrome,Platform Games,22400,22400,0,3300,3400,100,25700,25800,100,0.39,25778,25791,13,4.5,4.5,0.0,2026-W40,2026-W41
"Sugar, Sugar",https://poki.com/en/g/sugar-sugar-html5,Bonte Games,Brain Games,53600,53700,100,10700,10700,0,64300,64400,100,0.16,64356,64420,64,4.3,4.3,0.0,2026-W40,2026-W41
Last Warriors,https://poki.com/en/g/last-warriors,Lutte,Fighting Games,27000,27100,100,6900,6900,0,33900,34000,100,0.29,33902,33965,63,4.2,4.2,0.0,2026-W40,2026-W41
Unicycle Legend,https://poki.com/en/g/unicycle-legend,"based in the USA. Play their other games on Poki : Unicycle Hero , Into the Pit and Lava Bird How can I play Unicycle Legend for free? You can play Unicycle Legend for free on Poki . Can I play Unicycle Legend on mobile devices and desktop? Unicycle Legend can be played on your computer and mobile devices like phones and tablets. Rating 4.4 updated Nov 2023 About this game controls A/D or Left/Right arrow keys to ride. Spacebar to pause. R to restart. L for level selection. ESC to go back. Supported devices desktop, phone and tablet developer Unept",Skill Games,28700,28800,100,4900,4900,0,33600,33700,100,0.3,33602,33677,75,4.4,4.4,0.0,2026-W40,2026-W41
Spades,https://poki.com/en/g/spades,MarketJS,Card Games,13300,13400,100,4300,4300,0,17600,17700,100,0.57,17643,17715,72,4.0,4.0,0.0,2026-W40,2026-W41
Fluffball,https://poki.com/en/g/fluffball,Nitrome,Arcade Games,1600,1700,100,698,698,0,2298,2398,100,4.35,2345,2349,4,3.8,3.8,0.0,2026-W40,2026-W41
Stickman Run,https://poki.com/en/g/stickman-run,Shima,Platform Games,44900,45000,100,9500,9500,0,54400,54500,100,0.18,54392,54435,43,4.3,4.3,0.0,2026-W40,2026-W41
Heroes League,https://poki.com/en/g/heroes-league,Lampogolovii,Action Games,26600,26700,100,3600,3600,0,30200,30300,100,0.33,30274,30373,99,4.5,4.5,0.0,2026-W40,2026-W41
Fancy Pants 3,https://poki.com/en/g/fancy-pants-3,Borne Games,Platform Games,212400,212500,100,30500,30500,0,242900,243000,100,0.04,242899,242976,77,4.5,4.5,0.0,2026-W40,2026-W41
Rock Paper Clicker,https://poki.com/en/g/rock-paper-clicker,Codebolt,Brain Games,13200,13300,100,2500,2500,0,15700,15800,100,0.64,15729,15772,43,4.4,4.4,0.0,2026-W40,2026-W41
Basket Swooshes,https://poki.com/en/g/basket-swooshes,10x10games,Sports Games,81000,81100,100,19400,19400,0,100400,100500,100,0.1,100399,100441,42,4.2,4.2,0.0,2026-W40,2026-W41
Tower Merge,https://poki.com/en/g/tower-merge,Kuyi Mobile,Action Games,4900,5000,100,1100,1100,0,6000,6100,100,1.67,6090,6120,30,4.3,4.3,0.0,2026-W40,2026-W41
Classic Bowling,https://poki.com/en/g/classic-bowling,Codethislab,Sports Games,105100,105200,100,20900,20900,0,126000,126100,100,0.08,126067,126106,39,4.3,4.3,0.0,2026-W40,2026-W41
Coin Machine,https://poki.com/en/g/coin-machine,Kuyi Mobile,Idle Games,12200,12300,100,1900,1900,0,14100,14200,100,0.71,14127,14178,51,4.5,4.5,0.0,2026-W40,2026-W41
Crossy Road,https://poki.com/en/g/crossy-road,Hipster Whale,Skill Games,1700000,1700000,0,249800,249900,100,1949800,1949900,100,0.01,1956618,1957213,595,4.5,4.5,0.0,2026-W40,2026-W41
Fashion Fix Studio,https://poki.com/en/g/fashion-fix-studio,Go Panda Games Studio,Decoration Games,6000,6100,100,1500,1500,0,7500,7600,100,1.33,7469,7566,97,4.2,4.2,0.0,2026-W40,2026-W41
Fish Squad,https://poki.com/en/g/fish-squad,SQD Games,Shooting Games,50000,50100,100,7900,7900,0,57900,58000,100,0.17,57956,58068,112,4.5,4.5,0.0,2026-W40,2026-W41
Space Thing,https://poki.com/en/g/space-thing,Brad Erkkila,Platform Games,70500,70600,100,20900,20900,0,91400,91500,100,0.11,91450,91498,48,4.1,4.1,0.0,2026-W40,2026-W41
Build My Brainrot,https://poki.com/en/g/build-my-brainrot,Zupga,Simulation Games,11100,11200,100,2700,2700,0,13800,13900,100,0.72,13845,13871,26,4.2,4.2,0.0,2026-W40,2026-W41
Foot Chinko,https://poki.com/en/g/foot-chinko,Ravalmatic,Arcade Games,206600,206700,100,29800,29800,0,236400,236500,100,0.04,236346,236446,100,4.5,4.5,0.0,2026-W40,2026-W41
Tictoc Catwalk Fashion,https://poki.com/en/g/tictoc-catwalk-fashion,Go Panda Games Studio,Beauty Games,10400,10500,100,2900,2900,0,13300,13400,100,0.75,13298,13451,153,4.1,4.1,0.0,2026-W40,2026-W41
Merge Gangster Cars,https://poki.com/en/g/merge-gangster-cars,TinyDobbins,Idle Games,68700,68800,100,16900,16900,0,85600,85700,100,0.12,85684,85700,16,4.2,4.2,0.0,2026-W40,2026-W41
Dadish 2,https://poki.com/en/g/dadish-2,Thomas K. Young,Platform Games,53000,53100,100,7200,7200,0,60200,60300,100,0.17,60260,60314,54,4.5,4.5,0.0,2026-W40,2026-W41
Hospital Stories: Doctor Soccer,https://poki.com/en/g/hospital-stories-doctor-soccer,WeDoYouPlay,Simulation Games,68300,68400,100,19300,19300,0,87600,87700,100,0.11,87517,87733,216,4.1,4.1,0.0,2026-W40,2026-W41
Kate's Cooking Party,https://poki.com/en/g/kates-cooking-party,ANV Games,Simulation Games,70000,70100,100,11000,11000,0,81000,81100,100,0.12,81035,81058,23,4.5,4.5,0.0,2026-W40,2026-W41
Air Hockey Championship Deluxe,https://poki.com/en/g/air-hockey-championship-deluxe,Akos Makovics,Arcade Games,115400,115500,100,28900,28900,0,144300,144400,100,0.07,144296,144474,178,4.2,4.2,0.0,2026-W40,2026-W41
Troll Toilet Quest 1,https://poki.com/en/g/troll-toilet-quest-1,stupidella,Puzzle Games,10900,11000,100,3100,3100,0,14000,14100,100,0.71,13996,14012,16,4.1,4.1,0.0,2026-W40,2026-W41
"Sugar, Sugar 2",https://poki.com/en/g/sugar-sugar-2-html5,Bonte Games,Puzzle Games,13200,13300,100,2800,2800,0,16000,16100,100,0.62,16048,16070,22,4.3,4.3,0.0,2026-W40,2026-W41
Blue,https://poki.com/en/g/blue,Bonte Games,Brain Games,38300,38400,100,7200,7200,0,45500,45600,100,0.22,45512,45559,47,4.4,4.4,0.0,2026-W40,2026-W41
Tank VS Zombies,https://poki.com/en/g/tank-vs-zombies,KibagaOrg,Shooting Games,23500,23600,100,6700,6700,0,30200,30300,100,0.33,30211,30348,137,4.1,4.1,0.0,2026-W40,2026-W41
Draw Pixel Art,https://poki.com/en/g/draw-pixel-art,Kzunec Games,Decoration Games,41600,41700,100,10500,10500,0,52100,52200,100,0.19,52102,52242,140,4.2,4.2,0.0,2026-W40,2026-W41
Skiing Fred,https://poki.com/en/g/skiing-fred,Dedalord,Skill Games,115000,115100,100,15200,15200,0,130200,130300,100,0.08,130199,130210,11,4.5,4.5,0.0,2026-W40,2026-W41
Line Connect,https://poki.com/en/g/line-connect,jimou game,Puzzle Games,10600,10700,100,2600,2600,0,13200,13300,100,0.76,13245,13303,58,4.2,4.2,0.0,2026-W40,2026-W41
Parkmania,https://poki.com/en/g/parkmania,Furkan Karapinar,Driving Games,43300,43400,100,12900,12900,0,56200,56300,100,0.18,56232,56316,84,4.1,4.1,0.0,2026-W40,2026-W41
Pony DressUp 2,https://poki.com/en/g/pony-dressup-2,Playtouch,Beauty Games,292100,292200,100,35500,35500,0,327600,327700,100,0.03,327566,327687,121,4.6,4.6,0.0,2026-W40,2026-W41
Shape Fold Animals,https://poki.com/en/g/shape-fold-animals,"team based in Lithuania. Play their other thinking games on Poki: Shape Fold , Shape Fold Nature , and Adventure Drivers Can I play Shape Fold Animals for free? Shape Fold Animals is free to play on Poki. Can I play Shape Fold Animals on mobile and desktop? Shape Fold Animals is playable on both your computer and mobile devices like phones and tablets. Rating 4.4 updated Dec 2022 About this game controls Drag with the mouse cursor or finger to assemble the puzzle pieces. Supported devices desktop, phone and tablet developer Domas Kazragis","that makes for a lot of weird and interesting puzzles. There might even be famous animals that you'll recognize from internet memes. Go ahead and enjoy the calming images of nature while giving your brain a relaxing exercise! How to play Shape Fold Animals? Drag your mouse cursor or finger around to assemble the puzzle pieces. Who created Shape Fold Animals? Shape Fold Animals is created by Bikas, a game developer team based in Lithuania. Play their other thinking games on Poki: Shape Fold , Shape Fold Nature , and Adventure Drivers Can I play Shape Fold Animals for free? Shape Fold Animals is free to play on Poki. Can I play Shape Fold Animals on mobile and desktop? Shape Fold Animals is playable on both your computer and mobile devices like phones and tablets.",148700,148800,100,24100,24100,0,172800,172900,100,0.06,172729,172893,164,4.4,4.4,0.0,2026-W40,2026-W41
Super Speeder,https://poki.com/en/g/super-speeder,Deer Cat Games,Skill Games,35200,35300,100,4700,4700,0,39900,40000,100,0.25,39937,39947,10,4.5,4.5,0.0,2026-W40,2026-W41
Save Dogogo,https://poki.com/en/g/save-dogogo,Kelly Ray J,Puzzle Games,26300,26400,100,8700,8700,0,35000,35100,100,0.29,34999,35128,129,4.0,4.0,0.0,2026-W40,2026-W41
Mahjong Linker Kyodai Game,https://poki.com/en/g/mahjong-linker-kyodai-game,Playtouch,Puzzle Games,19700,19700,0,7700,7800,100,27400,27500,100,0.36,27442,27468,26,3.9,3.9,0.0,2026-W40,2026-W41
Twins Adventures: Attic Surprise,https://poki.com/en/g/twins-adventures-attic-surprise,Idea Studios,Beauty Games,148500,148600,100,31600,31600,0,180100,180200,100,0.06,180126,180162,36,4.3,4.3,0.0,2026-W40,2026-W41
Stickman Army: The Resistance,https://poki.com/en/g/stickman-army-the-resistance,Playtouch,Shooting Games,150900,151000,100,19400,19400,0,170300,170400,100,0.06,170332,170383,51,4.5,4.5,0.0,2026-W40,2026-W41
WordsSearch,https://poki.com/en/g/wordssearch,Playtouch,Brain Games,13100,13100,0,5000,5100,100,18100,18200,100,0.55,18179,18197,18,3.9,3.9,0.0,2026-W40,2026-W41
Blumgi Splash,https://poki.com/en/g/blumgi-splash,Blumgi,Skill Games,9400,9500,100,1800,1800,0,11200,11300,100,0.89,11155,11312,157,4.4,4.4,0.0,2026-W40,2026-W41
Push Titans,https://poki.com/en/g/push-titans,Toonminator,Action Games,8700,8700,0,1300,1400,100,10000,10100,100,1.0,10036,10061,25,4.5,4.5,0.0,2026-W40,2026-W41
Blocks 8,https://poki.com/en/g/blocks-8,Onduck Games,Puzzle Games,5200,5300,100,1700,1700,0,6900,7000,100,1.45,6939,6986,47,4.0,4.0,0.0,2026-W40,2026-W41
Little Tricky Prankster,https://poki.com/en/g/little-tricky-prankster,ZnK Games,Brain Games,17100,17200,100,5200,5200,0,22300,22400,100,0.45,22336,22458,122,4.1,4.1,0.0,2026-W40,2026-W41
Onet Paradise,https://poki.com/en/g/onet-paradise,"of Onet Paradise? Onet Paradise is created by PotatoJam. Play their other puzzle games on Poki: Monster Duo , Numbers , Bring me Cakes , Onet Master , and Solitaire Klondike 2.0 Rating 4.1 updated Oct 2026 About this game controls Click or tap to match. Supported devices desktop, phone and tablet developer Potato Jam",Puzzle Games,200900,201000,100,55000,55000,0,255900,256000,100,0.04,255863,255976,113,4.1,4.1,0.0,2026-W40,2026-W41
Snek Left,https://poki.com/en/g/snek-left,Fancade,Puzzle Games,9200,9200,0,4200,4300,100,13400,13500,100,0.75,13404,13523,119,3.7,3.7,0.0,2026-W40,2026-W41
Roar Rampage,https://poki.com/en/g/roar-rampage,Neutronized,Action Games,21700,21800,100,7500,7500,0,29200,29300,100,0.34,29234,29333,99,4.0,4.0,0.0,2026-W40,2026-W41
Sudoku Calendar,https://poki.com/en/g/sudoku-calendar,supernice.games,Puzzle Games,13500,13600,100,2900,2900,0,16400,16500,100,0.61,16376,16465,89,4.3,4.3,0.0,2026-W40,2026-W41
Snake Solver,https://poki.com/en/g/snake-solver,PlayCap,Puzzle Games,69700,69800,100,15300,15300,0,85000,85100,100,0.12,84992,85138,146,4.3,4.3,0.0,2026-W40,2026-W41
Aqua Thrills,https://poki.com/en/g/aqua-thrills,Rabbit Mountain,Skill Games,446400,446500,100,69700,69700,0,516100,516200,100,0.02,516084,516245,161,4.5,4.5,0.0,2026-W40,2026-W41
MagicLand.io,https://poki.com/en/g/magicland-io,OnRush Studio,Simulation Games,32900,33000,100,7300,7300,0,40200,40300,100,0.25,40176,40256,80,4.3,4.3,0.0,2026-W40,2026-W41
Funny Food Duel,https://poki.com/en/g/funny-food-duel,"studio based in South Surabaya, Indonesia. They have many other cute games on Poki: Funny Daycare , funny-puppy-dressup, Funny Camping Day , Funny Travelling Airport , Funny Throat Surgery 2 , Yummy Waffle Ice Cream , Cooking Korean Lesson , Funny Pet Haircut , Funny Nose Surgery , and Hipster vs Rockers Can I play Funny Food Duel for free? Funny Food Duel is free to play on Poki. Can I play Funny Food Duel on mobile and desktop? Funny Food Duel is playable on both your computer and mobile devices like phones and tablets. Rating 4.4 updated Mar 2023 About this game controls A to eat. Left arrow to eat. Supported devices desktop, phone and tablet developer Go Panda Games Studio",Skill Games,115000,115100,100,20500,20500,0,135500,135600,100,0.07,135489,135618,129,4.4,4.4,0.0,2026-W40,2026-W41
Papa Louie: When Pizzas Attack,https://poki.com/en/g/papa-louie-when-pizzas-attack,Flipline Studios,Platform Games,90300,90400,100,12400,12400,0,102700,102800,100,0.1,102704,102765,61,4.5,4.5,0.0,2026-W40,2026-W41
Catch the Candy,https://poki.com/en/g/catch-the-candy-html5,Yohoho Games,Skill Games,282700,282800,100,57900,57900,0,340600,340700,100,0.03,340625,340779,154,4.3,4.3,0.0,2026-W40,2026-W41
Archer Castle,https://poki.com/en/g/archer-castle,EasyCats,Strategy Games,33800,33900,100,4900,4900,0,38700,38800,100,0.26,38785,38788,3,4.5,4.5,0.0,2026-W40,2026-W41
Shotdogs,https://poki.com/en/g/shotdogs,Alex Johansson,Arcade Games,4500,4600,100,1200,1200,0,5700,5800,100,1.75,5778,5795,17,4.2,4.2,0.0,2026-W40,2026-W41
Bad Ice-Cream 2,https://poki.com/en/g/bad-ice-cream-2,Nitrome,Arcade Games,401300,401400,100,58000,58000,0,459300,459400,100,0.02,459243,459392,149,4.5,4.5,0.0,2026-W40,2026-W41
Funny Daycare,https://poki.com/en/g/funny-daycare,"studio based in South Surabaya, Indonesia. They have many other cute games on Poki: funny-puppy-dressup, Funny Camping Day , Funny Travelling Airport , Funny Throat Surgery 2 , Yummy Waffle Ice Cream , Cooking Korean Lesson , Funny Pet Haircut , Funny Nose Surgery , and Hipster vs Rockers Rating 4.3 updated Mar 2023 About this game controls Mouse click or Tap on an object to pick it up and use it. Supported devices desktop, phone and tablet developer Go Panda Games Studio",Simulation Games,67400,67500,100,15100,15100,0,82500,82600,100,0.12,82511,82576,65,4.3,4.3,0.0,2026-W40,2026-W41
Mini Train,https://poki.com/en/g/mini-train,Gametornado,Puzzle Games,126300,126400,100,28900,28900,0,155200,155300,100,0.06,155121,155243,122,4.3,4.3,0.0,2026-W40,2026-W41
String Theory Remastered,https://poki.com/en/g/string-theory-remastered,Lukas Donkers,Arcade Games,45200,45300,100,6300,6300,0,51500,51600,100,0.19,51521,51576,55,4.5,4.5,0.0,2026-W40,2026-W41
Foosball,https://poki.com/en/g/foosball,Codethislab,Sports Games,170100,170200,100,31100,31100,0,201200,201300,100,0.05,201222,201335,113,4.4,4.4,0.0,2026-W40,2026-W41
Pony DressUp,https://poki.com/en/g/pony-dressup,Playtouch,Beauty Games,117500,117600,100,22900,22900,0,140400,140500,100,0.07,140382,140446,64,4.3,4.3,0.0,2026-W40,2026-W41
Funny Cooking Camp,https://poki.com/en/g/funny-cooking-camp,"studio based in South Surabaya, Indonesia. They have many other cute games on Poki: Funny Camping Day , Funny Travelling Airport , Funny Throat Surgery 2 , Yummy Waffle Ice Cream , Cooking Korean Lesson , Funny Pet Haircut , funny-puppy-dressup, funny-kitty-dressup, Funny Nose Surgery , and Hipster vs Rockers How can I play Funny Cooking Camp for free? You can play Funny Cooking Camp for free on Poki. Can I play Funny Cooking Camp on mobile devices and desktop? Funny Cooking Camp can be played on your computer and mobile devices like phones and tablets. Rating 3.8 updated Aug 2022 About this game controls Mouse click or Tap to pick up and use an object. Supported devices desktop, phone and tablet developer Go Panda Games Studio",Simulation Games,31100,31100,0,13900,14000,100,45000,45100,100,0.22,45060,45086,26,3.8,3.8,0.0,2026-W40,2026-W41
Toxic,https://poki.com/en/g/toxic,Nitrome,Platform Games,25600,25700,100,4600,4600,0,30200,30300,100,0.33,30268,30307,39,4.4,4.4,0.0,2026-W40,2026-W41
Apple Knight,https://poki.com/en/g/apple-knight,Limitless,Adventure Games,277100,277200,100,55500,55500,0,332600,332700,100,0.03,332610,332762,152,4.3,4.3,0.0,2026-W40,2026-W41
Tic Tac Toe,https://poki.com/en/g/tic-tac-toe-3,Code This Lab,Board Games,35400,35500,100,7200,7200,0,42600,42700,100,0.23,42568,42730,162,4.3,4.3,0.0,2026-W40,2026-W41
Growmi,https://poki.com/en/g/growmi,PlayCap,Platform Games,88600,88700,100,28600,28600,0,117200,117300,100,0.09,117211,117330,119,4.0,4.0,0.0,2026-W40,2026-W41
Cats vs Zombies,https://poki.com/en/g/cats-vs-zombies,Square Dino,Adventure Games,5600,5600,0,1000,1100,100,6600,6700,100,1.52,6636,6649,13,4.4,4.4,0.0,2026-W40,2026-W41
Path to Glory,https://poki.com/en/g/path-to-glory,Rémi Vansteelandt,Fighting Games,15700,15800,100,3900,3900,0,19600,19700,100,0.51,19582,19613,31,4.2,4.2,0.0,2026-W40,2026-W41
Solitaire Reverse,https://poki.com/en/g/solitaire-reverse,DrMop Games,Card Games,23500,23600,100,9700,9700,0,33200,33300,100,0.3,33283,33303,20,3.8,3.8,0.0,2026-W40,2026-W41
Jelly Cat,https://poki.com/en/g/jelly-cat,Gametornado,Puzzle Games,184200,184300,100,23000,23000,0,207200,207300,100,0.05,207201,207268,67,4.6,4.6,0.0,2026-W40,2026-W41
Parking Fury 3D: Bounty Hunter,https://poki.com/en/g/parking-fury-3d-bounty-hunter,Brain Software,Driving Games,118900,119000,100,18000,18000,0,136900,137000,100,0.07,136933,137081,148,4.5,4.5,0.0,2026-W40,2026-W41
Raze 3,https://poki.com/en/g/raze-3,Sky9 Games,Shooting Games,16200,16300,100,2600,2600,0,18800,18900,100,0.53,18784,18938,154,4.5,4.5,0.0,2026-W40,2026-W41
Return Portal,https://poki.com/en/g/return-portal,Robert Alvarez,Platform Games,86600,86700,100,27400,27400,0,114000,114100,100,0.09,113932,114058,126,4.0,4.0,0.0,2026-W40,2026-W41
Numbers,https://poki.com/en/g/numbers,Potato Jam,Brain Games,33900,34000,100,11100,11100,0,45000,45100,100,0.22,45005,45091,86,4.0,4.0,0.0,2026-W40,2026-W41
The Left Behind,https://poki.com/en/g/the-left-behind,FM Studio,Adventure Games,12500,12600,100,4700,4700,0,17200,17300,100,0.58,17252,17289,37,3.9,3.9,0.0,2026-W40,2026-W41
Thung Wars,https://poki.com/en/g/thung-wars,Peynir Games,Strategy Games,25900,26000,100,5100,5100,0,31000,31100,100,0.32,31012,31124,112,4.3,4.3,0.0,2026-W40,2026-W41
Swimming Pro,https://poki.com/en/g/swimming-pro,Codethislab,Sports Games,49600,49600,0,11400,11500,100,61000,61100,100,0.16,61026,61088,62,4.3,4.3,0.0,2026-W40,2026-W41
Digging Master,https://poki.com/en/g/digging-master,NoPowerup,Simulation Games,191500,191600,100,23600,23600,0,215100,215200,100,0.05,215062,215240,178,4.6,4.6,0.0,2026-W40,2026-W41
Ninja Action 2,https://poki.com/en/g/ninja-action-2,Freak X Apps,Skill Games,38200,38300,100,6900,6900,0,45100,45200,100,0.22,45162,45169,7,4.4,4.4,0.0,2026-W40,2026-W41
Yummy Super Pizza,https://poki.com/en/g/yummy-super-pizza,"studio based in South Surabaya, Indonesia. They have many other cute games on Poki: Funny Travelling Airport , Funny Throat Surgery 2 , Yummy Waffle Ice Cream , Cooking Korean Lesson , Funny Pet Haircut , Funny Nose Surgery , funny-rescue-zookeeper, funny-pet-rescue and Hipster vs Rockers Rating 4.3 updated Sep 2021 About this game controls Mouse click or Tap to pick up and use an object. Supported devices desktop, phone and tablet developer Go Panda Games Studio",Simulation Games,136600,136700,100,26600,26600,0,163200,163300,100,0.06,163147,163253,106,4.3,4.3,0.0,2026-W40,2026-W41
Nekopirate: Quest for Gold!,https://poki.com/en/g/nekopirate-quest-for-gold,AJ Ordaz,Platform Games,6700,6800,100,1400,1400,0,8100,8200,100,1.23,8135,8157,22,4.3,4.3,0.0,2026-W40,2026-W41
World's Hardest Game,https://poki.com/en/g/worlds-hardest-game,Snubby Land,Skill Games,8400,8500,100,2700,2700,0,11100,11200,100,0.9,11039,11159,120,4.0,4.0,0.0,2026-W40,2026-W41
G-Switch,https://poki.com/en/g/gswitch,Serius Games,Platform Games,135900,136000,100,21500,21500,0,157400,157500,100,0.06,157330,157438,108,4.5,4.5,0.0,2026-W40,2026-W41
Fruity Party,https://poki.com/en/g/fruity-party,Coolgames B.V.,Puzzle Games,10100,10200,100,3200,3200,0,13300,13400,100,0.75,13309,13332,23,4.0,4.0,0.0,2026-W40,2026-W41
Forgotten Hill Disillusion: The Library,https://poki.com/en/g/forgotten-hill-disillusion-the-library,FM Studio,Adventure Games,39400,39500,100,11800,11800,0,51200,51300,100,0.2,51272,51335,63,4.1,4.1,0.0,2026-W40,2026-W41
Deer Simulator,https://poki.com/en/g/deer-simulator,CyberGoldFinch,Simulation Games,176200,176300,100,19600,19600,0,195800,195900,100,0.05,195811,195876,65,4.6,4.6,0.0,2026-W40,2026-W41
Samurai Punch,https://poki.com/en/g/samurai-punch,Panda Pasha Games,Simulation Games,9200,9300,100,1600,1600,0,10800,10900,100,0.93,10889,10909,20,4.4,4.4,0.0,2026-W40,2026-W41
Idle Breakout,https://poki.com/en/g/idle-breakout,Kodiqi,Idle Games,39600,39700,100,7000,7000,0,46600,46700,100,0.21,46640,46695,55,4.4,4.4,0.0,2026-W40,2026-W41
Where Is? Find Hidden Objects,https://poki.com/en/g/where-is-find-hidden-objects,Unico Studio,Puzzle Games,15100,15200,100,4900,4900,0,20000,20100,100,0.5,20023,20119,96,4.0,4.0,0.0,2026-W40,2026-W41
Ledge Throw,https://poki.com/en/g/ledge-throw,Robert Alvarez,Skill Games,81100,81200,100,32000,32000,0,113100,113200,100,0.09,113112,113200,88,3.9,3.9,0.0,2026-W40,2026-W41
Doodle God,https://poki.com/en/g/doodle-god,JoyBits,Brain Games,82900,83000,100,14600,14600,0,97500,97600,100,0.1,97539,97597,58,4.4,4.4,0.0,2026-W40,2026-W41
Where is My Cat?,https://poki.com/en/g/where-is-my-cat,Slab Games,Brain Games,104600,104700,100,24200,24200,0,128800,128900,100,0.08,128793,128843,50,4.3,4.3,0.0,2026-W40,2026-W41
Dress Up The Lovely Princess,https://poki.com/en/g/dress-up-the-lovely-princess,Playtouch,Beauty Games,330200,330300,100,40100,40100,0,370300,370400,100,0.03,370260,370341,81,4.6,4.6,0.0,2026-W40,2026-W41
Tictoc KPOP Fashion,https://poki.com/en/g/tictoc-kpop-fashion,"studio based in South Surabaya, Indonesia. They have many other cute games on Poki: Funny Puppy Emergency , Yummy Taco , Funny Cooking Camp , Funny Camping Day , Funny Travelling Airport , Funny Throat Surgery 2 , Yummy Waffle Ice Cream , Cooking Korean Lesson , Funny Pet Haircut , funny-puppy-dressup, funny-kitty-dressup, Funny Nose Surgery , and Hipster vs Rockers How can I play TicToc KPop Fashion for free? You can play TicToc KPop Fashion for free on Poki. Can I play TicToc KPop Fashion on mobile devices and desktop? TicToc KPop Fashion can be played on your computer and mobile devices like phones and tablets. Rating 4.3 updated Mar 2023 About this game controls Mouse click or tap on an outfit or accessory to put it on. Mouse click the hint button for a hint. Supported devices desktop, phone and tablet developer Go Panda Games Studio",Beauty Games,217500,217600,100,44600,44600,0,262100,262200,100,0.04,262068,262186,118,4.3,4.3,0.0,2026-W40,2026-W41
Steve and the Duck: Shooter,https://poki.com/en/g/steve-and-the-duck-shooter,Sakkat Studio,Shooting Games,5400,5500,100,1100,1100,0,6500,6600,100,1.54,6549,6560,11,4.3,4.3,0.0,2026-W40,2026-W41
Dadish 3D,https://poki.com/en/g/dadish-3d,"based in New Zealand. Play their other games on Poki: Dadish , Dadish 2 , Dadish 3 , fowlst, Super Fowlst , and Super Fowlst 2 Rating 4.3 updated Sep 2024 About this game controls W, A, S, D or Up arrow, Down arrow, Left arrow, Right arrow to move. Spacebar to jump. Supported devices desktop, phone and tablet developer Thomas K. Young",Platform Games,6200,6300,100,1300,1300,0,7500,7600,100,1.33,7497,7519,22,4.3,4.3,0.0,2026-W40,2026-W41
Bad Ice-Cream,https://poki.com/en/g/bad-ice-cream,Nitrome,Arcade Games,1600000,1600000,0,206000,206100,100,1806000,1806100,100,0.01,1760159,1760883,724,4.5,4.5,0.0,2026-W40,2026-W41
Stickman Army: The Defenders,https://poki.com/en/g/stickman-army-the-defenders,Playtouch,Strategy Games,355800,355900,100,52800,52800,0,408600,408700,100,0.02,408581,408724,143,4.5,4.5,0.0,2026-W40,2026-W41
Emoji Coloring,https://poki.com/en/g/emoji-coloring,illusivegames,Decoration Games,47300,47400,100,9000,9000,0,56300,56400,100,0.18,56302,56412,110,4.4,4.4,0.0,2026-W40,2026-W41
Mine Cartoon: Cube World,https://poki.com/en/g/mine-cartoon-cube-world,Art Industries,Puzzle Games,25100,25200,100,5500,5500,0,30600,30700,100,0.33,30651,30675,24,4.3,4.3,0.0,2026-W40,2026-W41
Speed King,https://poki.com/en/g/speed-king,Fancade,Arcade Games,57200,57300,100,10700,10700,0,67900,68000,100,0.15,67914,67964,50,4.4,4.4,0.0,2026-W40,2026-W41
Little Alchemy 2,https://poki.com/en/g/little-alchemy-2,Recloak,Puzzle Games,265400,265500,100,53000,53000,0,318400,318500,100,0.03,318438,318479,41,4.3,4.3,0.0,2026-W40,2026-W41
Mimelet,https://poki.com/en/g/mimelet,Neutronized,Platform Games,33500,33600,100,6100,6100,0,39600,39700,100,0.25,39646,39667,21,4.4,4.4,0.0,2026-W40,2026-W41
Love Finder Profile,https://poki.com/en/g/love-finder-profile,Idea Studios,Beauty Games,463000,463100,100,76800,76800,0,539800,539900,100,0.02,539804,539897,93,4.4,4.4,0.0,2026-W40,2026-W41
Mosaic Puzzle Art,https://poki.com/en/g/mosaic-puzzle-art,TapLabGames,Brain Games,129800,129900,100,33900,33900,0,163700,163800,100,0.06,163720,163858,138,4.2,4.2,0.0,2026-W40,2026-W41
Merge Rot,https://poki.com/en/g/merge-rot,TapMen,Brain Games,493200,493300,100,69700,69700,0,562900,563000,100,0.02,562888,562985,97,4.5,4.5,0.0,2026-W40,2026-W41
Cat Clicker RE,https://poki.com/en/g/cat-clicker-re,Denis Olenison,Idle Games,23200,23300,100,3100,3100,0,26300,26400,100,0.38,26249,26429,180,4.5,4.5,0.0,2026-W40,2026-W41
Bunny Farm,https://poki.com/en/g/bunny-farm,Angelo Studio,Simulation Games,15900,16000,100,2500,2500,0,18400,18500,100,0.54,18413,18469,56,4.5,4.5,0.0,2026-W40,2026-W41
Duel of Chance,https://poki.com/en/g/duel-of-chance,Marcus7z,Fighting Games,21100,21200,100,5100,5100,0,26200,26300,100,0.38,26147,26291,144,4.2,4.2,0.0,2026-W40,2026-W41
Ragdoll Fall,https://poki.com/en/g/ragdoll-fall,QKY Games,Skill Games,22400,22500,100,4200,4200,0,26600,26700,100,0.38,26623,26638,15,4.4,4.4,0.0,2026-W40,2026-W41
Dyna Boy,https://poki.com/en/g/dyna-boy,Neutronized,Platform Games,70200,70300,100,11400,11400,0,81600,81700,100,0.12,81652,81767,115,4.4,4.4,0.0,2026-W40,2026-W41
Duck Life,https://poki.com/en/g/duck-life,Wix Games,Simulation Games,316100,316200,100,52600,52600,0,368700,368800,100,0.03,368716,368878,162,4.4,4.4,0.0,2026-W40,2026-W41
Smash Karts,https://poki.com/en/g/smash-karts,Tall Team,Driving Games,1300000,1300000,0,222300,222400,100,1522300,1522400,100,0.01,1511335,1512975,1640,4.4,4.4,0.0,2026-W40,2026-W41
Lafufu Blind Box Dress Up,https://poki.com/en/g/lafufu-blind-box-dress-up,Playrea,Beauty Games,11900,12000,100,2500,2500,0,14400,14500,100,0.69,14355,14568,213,4.3,4.3,0.0,2026-W40,2026-W41
Fortride: Open World,https://poki.com/en/g/fortride-open-world,Brain Software,Driving Games,499900,500000,100,71300,71300,0,571200,571300,100,0.02,571204,571307,103,4.5,4.5,0.0,2026-W40,2026-W41
Adventure Drivers,https://poki.com/en/g/adventure-drivers,Domas Kazragis,Racing Games,422900,423000,100,81400,81400,0,504300,504400,100,0.02,504370,504411,41,4.3,4.3,0.0,2026-W40,2026-W41
Skywire VIP,https://poki.com/en/g/skywire-vip,Nitrome,Arcade Games,4600,4700,100,2300,2300,0,6900,7000,100,1.45,6930,7005,75,3.7,3.7,0.0,2026-W40,2026-W41
Rummy,https://poki.com/en/g/rummy,Codethislab,Card Games,39900,39900,0,13000,13100,100,52900,53000,100,0.19,52894,53007,113,4.0,4.0,0.0,2026-W40,2026-W41
Pirate Heroes - Sea Battles,https://poki.com/en/g/pirate-heroes-sea-battles,Cool Bears Game Studio,Adventure Games,10200,10300,100,2200,2200,0,12400,12500,100,0.81,12393,12420,27,4.3,4.3,0.0,2026-W40,2026-W41
A Cleaning Story,https://poki.com/en/g/a-cleaning-story,AJ Ordaz,Simulation Games,14100,14200,100,4000,4000,0,18100,18200,100,0.55,18176,18225,49,4.1,4.1,0.0,2026-W40,2026-W41
Sling World Cup,https://poki.com/en/g/sling-world-cup,Rujo Games,Sports Games,65700,65800,100,18800,18800,0,84500,84600,100,0.12,84559,84628,69,4.1,4.1,0.0,2026-W40,2026-W41
G-Switch 3,https://poki.com/en/g/g-switch-3,Serius Games,Skill Games,1600000,1600000,0,292000,292100,100,1892000,1892100,100,0.01,1913509,1914338,829,4.4,4.4,0.0,2026-W40,2026-W41
circloO XL,https://poki.com/en/g/circloo-xl,Florian van Strien,Skill Games,22500,22600,100,3600,3600,0,26100,26200,100,0.38,26089,26210,121,4.4,4.4,0.0,2026-W40,2026-W41
Cow Bay,https://poki.com/en/g/cow-bay,7Spot Games,Simulation Games,207500,207600,100,30100,30100,0,237600,237700,100,0.04,237535,237678,143,4.5,4.5,0.0,2026-W40,2026-W41
Light the Lamp,https://poki.com/en/g/light-the-lamp,Eray Zesen,Brain Games,14200,14300,100,3500,3500,0,17700,17800,100,0.56,17783,17814,31,4.2,4.2,0.0,2026-W40,2026-W41
2 Minute Football Classic,https://poki.com/en/g/2-minute-football-classic,igamebank,Sports Games,53300,53400,100,4600,4600,0,57900,58000,100,0.17,57906,58050,144,4.7,4.7,0.0,2026-W40,2026-W41
Traveling Guide Curly,https://poki.com/en/g/traveling-guide-curly,Idea Studios,Beauty Games,367800,367900,100,41300,41300,0,409100,409200,100,0.02,409090,409242,152,4.6,4.6,0.0,2026-W40,2026-W41
Tube Jumpers,https://poki.com/en/g/tube-jumpers,Neweichgames,Skill Games,63000,63000,0,10900,11000,100,73900,74000,100,0.14,73900,73991,91,4.4,4.4,0.0,2026-W40,2026-W41
Traffic Rush!,https://poki.com/en/g/traffic-rush,NoPowerup,Arcade Games,565500,565600,100,91400,91400,0,656900,657000,100,0.02,656888,656966,78,4.4,4.4,0.0,2026-W40,2026-W41
Shapes,https://poki.com/en/g/shapes,InfinityGames.io,Puzzle Games,35600,35700,100,5600,5600,0,41200,41300,100,0.24,41184,41214,30,4.5,4.5,0.0,2026-W40,2026-W41
Touchdowners,https://poki.com/en/g/touchdowners,Colin Lane Games AB,Sports Games,50300,50400,100,13200,13200,0,63500,63600,100,0.16,63569,63616,47,4.2,4.2,0.0,2026-W40,2026-W41
Love Balls,https://poki.com/en/g/love-balls,Lion Studios,Brain Games,122500,122600,100,19100,19100,0,141600,141700,100,0.07,141539,141742,203,4.5,4.5,0.0,2026-W40,2026-W41
Pick Up Associations,https://poki.com/en/g/pick-up-associations,Sakkat Studio,Puzzle Games,9600,9700,100,2400,2400,0,12000,12100,100,0.83,12027,12030,3,4.2,4.2,0.0,2026-W40,2026-W41
Cherry On The Cake,https://poki.com/en/g/cherry-on-the-cake,Kebit,Skill Games,7800,7900,100,1200,1200,0,9000,9100,100,1.11,9033,9061,28,4.5,4.5,0.0,2026-W40,2026-W41
Fashion Odyssey Country2country,https://poki.com/en/g/fashion-odyssey-country2country,CGSpot,Beauty Games,16100,16200,100,3800,3800,0,19900,20000,100,0.5,19952,19991,39,4.2,4.2,0.0,2026-W40,2026-W41
Pizza Tower,https://poki.com/en/g/pizza-tower,Beedo Games,Idle Games,24300,24400,100,4400,4400,0,28700,28800,100,0.35,28650,28741,91,4.4,4.4,0.0,2026-W40,2026-W41
Dwerg,https://poki.com/en/g/dwerg,kokos.games,Adventure Games,23700,23700,0,3700,3800,100,27400,27500,100,0.36,27435,27496,61,4.5,4.5,0.0,2026-W40,2026-W41
Noob Archer,https://poki.com/en/g/noob-archer,Vanorium,Shooting Games,540800,540900,100,90300,90300,0,631100,631200,100,0.02,631134,631222,88,4.4,4.4,0.0,2026-W40,2026-W41
Clash Of Armour,https://poki.com/en/g/clash-of-armour,Beedo Games,Strategy Games,151500,151600,100,21700,21700,0,173200,173300,100,0.06,173180,173238,58,4.5,4.5,0.0,2026-W40,2026-W41
Bowling Champion,https://poki.com/en/g/bowling-champion,Happylander,Sports Games,8600,8700,100,3700,3700,0,12300,12400,100,0.81,12347,12409,62,3.8,3.8,0.0,2026-W40,2026-W41
Raft Wars 2,https://poki.com/en/g/raft-wars-2,Martijn Kunst,Shooting Games,429100,429200,100,79500,79500,0,508600,508700,100,0.02,508585,508672,87,4.4,4.4,0.0,2026-W40,2026-W41
Basket & Ball,https://poki.com/en/g/basket-ball,Sun Temple,Skill Games,103600,103700,100,36700,36700,0,140300,140400,100,0.07,140318,140368,50,4.0,4.0,0.0,2026-W40,2026-W41
Eat the world,https://poki.com/en/g/eat-the-world,OnRush Studio,Simulation Games,75800,75900,100,18900,18900,0,94700,94800,100,0.11,94755,94836,81,4.2,4.2,0.0,2026-W40,2026-W41
Word City Crossed,https://poki.com/en/g/word-city-crossed,Unico Studio,Educational Games,115100,115200,100,27100,27100,0,142200,142300,100,0.07,142156,142350,194,4.2,4.2,0.0,2026-W40,2026-W41
Chaotic War 3,https://poki.com/en/g/chaotic-war-3,PEGASUS,Idle Games,6300,6400,100,1300,1300,0,7600,7700,100,1.32,7660,7678,18,4.3,4.3,0.0,2026-W40,2026-W41
Merge Round Racers,https://poki.com/en/g/merge-round-racers,TinyDobbins,Idle Games,352400,352500,100,61200,61200,0,413600,413700,100,0.02,413665,413696,31,4.4,4.4,0.0,2026-W40,2026-W41
Super Dangerous Dungeons,https://poki.com/en/g/super-dangerous-dungeons,Adventure Islands,Platform Games,23600,23700,100,4400,4400,0,28000,28100,100,0.36,28086,28099,13,4.4,4.4,0.0,2026-W40,2026-W41
Mekorama,https://poki.com/en/g/mekorama,Fancade,Puzzle Games,31600,31700,100,4200,4200,0,35800,35900,100,0.28,35802,35874,72,4.5,4.5,0.0,2026-W40,2026-W41
Basket Champs,https://poki.com/en/g/basket-champs,Ravalmatic,Sports Games,154400,154500,100,26300,26300,0,180700,180800,100,0.06,180701,180768,67,4.4,4.4,0.0,2026-W40,2026-W41
Marble Run Simulator,https://poki.com/en/g/marble-run-simulator,Tiaratum Games,Puzzle Games,7400,7500,100,1600,1600,0,9000,9100,100,1.11,9002,9060,58,4.3,4.3,0.0,2026-W40,2026-W41
EvoWorld io (FlyOrDie io),https://poki.com/en/g/flyordie-io,Pixel Voices,Skill Games,1500000,1500000,0,393700,393800,100,1893700,1893800,100,0.01,1937895,1938479,584,4.2,4.2,0.0,2026-W40,2026-W41
ZOOM-BE 2,https://poki.com/en/g/zoom-be-2,"and publisher. Play their other entertaining games for free on Poki : Duo Vikings , Duo Survival , Duo Survival 2 , ZOOM-BE , ZOOM-BE 3 and Truck Loader 5 Rating 4.5 updated Nov 2020 About this game controls A, D, Left arrow, or Right arrow to move. W or Up arrow to jump. S or Down arrow to kick. Supported devices desktop, phone and tablet developer 7Spot Games",Platform Games,390600,390700,100,57900,57900,0,448500,448600,100,0.02,448504,448629,125,4.5,4.5,0.0,2026-W40,2026-W41
Ninja Mouse,https://poki.com/en/g/ninja-mouse,7Spot Games,Platform Games,147200,147300,100,31800,31800,0,179000,179100,100,0.06,179035,179116,81,4.3,4.3,0.0,2026-W40,2026-W41
2 Player City Racing,https://poki.com/en/g/2-player-city-racing,Brain Software,Racing Games,127600,127700,100,21100,21100,0,148700,148800,100,0.07,148698,148852,154,4.4,4.4,0.0,2026-W40,2026-W41
Cannon Strike,https://poki.com/en/g/cannon-strike,QKY Games,Skill Games,269700,269800,100,68800,68800,0,338500,338600,100,0.03,338487,338544,57,4.2,4.2,0.0,2026-W40,2026-W41
Pony Run: Magic Trails,https://poki.com/en/g/pony-run-magic-trails,Playtouch,Skill Games,38900,39000,100,9000,9000,0,47900,48000,100,0.21,47958,47979,21,4.3,4.3,0.0,2026-W40,2026-W41
Sudoblocks,https://poki.com/en/g/sudoblocks,InfinityGames.io,Puzzle Games,79400,79400,0,29500,29600,100,108900,109000,100,0.09,108919,108943,24,3.9,3.9,0.0,2026-W40,2026-W41
Duo Vikings 3,https://poki.com/en/g/duo-vikings-3,"and publisher. They have other collaborative games on Poki: Duo Vikings 2 , Duo Vikings , Duo Survival , Duo Survival 2 , ZOOM-BE , ZOOM-BE 2 and ZOOM-BE 3 . They also have truck games like: Truck Loader 4 and Truck Loader 5 . Rating 4.4 updated Jun 2021 About this game controls A/D or Left/Right arrow keys to move. W or Up arrow key to jump. S or Down arrow key to hit/use. Supported devices desktop, phone and tablet developer 7Spot Games",Platform Games,89600,89600,0,15900,16000,100,105500,105600,100,0.09,105555,105590,35,4.4,4.4,0.0,2026-W40,2026-W41
Mowing Mazes,https://poki.com/en/g/mowing-mazes,Protostar,Puzzle Games,35000,35100,100,6100,6100,0,41100,41200,100,0.24,41076,41166,90,4.4,4.4,0.0,2026-W40,2026-W41
Alien Raid Monster Evolution,https://poki.com/en/g/alien-raid-monster-evolution,Mad Pixel Games LTD,Simulation Games,18100,18200,100,3900,3900,0,22000,22100,100,0.45,21991,22169,178,4.3,4.3,0.0,2026-W40,2026-W41
Forgotten Hill: The Wardrobe 3,https://poki.com/en/g/forgotten-hill-the-wardrobe-3,FM Studio,Puzzle Games,26300,26400,100,9000,9000,0,35300,35400,100,0.28,35255,35323,68,4.0,4.0,0.0,2026-W40,2026-W41
Word Boss,https://poki.com/en/g/word-boss,Eidosk,Brain Games,3400,3500,100,1100,1100,0,4500,4600,100,2.22,4524,4543,19,4.0,4.0,0.0,2026-W40,2026-W41
Infinity Loop,https://poki.com/en/g/infinity-loop,InfinityGames.io,Puzzle Games,86000,86100,100,20000,20000,0,106000,106100,100,0.09,105928,106075,147,4.3,4.3,0.0,2026-W40,2026-W41
Scary Maze,https://poki.com/en/g/scary-maze,Terminarch Games,Skill Games,43100,43200,100,15700,15700,0,58800,58900,100,0.17,58846,58882,36,3.9,3.9,0.0,2026-W40,2026-W41
Super Girl Story,https://poki.com/en/g/super-girl-story,MarketJS,Adventure Games,75200,75300,100,36700,36700,0,111900,112000,100,0.09,111957,112038,81,3.7,3.7,0.0,2026-W40,2026-W41
Truck Loader 4,https://poki.com/en/g/truck-loader-4,"and publisher. Try to also complete Truck Loader 5 on Poki . Rating 4.4 updated Nov 2021 About this game controls A/D to move left/right. W to jump. Point and click with your mouse to pick up boxes. Supported devices desktop, phone and tablet developer 7Spot Games",Puzzle Games,127200,127300,100,23500,23500,0,150700,150800,100,0.07,150709,150732,23,4.4,4.4,0.0,2026-W40,2026-W41
Stickman War,https://poki.com/en/g/stickman-war,QKY Games,Shooting Games,122400,122500,100,25500,25500,0,147900,148000,100,0.07,147846,147957,111,4.3,4.3,0.0,2026-W40,2026-W41
Horror Dungeon 3D,https://poki.com/en/g/horror-dungeon-3d,Studio Laaya,Adventure Games,36100,36200,100,10700,10700,0,46800,46900,100,0.21,46776,46897,121,4.1,4.1,0.0,2026-W40,2026-W41
Chessformer,https://poki.com/en/g/chessformer,Robert Alvarez,Puzzle Games,42600,42700,100,12900,12900,0,55500,55600,100,0.18,55452,55558,106,4.1,4.1,0.0,2026-W40,2026-W41
Mahjong Sweet Connection,https://poki.com/en/g/mahjong-sweet-connection,TapLabGames,Puzzle Games,15100,15200,100,5200,5200,0,20300,20400,100,0.49,20316,20341,25,4.0,4.0,0.0,2026-W40,2026-W41
Chess Grandmaster,https://poki.com/en/g/chess-grandmaster,Ravalmatic,Board Games,12700,12700,0,4500,4600,100,17200,17300,100,0.58,17240,17276,36,4.0,4.0,0.0,2026-W40,2026-W41
Fleeing the Complex,https://poki.com/en/g/fleeing-the-complex,PuffballsUnited,Brain Games,2300000,2300000,0,164500,164600,100,2464500,2464600,100,0.0,2416993,2418575,1582,4.7,4.7,0.0,2026-W40,2026-W41
Survivor Z,https://poki.com/en/g/survivor-z,MadeByChaz,Action Games,5100,5200,100,1100,1100,0,6200,6300,100,1.61,6275,6281,6,4.3,4.3,0.0,2026-W40,2026-W41
Idle Startup Tycoon,https://poki.com/en/g/idle-startup-tycoon,MarketJS,Simulation Games,109000,109100,100,13200,13200,0,122200,122300,100,0.08,122166,122241,75,4.6,4.6,0.0,2026-W40,2026-W41
Stacktris,https://poki.com/en/g/stacktris,Fancade,Arcade Games,97400,97500,100,22500,22500,0,119900,120000,100,0.08,119843,119978,135,4.3,4.3,0.0,2026-W40,2026-W41
Tri Peaks,https://poki.com/en/g/tri-peaks,"based in the United Kingdom who has many entertaining and thought-provoking games on Poki such as monster-mash, wordsmith, wordy-pop, Australian Patience and Solitaire Golf ! Rating 3.9 updated Nov 2020 About this game controls Use the mouse cursor to choose a card. Mouse click to play it. Supported devices desktop, phone and tablet developer DrMop Games",Card Games,15400,15500,100,6100,6100,0,21500,21600,100,0.47,21561,21571,10,3.9,3.9,0.0,2026-W40,2026-W41
Hypersnake,https://poki.com/en/g/hypersnake,BuyHTML5,Arcade Games,196500,196600,100,36600,36600,0,233100,233200,100,0.04,233121,233173,52,4.4,4.4,0.0,2026-W40,2026-W41
Shipo.io,https://poki.com/en/g/shipo-io,OnRush Studio,Shooting Games,59400,59500,100,14000,14000,0,73400,73500,100,0.14,73395,73521,126,4.2,4.2,0.0,2026-W40,2026-W41
Truck Loader,https://poki.com/en/g/truck-loader,"and publisher. They have other great puzzle and platform games on Poki: Duo Survival , Duo Survival 2 , Duo Survival 3 , Duo Vikings , Duo Vikings 2 , Duo Vikings 3 , Truck Loader 2 , Truck Loader 3 , Truck Loader 4 , Truck Loader 5 , ZOOM-BE , ZOOM-BE 2 and ZOOM-BE 3 Rating 4.2 updated Nov 2021 About this game controls A/D to move left/right. W to jump. Point and click with your mouse to pick up boxes. Supported devices desktop, phone and tablet developer 7Spot Games",Puzzle Games,64000,64099,99,16100,16100,0,80100,80199,99,0.12,80128,80167,39,4.2,4.2,0.0,2026-W40,2026-W41
Emoji Factory,https://poki.com/en/g/emoji-factory,Dinobros,Idle Games,302,370,68,42,49,7,344,419,75,21.8,344,419,75,4.5,4.5,0.0,2026-W40,2026-W41
My Dream House Makeover,https://poki.com/en/g/my-dream-house-makeover,GeniGames,Simulation Games,208,271,63,48,58,10,256,329,73,28.52,256,329,73,4.3,4.3,0.0,2026-W40,2026-W41
Cafe Merge,https://poki.com/en/g/cafe-merge,Refold,Puzzle Games,132,188,56,35,48,13,167,236,69,41.32,167,236,69,4.2,4.2,0.0,2026-W40,2026-W41
Ghost Rush,https://poki.com/en/g/ghost-rush,OSA Studio,Arcade Games,577,636,59,103,108,5,680,744,64,9.41,680,744,64,4.4,4.4,0.0,2026-W40,2026-W41
Word Solitaire,https://poki.com/en/g/word-solitaire,Unico Studio,Puzzle Games,420,473,53,123,130,7,543,603,60,11.05,543,603,60,4.1,4.1,0.0,2026-W40,2026-W41
Reroute,https://poki.com/en/g/reroute,Yodco Media,Strategy Games,203,252,49,57,61,4,260,313,53,20.38,260,313,53,4.1,4.2,0.1,2026-W40,2026-W41
First and Ten,https://poki.com/en/g/first-and-ten,Glowmonkey,Sports Games,781,827,46,138,143,5,919,970,51,5.55,919,970,51,4.4,4.4,0.0,2026-W40,2026-W41
SwipeFruit,https://poki.com/en/g/swipefruit,Paquam,Arcade Games,125,173,48,23,23,0,148,196,48,32.43,148,196,48,4.4,4.5,0.1,2026-W40,2026-W41
Bubbleshooter x Basketball 3D,https://poki.com/en/g/bubbleshooter-x-basketball-3d,splax.net,Skill Games,786,818,32,227,237,10,1013,1055,42,4.15,1013,1055,42,4.1,4.1,0.0,2026-W40,2026-W41
Siegeward,https://poki.com/en/g/siegeward,Pinkfun Studio,Strategy Games,273,309,36,54,60,6,327,369,42,12.84,327,369,42,4.3,4.3,0.0,2026-W40,2026-W41
Pet Mahjong 3D,https://poki.com/en/g/pet-mahjong-3d,Adgard,Puzzle Games,133,163,30,41,52,11,174,215,41,23.56,174,215,41,4.1,4.0,-0.1,2026-W40,2026-W41
Little Planet Lumberjack,https://poki.com/en/g/little-planet-lumberjack,mtsai,Adventure Games,42,74,32,15,18,3,57,92,35,61.4,57,92,35,4.0,4.2,0.2,2026-W40,2026-W41
Brainrot Miner,https://poki.com/en/g/brainrot-miner,Basurita Games,Adventure Games,531,562,31,147,151,4,678,713,35,5.16,678,713,35,4.1,4.2,0.1,2026-W40,2026-W41
My Snack Bar,https://poki.com/en/g/my-snack-bar,Camu,Simulation Games,146,167,21,38,40,2,184,207,23,12.5,184,207,23,4.2,4.2,0.0,2026-W40,2026-W41
Pixel Perfect,https://poki.com/en/g/pixel-perfect,Delfino,Puzzle Games,3200,3200,0,874,897,23,4074,4097,23,0.56,4040,4144,104,4.1,4.1,0.0,2026-W40,2026-W41
Talking Tom Drop & Pop,https://poki.com/en/g/talking-tom-drop-and-pop,Outfit7,Puzzle Games,242,256,14,39,46,7,281,302,21,7.47,281,302,21,4.4,4.4,0.0,2026-W40,2026-W41
Graveyard Shift,https://poki.com/en/g/graveyard-shift,Nitrome,Shooting Games,796,810,14,224,227,3,1020,1037,17,1.67,1020,1037,17,4.1,4.1,0.0,2026-W40,2026-W41
Demolition Simulator,https://poki.com/en/g/demolition-simulator,dotekse,Driving Games,1500,1500,0,426,443,17,1926,1943,17,0.88,1910,1963,53,4.1,4.1,0.0,2026-W40,2026-W41
Skywire VIP Shuffle,https://poki.com/en/g/skywire-vip-shuffle,Nitrome,Arcade Games,2000,2000,0,953,967,14,2953,2967,14,0.47,2906,2940,34,3.7,3.7,0.0,2026-W40,2026-W41
Ride Carts,https://poki.com/en/g/ride-carts,Fluffy,Simulation Games,1100,1100,0,288,301,13,1388,1401,13,0.94,1374,1434,60,4.2,4.2,0.0,2026-W40,2026-W41
Ludo Online,https://poki.com/en/g/ludo-online,InfinityGames.io,Board Games,1700,1700,0,767,779,12,2467,2479,12,0.49,2465,2504,39,3.8,3.8,0.0,2026-W40,2026-W41
Keyboard Warrior,https://poki.com/en/g/keyboard-warrior,Set Snail,Arcade Games,2200,2200,0,989,1000,11,3189,3200,11,0.34,3142,3222,80,3.7,3.7,0.0,2026-W40,2026-W41
Numbers Match 2448,https://poki.com/en/g/numbers-match,Yodco Media,Puzzle Games,1200,1200,0,482,492,10,1682,1692,10,0.59,1690,1728,38,3.9,3.9,0.0,2026-W40,2026-W41
Slime Dunk!,https://poki.com/en/g/slime-dunk,Venturous,Arcade Games,5000,5000,0,973,982,9,5973,5982,9,0.15,5930,5974,44,4.3,4.3,0.0,2026-W40,2026-W41
Magneboy,https://poki.com/en/g/magneboy,Nitrome,Puzzle Games,563,571,8,123,124,1,686,695,9,1.31,686,695,9,4.3,4.3,0.0,2026-W40,2026-W41
Rainbogeddon,https://poki.com/en/g/rainbogeddon,Nitrome,Arcade Games,708,715,7,241,243,2,949,958,9,0.95,949,958,9,4.0,4.0,0.0,2026-W40,2026-W41
Kitten Out,https://poki.com/en/g/kitten-out,Playrea,Puzzle Games,495,501,6,83,85,2,578,586,8,1.38,578,586,8,4.4,4.4,0.0,2026-W40,2026-W41
Rubble Trouble Tokyo,https://poki.com/en/g/rubble-trouble-tokyo,Nitrome,Brain Games,227,233,6,58,60,2,285,293,8,2.81,285,293,8,4.2,4.2,0.0,2026-W40,2026-W41
Subway Surfers Match,https://poki.com/en/g/subway-surfers-match,Sybo,Puzzle Games,2800,2800,0,906,914,8,3706,3714,8,0.22,3658,3676,18,4.0,4.0,0.0,2026-W40,2026-W41
Dino Quake,https://poki.com/en/g/dino-quake,Neutronized,Arcade Games,5200,5200,0,948,956,8,6148,6156,8,0.13,6115,6168,53,4.4,4.4,0.0,2026-W40,2026-W41
Cat Bird,https://poki.com/en/g/cat-bird,Raiyumi,Platform Games,8400,8400,0,960,967,7,9360,9367,7,0.07,9332,9412,80,4.6,4.6,0.0,2026-W40,2026-W41
Sticker Slider,https://poki.com/en/g/sticker-slider,Unico Studio,New Games,27,33,6,4,5,1,31,38,7,22.58,31,38,7,4.5,4.5,0.0,2026-W40,2026-W41
Block for Blood,https://poki.com/en/g/block-for-blood,Purrfect Games,Action Games,2300,2300,0,589,595,6,2889,2895,6,0.21,2872,2904,32,4.2,4.2,0.0,2026-W40,2026-W41
Stickman Merge,https://poki.com/en/g/stickman-merge,Shima,Idle Games,2200,2200,0,342,348,6,2542,2548,6,0.24,2560,2594,34,4.5,4.5,0.0,2026-W40,2026-W41
Find it!,https://poki.com/en/g/find-it,Basurita Games,Puzzle Games,1500,1500,0,546,552,6,2046,2052,6,0.29,2016,2044,28,3.9,3.9,0.0,2026-W40,2026-W41
Stumped,https://poki.com/en/g/stumped,Nitrome,Puzzle Games,175,178,3,81,84,3,256,262,6,2.34,256,262,6,3.7,3.7,0.0,2026-W40,2026-W41
Tiny Game Shop Tycoon,https://poki.com/en/g/tiny-game-shop-tycoon,Done23,Simulation Games,1700,1700,0,256,262,6,1956,1962,6,0.31,1953,1980,27,4.5,4.5,0.0,2026-W40,2026-W41
Hot Air Jr,https://poki.com/en/g/hot-air-jr,Nitrome,Skill Games,215,220,5,42,43,1,257,263,6,2.33,257,263,6,4.3,4.3,0.0,2026-W40,2026-W41
Critter Chaos,https://poki.com/en/g/critter-chaos,FGL Games,Action Games,1600,1600,0,609,615,6,2209,2215,6,0.27,2241,2251,10,3.9,3.9,0.0,2026-W40,2026-W41
Veggie Merge,https://poki.com/en/g/veggie-merge,AJ Ordaz,Puzzle Games,1100,1100,0,485,490,5,1585,1590,5,0.32,1610,1623,13,3.8,3.8,0.0,2026-W40,2026-W41
Temple Glider,https://poki.com/en/g/temple-glider,Nitrome,Platform Games,950,955,5,237,237,0,1187,1192,5,0.42,1187,1192,5,4.2,4.2,0.0,2026-W40,2026-W41
Satisbox Builder,https://poki.com/en/g/satisbox-builder,Ercin,Brain Games,2600,2600,0,785,790,5,3385,3390,5,0.15,3344,3376,32,4.1,4.1,0.0,2026-W40,2026-W41
Canopy,https://poki.com/en/g/canopy,Nitrome,Skill Games,1900,1900,0,391,396,5,2291,2296,5,0.22,2289,2309,20,4.3,4.3,0.0,2026-W40,2026-W41
Chick Flix,https://poki.com/en/g/chick-flix,Playerthree,Skill Games,1300,1300,0,203,208,5,1503,1508,5,0.33,1492,1526,34,4.5,4.5,0.0,2026-W40,2026-W41
Cheese Dreams: New Moon,https://poki.com/en/g/cheese-dreams-new-moon,Nitrome,Platform Games,264,267,3,80,82,2,344,349,5,1.45,344,349,5,4.1,4.1,0.0,2026-W40,2026-W41
Find the Nibbys!,https://poki.com/en/g/find-the-nibbys,Buldogo Games,Adventure Games,3800,3800,0,862,866,4,4662,4666,4,0.09,4660,4674,14,4.3,4.3,0.0,2026-W40,2026-W41
Clash of Cards,https://poki.com/en/g/clash-of-cards,Toonminator,Action Games,2300,2300,0,482,486,4,2782,2786,4,0.14,2764,2806,42,4.3,4.3,0.0,2026-W40,2026-W41
Find a cat,https://poki.com/en/g/find-a-cat,Ginger Rat Games,Puzzle Games,497,498,1,215,218,3,712,716,4,0.56,712,716,4,3.8,3.8,0.0,2026-W40,2026-W41
Zombit,https://poki.com/en/g/zombit,FGL Games,Simulation Games,4500,4500,0,716,720,4,5216,5220,4,0.08,5186,5204,18,4.5,4.5,0.0,2026-W40,2026-W41
Sea of Sharks,https://poki.com/en/g/sea-of-sharks,Sleepless Games,Sports Games,1100,1100,0,269,273,4,1369,1373,4,0.29,1376,1398,22,4.2,4.2,0.0,2026-W40,2026-W41
Swords and Sandals,https://poki.com/en/g/swords-and-sandals,Whiskeybarrel Studios,Fighting Games,4300,4300,0,857,861,4,5157,5161,4,0.08,5180,5203,23,4.3,4.3,0.0,2026-W40,2026-W41
Hot Air,https://poki.com/en/g/hot-air,Nitrome,Skill Games,205,208,3,59,60,1,264,268,4,1.52,264,268,4,4.1,4.1,0.0,2026-W40,2026-W41
Tap Tricks,https://poki.com/en/g/tap-tricks,Gesinimo Games,Sports Games,3700,3700,0,940,944,4,4640,4644,4,0.09,4595,4608,13,4.2,4.2,0.0,2026-W40,2026-W41
Evolution Game,https://poki.com/en/g/evolution-game,Dinobros,Simulation Games,3100,3100,0,634,638,4,3734,3738,4,0.11,3734,3748,14,4.3,4.3,0.0,2026-W40,2026-W41
Jackfrost,https://poki.com/en/g/jackfrost,Nitrome,Platform Games,1500,1500,0,358,362,4,1858,1862,4,0.22,1815,1828,13,4.2,4.2,0.0,2026-W40,2026-W41
Merge Monster Battles,https://poki.com/en/g/merge-monster-battles,Entrevero Games,Idle Games,5300,5300,0,741,745,4,6041,6045,4,0.07,6034,6069,35,4.5,4.5,0.0,2026-W40,2026-W41
Turn Undead,https://poki.com/en/g/turn-undead,Nitrome,Platform Games,572,576,4,141,141,0,713,717,4,0.56,713,717,4,4.2,4.2,0.0,2026-W40,2026-W41
J-J-Jump,https://poki.com/en/g/j-j-jump,Nitrome,Arcade Games,341,345,4,131,131,0,472,476,4,0.85,472,476,4,3.9,3.9,0.0,2026-W40,2026-W41
Cozyville. Find Hidden Objects,https://poki.com/en/g/cozyville-find-hidden-objects,Room 606,Puzzle Games,1700,1700,0,489,493,4,2189,2193,4,0.18,2219,2238,19,4.1,4.1,0.0,2026-W40,2026-W41
Oodlegobs,https://poki.com/en/g/oodlegobs,Nitrome,Platform Games,1800,1800,0,500,504,4,2300,2304,4,0.17,2252,2267,15,4.1,4.1,0.0,2026-W40,2026-W41
Merge Mosaics,https://poki.com/en/g/merge-mosaics,Adgard,Puzzle Games,2200,2200,0,663,667,4,2863,2867,4,0.14,2861,2871,10,4.1,4.1,0.0,2026-W40,2026-W41
Jelly Well,https://poki.com/en/g/jelly-well,Walaber,Puzzle Games,73,76,3,28,29,1,101,105,4,3.96,101,105,4,3.9,3.9,0.0,2026-W40,2026-W41
Ribbit,https://poki.com/en/g/ribbit,Nitrome,Arcade Games,905,907,2,287,288,1,1192,1195,3,0.25,1192,1195,3,4.0,4.0,0.0,2026-W40,2026-W41
Ogus,https://poki.com/en/g/ogus,Crazy Tech Games,Adventure Games,4100,4100,0,708,711,3,4808,4811,3,0.06,4764,4790,26,4.4,4.4,0.0,2026-W40,2026-W41
Lockehorn,https://poki.com/en/g/lockehorn,Nitrome,Arcade Games,253,255,2,29,30,1,282,285,3,1.06,282,285,3,4.6,4.6,0.0,2026-W40,2026-W41
Colourblind,https://poki.com/en/g/colourblind,Nitrome,Platform Games,1300,1300,0,207,210,3,1507,1510,3,0.2,1457,1472,15,4.4,4.4,0.0,2026-W40,2026-W41
Rolling Jump,https://poki.com/en/g/rolling-jump,Okashi Games,Arcade Games,644,647,3,205,205,0,849,852,3,0.35,849,852,3,4.0,4.0,0.0,2026-W40,2026-W41
Ice Beak,https://poki.com/en/g/ice-beak,Nitrome,Arcade Games,335,336,1,106,108,2,441,444,3,0.68,441,444,3,4.0,4.0,0.0,2026-W40,2026-W41
We Skate,https://poki.com/en/g/we-skate,Venturous,Sports Games,4400,4400,0,979,982,3,5379,5382,3,0.06,5354,5370,16,4.3,4.3,0.0,2026-W40,2026-W41
Mirror Image,https://poki.com/en/g/mirror-image,Nitrome,Puzzle Games,254,257,3,100,100,0,354,357,3,0.85,354,357,3,3.9,3.9,0.0,2026-W40,2026-W41
Sandman,https://poki.com/en/g/sandman,Nitrome,Platform Games,940,943,3,310,310,0,1250,1253,3,0.24,1250,1253,3,4.0,4.0,0.0,2026-W40,2026-W41
Block Spin,https://poki.com/en/g/block-spin,Ruim Studio,Skill Games,3800,3800,0,870,872,2,4670,4672,2,0.04,4670,4673,3,4.3,4.3,0.0,2026-W40,2026-W41
Blocky Merge,https://poki.com/en/g/blocky-merge,Ascabyrazygess,Brain Games,2000,2000,0,792,794,2,2792,2794,2,0.07,2794,2801,7,3.9,3.9,0.0,2026-W40,2026-W41
Elysian,https://poki.com/en/g/elysian,Zap Interactive,Shooting Games,3200,3200,0,950,952,2,4150,4152,2,0.05,4156,4168,12,4.1,4.1,0.0,2026-W40,2026-W41
Gunbrick,https://poki.com/en/g/gunbrick,Nitrome,Arcade Games,755,757,2,330,330,0,1085,1087,2,0.18,1085,1087,2,3.8,3.8,0.0,2026-W40,2026-W41
Rubble Trouble,https://poki.com/en/g/rubble-trouble,Nitrome,Arcade Games,2500,2500,0,666,668,2,3166,3168,2,0.06,3133,3142,9,4.2,4.2,0.0,2026-W40,2026-W41
Chef Bacon,https://poki.com/en/g/chef-bacon,SnoutUp Games,Simulation Games,1300,1300,0,245,247,2,1545,1547,2,0.13,1500,1510,10,4.3,4.3,0.0,2026-W40,2026-W41
Blast RPG,https://poki.com/en/g/blast-rpg,Nitrome,Shooting Games,384,386,2,112,112,0,496,498,2,0.4,496,498,2,4.1,4.1,0.0,2026-W40,2026-W41
Moley Miner,https://poki.com/en/g/moley-miner,Basurita Games,Adventure Games,2600,2600,0,491,493,2,3091,3093,2,0.06,3057,3074,17,4.4,4.4,0.0,2026-W40,2026-W41
Checkers Multiplayer,https://poki.com/en/g/checkers-multiplayer,InfinityGames.io,Board Games,3300,3300,0,849,851,2,4149,4151,2,0.05,4157,4192,35,4.2,4.2,0.0,2026-W40,2026-W41
Detective Lawrence,https://poki.com/en/g/detective-lawrence,FM Studio,Adventure Games,5500,5500,0,927,929,2,6427,6429,2,0.03,6394,6413,19,4.4,4.4,0.0,2026-W40,2026-W41
Elemental Master,https://poki.com/en/g/elemental-master,CHEPERGame,Puzzle Games,2000,2000,0,541,543,2,2541,2543,2,0.08,2544,2551,7,4.2,4.2,0.0,2026-W40,2026-W41
Bump Battle Royale,https://poki.com/en/g/bump-battle-royale,Nitrome,Action Games,1500,1500,0,514,516,2,2014,2016,2,0.1,2033,2045,12,4.0,4.0,0.0,2026-W40,2026-W41
The Bucket,https://poki.com/en/g/the-bucket,Nitrome,Skill Games,729,731,2,302,302,0,1031,1033,2,0.19,1031,1033,2,3.8,3.8,0.0,2026-W40,2026-W41
Sleepless Pug,https://poki.com/en/g/sleepless-pug,Nitrome,Platform Games,1400,1400,0,523,525,2,1923,1925,2,0.1,1902,1914,12,3.9,3.9,0.0,2026-W40,2026-W41
Auto Ninja,https://poki.com/en/g/auto-ninja,Omni Play,Platform Games,3300,3300,0,871,873,2,4171,4173,2,0.05,4137,4168,31,4.2,4.2,0.0,2026-W40,2026-W41
Chicken Merge 2,https://poki.com/en/g/chicken-merge-2,Beedo Games,Strategy Games,4300,4300,0,742,744,2,5042,5044,2,0.04,5059,5077,18,4.4,4.4,0.0,2026-W40,2026-W41
Nanobots,https://poki.com/en/g/nanobots,Nitrome,Arcade Games,443,445,2,106,106,0,549,551,2,0.36,549,551,2,4.2,4.2,0.0,2026-W40,2026-W41
Go Go UFO!,https://poki.com/en/g/go-go-ufo,Nitrome,Arcade Games,981,983,2,518,518,0,1499,1501,2,0.13,1499,1501,2,3.6,3.6,0.0,2026-W40,2026-W41
Fruitmates: Adventure,https://poki.com/en/g/fruitmates-adventure,Yellowbird Games,Puzzle Games,2600,2600,0,663,665,2,3263,3265,2,0.06,3278,3285,7,4.2,4.2,0.0,2026-W40,2026-W41
Dangle,https://poki.com/en/g/dangle,Nitrome,Skill Games,1200,1200,0,456,458,2,1656,1658,2,0.12,1616,1625,9,3.9,3.9,0.0,2026-W40,2026-W41
Classic Minesweeper,https://poki.com/en/g/classic-minesweeper,Ravalmatic,Brain Games,612,614,2,309,309,0,921,923,2,0.22,921,923,2,3.7,3.7,0.0,2026-W40,2026-W41
Apocalypse Merge,https://poki.com/en/g/apocalypse-merge,ParaTataTeam,Action Games,3200,3200,0,602,604,2,3802,3804,2,0.05,3785,3799,14,4.4,4.4,0.0,2026-W40,2026-W41
Cafe Simulator,https://poki.com/en/g/cafe-simulator,SwiftRoll,Simulation Games,2200,2200,0,484,486,2,2684,2686,2,0.07,2681,2687,6,4.3,4.3,0.0,2026-W40,2026-W41
Bubble Heroes,https://poki.com/en/g/bubble-heroes,Hyperkani,Skill Games,1100,1100,0,209,211,2,1309,1311,2,0.15,1338,1345,7,4.4,4.4,0.0,2026-W40,2026-W41
Chick Flick,https://poki.com/en/g/chick-flick,Nitrome,Skill Games,239,241,2,104,104,0,343,345,2,0.58,343,345,2,3.8,3.8,0.0,2026-W40,2026-W41
Magic Touch,https://poki.com/en/g/magic-touch,Nitrome,Arcade Games,676,678,2,286,286,0,962,964,2,0.21,962,964,2,3.8,3.8,0.0,2026-W40,2026-W41
Forgotten Hill: The Wardrobe 5,https://poki.com/en/g/forgotten-hill-the-wardrobe-5,FM Studio,Adventure Games,3100,3100,0,833,835,2,3933,3935,2,0.05,3964,3976,12,4.2,4.2,0.0,2026-W40,2026-W41
Flightless,https://poki.com/en/g/flightless,Nitrome,Platform Games,541,542,1,124,125,1,665,667,2,0.3,665,667,2,4.3,4.3,0.0,2026-W40,2026-W41
Off The Rails,https://poki.com/en/g/off-the-rails,Nitrome,Platform Games,3100,3100,0,573,575,2,3673,3675,2,0.05,3629,3635,6,4.4,4.4,0.0,2026-W40,2026-W41
Turnament,https://poki.com/en/g/turnament,Nitrome,Action Games,487,487,0,146,147,1,633,634,1,0.16,633,634,1,4.1,4.1,0.0,2026-W40,2026-W41
Roly Poly,https://poki.com/en/g/roly-poly,Nitrome,Arcade Games,278,279,1,149,149,0,427,428,1,0.23,427,428,1,3.6,3.6,0.0,2026-W40,2026-W41
Submolok,https://poki.com/en/g/submolok,Nitrome,Adventure Games,314,314,0,124,125,1,438,439,1,0.23,438,439,1,3.9,3.9,0.0,2026-W40,2026-W41
Step And Slash,https://poki.com/en/g/step-and-slash,Delfino,Arcade Games,1100,1100,0,271,272,1,1371,1372,1,0.07,1352,1354,2,4.2,4.2,0.0,2026-W40,2026-W41
Rockitty,https://poki.com/en/g/rockitty,Nitrome,Skill Games,335,336,1,75,75,0,410,411,1,0.24,410,411,1,4.3,4.3,0.0,2026-W40,2026-W41
Elf Backpack,https://poki.com/en/g/elf-backpack,Panda Pasha Games,Brain Games,6000,6000,0,900,901,1,6900,6901,1,0.01,6927,6939,12,4.5,4.5,0.0,2026-W40,2026-W41
ChangeType(),https://poki.com/en/g/changetype,Nitrome,Platform Games,144,145,1,52,52,0,196,197,1,0.51,196,197,1,3.9,3.9,0.0,2026-W40,2026-W41
Headcase,https://poki.com/en/g/headcase,Nitrome,Platform Games,862,863,1,152,152,0,1014,1015,1,0.1,1014,1015,1,4.4,4.4,0.0,2026-W40,2026-W41
Super Treadmill,https://poki.com/en/g/super-treadmill,Nitrome,Arcade Games,1200,1200,0,288,289,1,1488,1489,1,0.07,1464,1468,4,4.2,4.2,0.0,2026-W40,2026-W41
Adventure Miner,https://poki.com/en/g/adventure-miner,izyplay,Adventure Games,1900,1900,0,251,252,1,2151,2152,1,0.05,2147,2161,14,4.5,4.5,0.0,2026-W40,2026-W41
Cactu-Sama 2,https://poki.com/en/g/cactu-sama-2,Diemorth,Platform Games,1300,1300,0,490,491,1,1790,1791,1,0.06,1806,1808,2,3.9,3.9,0.0,2026-W40,2026-W41
Mallet Mania,https://poki.com/en/g/malletmania,Nitrome,Sports Games,2900,2900,0,897,898,1,3797,3798,1,0.03,3834,3836,2,4.1,4.1,0.0,2026-W40,2026-W41
Cube Wave,https://poki.com/en/g/cube-wave,KasSanity,Arcade Games,838,839,1,403,403,0,1241,1242,1,0.08,1241,1242,1,3.7,3.7,0.0,2026-W40,2026-W41
Royal Card Clash,https://poki.com/en/g/royal-card-clash,Gearhead Games,Card Games,3900,3900,0,657,658,1,4557,4558,1,0.02,4554,4568,14,4.4,4.4,0.0,2026-W40,2026-W41
Test Subject Arena,https://poki.com/en/g/test-subject-arena,Nitrome,Platform Games,5700,5700,0,970,971,1,6670,6671,1,0.01,6657,6664,7,4.4,4.4,0.0,2026-W40,2026-W41
Laser Quest,https://poki.com/en/g/laser-quest,InfinityGames.io,Puzzle Games,4100,4100,0,894,895,1,4994,4995,1,0.02,4988,4995,7,4.3,4.3,0.0,2026-W40,2026-W41
Match Bee,https://poki.com/en/g/match-bee,Adgard,Puzzle Games,2000,2000,0,976,977,1,2976,2977,1,0.03,3013,3018,5,3.7,3.7,0.0,2026-W40,2026-W41
Powerup,https://poki.com/en/g/powerup,Nitrome,Puzzle Games,251,251,0,126,127,1,377,378,1,0.27,377,378,1,3.7,3.7,0.0,2026-W40,2026-W41
Calamari,https://poki.com/en/g/calamari,Nitrome,Arcade Games,537,538,1,207,207,0,744,745,1,0.13,744,745,1,3.9,3.9,0.0,2026-W40,2026-W41
World Wrestling 23,https://poki.com/en/g/world-wrestling-23,FromChris,Sports Games,3600,3600,0,885,886,1,4485,4486,1,0.02,4486,4495,9,4.2,4.2,0.0,2026-W40,2026-W41
Wave Rider,https://poki.com/en/g/wave-rider,Deer Cat Games,Skill Games,3500,3500,0,656,657,1,4156,4157,1,0.02,4138,4146,8,4.4,4.4,0.0,2026-W40,2026-W41
One Hundred Castles Solitaire,https://poki.com/en/g/one-hundred-castles-solitaire,Adgard,Card Games,1300,1300,0,557,558,1,1857,1858,1,0.05,1853,1860,7,3.8,3.8,0.0,2026-W40,2026-W41
Scribble,https://poki.com/en/g/scribble,Nitrome,Puzzle Games,2300,2300,0,746,747,1,3046,3047,1,0.03,3083,3084,1,4.0,4.0,0.0,2026-W40,2026-W41
Bloku!,https://poki.com/en/g/bloku,Wonderkid Development,Puzzle Games,1100,1100,0,372,373,1,1472,1473,1,0.07,1500,1502,2,4.0,4.0,0.0,2026-W40,2026-W41
ColorBalls 3D,https://poki.com/en/g/colorballs-3d,Leke Sahatqija,Skill Games,1600,1600,0,468,469,1,2068,2069,1,0.05,2035,2038,3,4.1,4.1,0.0,2026-W40,2026-W41
SpaceHopper,https://poki.com/en/g/spacehopper,Nitrome,Platform Games,924,925,1,328,328,0,1252,1253,1,0.08,1252,1253,1,4.0,4.0,0.0,2026-W40,2026-W41
Gladiator True Story,https://poki.com/en/g/gladiator-true-story,XFormGames,Fighting Games,38500,38500,0,5800,5800,0,44300,44300,0,0.0,44308,44348,40,4.5,4.5,0.0,2026-W40,2026-W41
Survival Race,https://poki.com/en/g/survival-race,QKY Games,Arcade Games,20000,20000,0,4900,4900,0,24900,24900,0,0.0,24924,24934,10,4.2,4.2,0.0,2026-W40,2026-W41
4th and Goal 2022,https://poki.com/en/g/4th-and-goal-2022,Glowmonkey,Sports Games,77100,77100,0,11300,11300,0,88400,88400,0,0.0,88364,88408,44,4.5,4.5,0.0,2026-W40,2026-W41
Ultimate Sudoku,https://poki.com/en/g/ultimate-sudoku,Codethislab,Brain Games,18100,18100,0,7200,7200,0,25300,25300,0,0.0,25300,25354,54,3.9,3.9,0.0,2026-W40,2026-W41
Tail Swing,https://poki.com/en/g/tail-swing,A Small Game,Arcade Games,108400,108400,0,20800,20800,0,129200,129200,0,0.0,129161,129168,7,4.4,4.4,0.0,2026-W40,2026-W41
Bubble Shooter RF,https://poki.com/en/g/bubble-shooter-rf,Redfoc,Skill Games,33600,33600,0,9600,9600,0,43200,43200,0,0.0,43186,43222,36,4.1,4.1,0.0,2026-W40,2026-W41
Gift Wrapped,https://poki.com/en/g/gift-wrapped,Nitrome,Brain Games,2200,2200,0,642,642,0,2842,2842,0,0.0,2795,2803,8,4.1,4.1,0.0,2026-W40,2026-W41
CleanScape Masters,https://poki.com/en/g/cleanscape-masters,Gamebole Studios,Simulation Games,3400,3400,0,809,809,0,4209,4209,0,0.0,4247,4250,3,4.2,4.2,0.0,2026-W40,2026-W41
Cartoon Racers: North Pole,https://poki.com/en/g/cartoon-racers-north-pole,Brain Software,Racing Games,55400,55400,0,11500,11500,0,66900,66900,0,0.0,66879,66965,86,4.3,4.3,0.0,2026-W40,2026-W41
Cactu-Sama,https://poki.com/en/g/cactu-sama,"based in Portugal. This is their first game on Poki! Rating 3.8 updated Aug 2021 About this game controls Up arrow, Down arrow, Left arrow, Right arrow or Swipe to move. Press 1, 2, 3, or 4 to activate and deactivate blocks. Supported devices desktop, phone and tablet developer Diemorth",Puzzle Games,2900,2900,0,1200,1200,0,4100,4100,0,0.0,4025,4026,1,3.8,3.8,0.0,2026-W40,2026-W41
Bouncy Basketball,https://poki.com/en/g/bouncy-basketball,Dreamon Studios AB,Sports Games,55800,55800,0,15600,15600,0,71400,71400,0,0.0,71408,71459,51,4.1,4.1,0.0,2026-W40,2026-W41
Pixel Volley,https://poki.com/en/g/pixel-volley,FM Studio,Sports Games,16600,16600,0,6400,6400,0,23000,23000,0,0.0,23045,23085,40,3.9,3.9,0.0,2026-W40,2026-W41
Squid Dash,https://poki.com/en/g/squid-dash,Redox Interactive,Arcade Games,11100,11100,0,1700,1700,0,12800,12800,0,0.0,12791,12829,38,4.5,4.5,0.0,2026-W40,2026-W41
Snake,https://poki.com/en/g/snake-cool,Coolgames B.V.,Arcade Games,23500,23500,0,5500,5500,0,29000,29000,0,0.0,29020,29057,37,4.2,4.2,0.0,2026-W40,2026-W41
Hop Chop,https://poki.com/en/g/hop-chop,SnoutUp Games,Skill Games,35500,35500,0,5400,5400,0,40900,40900,0,0.0,40898,40910,12,4.5,4.5,0.0,2026-W40,2026-W41
2 Player City Racing 2,https://poki.com/en/g/2-player-city-racing-2,Brain Software,Racing Games,29000,29000,0,7600,7600,0,36600,36600,0,0.0,36521,36605,84,4.2,4.2,0.0,2026-W40,2026-W41
CircloO,https://poki.com/en/g/circloo,"Florian van Strien. Rating 4.4 updated Apr 2025 About this game controls W, A, S, D or Up arrow, Down arrow, Left arrow, Right arrow to move. Supported devices desktop, phone and tablet developer Florian van Strien",Puzzle Games,52700,52700,0,9300,9300,0,62000,62000,0,0.0,61995,62004,9,4.4,4.4,0.0,2026-W40,2026-W41
Brain Test: Tricky Words,https://poki.com/en/g/brain-test-tricky-words,Unico Studio,Brain Games,18100,18100,0,4200,4200,0,22300,22300,0,0.0,22297,22346,49,4.2,4.2,0.0,2026-W40,2026-W41
Big Tall Small,https://poki.com/en/g/big-tall-small,Robert Alvarez,Platform Games,105700,105700,0,31900,31900,0,137600,137600,0,0.0,137599,137650,51,4.1,4.1,0.0,2026-W40,2026-W41
"Sugar, Sugar 3",https://poki.com/en/g/sugar-sugar-3,Bonte Games,Puzzle Games,17100,17100,0,3200,3200,0,20300,20300,0,0.0,20259,20270,11,4.4,4.4,0.0,2026-W40,2026-W41
The Pillar,https://poki.com/en/g/the-pillar,PaperBunker,Adventure Games,41000,41000,0,9200,9200,0,50200,50200,0,0.0,50105,50120,15,4.3,4.3,0.0,2026-W40,2026-W41
1010! Deluxe,https://poki.com/en/g/1010-deluxe,Poki Studios,Puzzle Games,42000,42000,0,18700,18700,0,60700,60700,0,0.0,60666,60709,43,3.8,3.8,0.0,2026-W40,2026-W41
Idle Gold Miner,https://poki.com/en/g/idle-gold-miner,Beedo Games,Idle Games,25600,25600,0,3300,3300,0,28900,28900,0,0.0,28894,28930,36,4.5,4.5,0.0,2026-W40,2026-W41
Bullethead,https://poki.com/en/g/bullethead,Nitrome,Shooting Games,2800,2800,0,494,494,0,3294,3294,0,0.0,3276,3281,5,4.4,4.4,0.0,2026-W40,2026-W41
Big NEON Tower VS Tiny Square,https://poki.com/en/g/big-neon-tower-vs-tiny-square,EO Interactive,Platform Games,25300,25300,0,6600,6600,0,31900,31900,0,0.0,31861,31895,34,4.2,4.2,0.0,2026-W40,2026-W41
Cubies,https://poki.com/en/g/cubies,Venturous,Puzzle Games,11800,11800,0,2500,2500,0,14300,14300,0,0.0,14282,14293,11,4.3,4.3,0.0,2026-W40,2026-W41
Truck Loader 5,https://poki.com/en/g/truck-loader-5,"and publisher. Try to also complete Truck Loader 4 on Poki . Rating 4.4 updated Nov 2021 About this game controls A/D to move left/right. W to jump. Point and click with your mouse to pick up boxes. Supported devices desktop, phone and tablet developer 7Spot Games",Puzzle Games,201400,201400,0,36500,36500,0,237900,237900,0,0.0,237897,237962,65,4.4,4.4,0.0,2026-W40,2026-W41
Noob Hook,https://poki.com/en/g/noob-hook,Vanorium,Skill Games,52200,52200,0,12500,12500,0,64700,64700,0,0.0,64744,64768,24,4.2,4.2,0.0,2026-W40,2026-W41
Duo Vikings,https://poki.com/en/g/duo-vikings,"and publisher. They have other collaborative games on Poki : Duo Survival , Duo Survival 2 , ZOOM-BE , ZOOM-BE 2 and ZOOM-BE 3 . They also have truck games like: Truck Loader 4 and Truck Loader 5 . Rating 4.4 updated Jan 2021 About this game controls A/D or Left/Right arrow keys to move. W or Up arrow key to jump. S or Down arrow key to hit/use. Supported devices desktop, phone and tablet developer 7Spot Games",Platform Games,188400,188400,0,30500,30500,0,218900,218900,0,0.0,218909,218961,52,4.4,4.4,0.0,2026-W40,2026-W41
Idle Light City,https://poki.com/en/g/idle-light-city,NoPowerup,Idle Games,62500,62500,0,7900,7900,0,70400,70400,0,0.0,70407,70450,43,4.5,4.5,0.0,2026-W40,2026-W41
Spider Solitaire,https://poki.com/en/g/spider-solitaire-ctl,Code This Lab,Card Games,11000,11000,0,6000,6000,0,17000,17000,0,0.0,16953,17011,58,3.6,3.6,0.0,2026-W40,2026-W41
Mine Sweeper,https://poki.com/en/g/mine-sweeper-3,MarketJS,Brain Games,7200,7200,0,1900,1900,0,9100,9100,0,0.0,9108,9173,65,4.2,4.2,0.0,2026-W40,2026-W41
Tower Defense Mingling,https://poki.com/en/g/tower-defense-mingling,Zonda Creative Studio,Strategy Games,42900,42900,0,11700,11700,0,54600,54600,0,0.0,54628,54658,30,4.1,4.1,0.0,2026-W40,2026-W41
Celebrity BFFs Festival Fun,https://poki.com/en/g/celebrity-bffs-festival-fun,Idea Studios,Beauty Games,321000,321000,0,57800,57800,0,378800,378800,0,0.0,378788,378837,49,4.4,4.4,0.0,2026-W40,2026-W41
GunForce,https://poki.com/en/g/gunforce,EasyCats,Shooting Games,4100,4100,0,1400,1400,0,5500,5500,0,0.0,5456,5500,44,4.0,4.0,0.0,2026-W40,2026-W41
James Gun,https://poki.com/en/g/james-gun,Sakkat Studio,Platform Games,157200,157200,0,32600,32600,0,189800,189800,0,0.0,189710,189720,10,4.3,4.3,0.0,2026-W40,2026-W41
Blockins,https://poki.com/en/g/blockins,Robert Alvarez,Platform Games,30700,30700,0,11400,11400,0,42100,42100,0,0.0,42164,42183,19,3.9,3.9,0.0,2026-W40,2026-W41
Sudoku,https://poki.com/en/g/sudoku,InfinityGames.io,Brain Games,25100,25100,0,7100,7100,0,32200,32200,0,0.0,32130,32167,37,4.1,4.1,0.0,2026-W40,2026-W41
Mad Day 2,https://poki.com/en/g/mad-day-2,Smokoko,Racing Games,40900,40900,0,8200,8200,0,49100,49100,0,0.0,49150,49170,20,4.3,4.3,0.0,2026-W40,2026-W41
Infinity Loop: Hex,https://poki.com/en/g/infinity-loop-hex,InfinityGames.io,Brain Games,10400,10400,0,2000,2000,0,12400,12400,0,0.0,12435,12445,10,4.4,4.4,0.0,2026-W40,2026-W41
Flip the Bottle,https://poki.com/en/g/flip-the-bottle,Codethislab,Skill Games,6400,6400,0,4500,4500,0,10900,10900,0,0.0,10882,10887,5,3.3,3.3,0.0,2026-W40,2026-W41
Family Tree!,https://poki.com/en/g/family-tree,Lion Studios,Puzzle Games,13700,13700,0,3000,3000,0,16700,16700,0,0.0,16693,16724,31,4.3,4.3,0.0,2026-W40,2026-W41
Black,https://poki.com/en/g/black-html5,Bonte Games,Brain Games,19300,19300,0,3900,3900,0,23200,23200,0,0.0,23186,23212,26,4.3,4.3,0.0,2026-W40,2026-W41
The Impossible Quiz 2,https://poki.com/en/g/the-impossible-quiz-2,Splapp-me-do,Brain Games,115200,115200,0,28200,28200,0,143400,143400,0,0.0,143387,143454,67,4.2,4.2,0.0,2026-W40,2026-W41
Fish Drop,https://poki.com/en/g/fish-drop,AdaBella Games,Skill Games,4900,4900,0,1600,1600,0,6500,6500,0,0.0,6424,6444,20,4.0,4.0,0.0,2026-W40,2026-W41
Monster Duo,https://poki.com/en/g/monster-duo,Potato Jam,Puzzle Games,6700,6700,0,1900,1900,0,8600,8600,0,0.0,8578,8586,8,4.1,4.1,0.0,2026-W40,2026-W41
Funny Shopping Supermarket,https://poki.com/en/g/funny-shopping-supermarket,"studio based in South Surabaya, Indonesia. They have many other games on Poki: Yummy Waffle Ice Cream , Cooking Korean Lesson , Funny Pet Haircut , Funny Nose Surgery , funny-rescue-zookeeper, funny-pet-rescue and Hipster vs Rockers Rating 4.3 updated Jul 2021 About this game controls Mouse click or Tap to pick up an item. Supported devices desktop, phone and tablet developer Go Panda Games Studio",Simulation Games,89600,89600,0,19000,19000,0,108600,108600,0,0.0,108614,108644,30,4.3,4.3,0.0,2026-W40,2026-W41
Jelly Venture,https://poki.com/en/g/jelly-venture,Terminarch Games,Platform Games,3900,3900,0,1700,1700,0,5600,5600,0,0.0,5521,5524,3,3.8,3.8,0.0,2026-W40,2026-W41
Genie Quest,https://poki.com/en/g/genie-quest,"Narenjo, and this is their first game on Poki ! Rating 4.3 updated May 2021 About this game controls Use the mouse cursor and mouse click to select and drag items. Supported devices desktop, phone and tablet developer Narenjo",Brain Games,20500,20500,0,4300,4300,0,24800,24800,0,0.0,24835,24840,5,4.3,4.3,0.0,2026-W40,2026-W41
Test Subject Arena 2,https://poki.com/en/g/test-subject-arena-2,Nitrome,Platform Games,1700,1700,0,364,364,0,2064,2064,0,0.0,2067,2070,3,4.3,4.3,0.0,2026-W40,2026-W41
Supernova,https://poki.com/en/g/supernova,kokos.games,Skill Games,149500,149500,0,29400,29400,0,178900,178900,0,0.0,178917,178930,13,4.3,4.3,0.0,2026-W40,2026-W41
Blobby Slime Quest,https://poki.com/en/g/blobby-slime-quest,Entrevero Games,Platform Games,6000,6000,0,1400,1400,0,7400,7400,0,0.0,7355,7377,22,4.3,4.3,0.0,2026-W40,2026-W41
Grass Knight,https://poki.com/en/g/grass-knight,Crazy Tech Games,Adventure Games,11100,11100,0,1700,1700,0,12800,12800,0,0.0,12760,12817,57,4.5,4.5,0.0,2026-W40,2026-W41
TexasWorm.io,https://poki.com/en/g/texasworm-io,OnRush Studio,Arcade Games,4000,4000,0,1100,1100,0,5100,5100,0,0.0,5093,5104,11,4.2,4.2,0.0,2026-W40,2026-W41
Merge Solitaire,https://poki.com/en/g/merge-solitaire,Adgard,Card Games,4400,4400,0,1300,1300,0,5700,5700,0,0.0,5688,5722,34,4.1,4.1,0.0,2026-W40,2026-W41
Bunny Goes Boom,https://poki.com/en/g/bunny-goes-boom,SnoutUp Games,Arcade Games,13200,13200,0,2300,2300,0,15500,15500,0,0.0,15464,15465,1,4.4,4.4,0.0,2026-W40,2026-W41
Cleanup Crew,https://poki.com/en/g/cleanup-crew,Kuyi Mobile,Simulation Games,5300,5300,0,1300,1300,0,6600,6600,0,0.0,6554,6603,49,4.2,4.2,0.0,2026-W40,2026-W41
Tictoc Paris Fashion,https://poki.com/en/g/tictoc-paris-fashion,Go Panda Games Studio,Beauty Games,7900,7900,0,2200,2200,0,10100,10100,0,0.0,10039,10068,29,4.1,4.1,0.0,2026-W40,2026-W41
Smash Car Idle,https://poki.com/en/g/smash-car-idle,FM Studio,Idle Games,8300,8300,0,2700,2700,0,11000,11000,0,0.0,11013,11014,1,4.0,4.0,0.0,2026-W40,2026-W41
BoxRob 3,https://poki.com/en/g/boxrob-3,7Spot Games,Platform Games,111000,111000,0,27100,27100,0,138100,138100,0,0.0,138032,138140,108,4.2,4.2,0.0,2026-W40,2026-W41
Goblock,https://poki.com/en/g/goblock,WeDoYouPlay,Puzzle Games,5200,5200,0,1100,1100,0,6300,6300,0,0.0,6322,6335,13,4.3,4.3,0.0,2026-W40,2026-W41
Tired to Fall,https://poki.com/en/g/tired-to-fall,havana24,Platform Games,33800,33800,0,7800,7800,0,41600,41600,0,0.0,41580,41612,32,4.3,4.3,0.0,2026-W40,2026-W41
King Rugni,https://poki.com/en/g/king-rugni,Ravalmatic,Strategy Games,48100,48100,0,12400,12400,0,60500,60500,0,0.0,60459,60497,38,4.2,4.2,0.0,2026-W40,2026-W41
Funny Eye Surgery,https://poki.com/en/g/funny-eye-surgery,"studio based in South Surabaya, Indonesia. They have many hilarious games like Funny Haircut , funny-rescue-carpenter, funny-rescue-gardener, Funny Hair Salon , funny-pet-rescue, Funny Nose Surgery , and funny-rescue-zookeeper. They also have the educational cooking game Cooking Korean Lesson and the one-and-only Hipster vs Rockers for fashion fans. Play them all for free on Poki ! Rating 4.2 updated Nov 2020 About this game controls Use your mouse cursor to select, drag and move your medical equipment. Supported devices desktop, phone and tablet developer Go Panda Games Studio",Simulation Games,46600,46600,0,10900,10900,0,57500,57500,0,0.0,57496,57525,29,4.2,4.2,0.0,2026-W40,2026-W41
Bubble Shots,https://poki.com/en/g/bubble-shots,Bekho Team,Skill Games,11800,11800,0,3100,3100,0,14900,14900,0,0.0,14961,14964,3,4.2,4.2,0.0,2026-W40,2026-W41
Hospital Stories: Doctor Basketball,https://poki.com/en/g/hospital-stories-doctor-basketball,WeDoYouPlay,Simulation Games,21000,21000,0,5200,5200,0,26200,26200,0,0.0,26186,26224,38,4.2,4.2,0.0,2026-W40,2026-W41
Moving Truck: Bounty,https://poki.com/en/g/moving-truck-bounty,7Spot Games,Racing Games,26300,26300,0,5600,5600,0,31900,31900,0,0.0,31881,31903,22,4.3,4.3,0.0,2026-W40,2026-W41
Zen Blocks,https://poki.com/en/g/zen-blocks,Madbox,Puzzle Games,43500,43500,0,11300,11300,0,54800,54800,0,0.0,54742,54758,16,4.2,4.2,0.0,2026-W40,2026-W41
Double Dodgers,https://poki.com/en/g/double-dodgers,Pelican Party Studios,Arcade Games,13700,13700,0,2700,2700,0,16400,16400,0,0.0,16411,16413,2,4.3,4.3,0.0,2026-W40,2026-W41
Koala Bros Bash,https://poki.com/en/g/koala-bros-bash,Aniway,Arcade Games,1600,1600,0,588,588,0,2188,2188,0,0.0,2215,2215,0,3.9,3.9,0.0,2026-W40,2026-W41
Village Builder,https://poki.com/en/g/village-builder,Project GD,Simulation Games,48000,48000,0,11200,11200,0,59200,59200,0,0.0,59133,59181,48,4.2,4.2,0.0,2026-W40,2026-W41
Dark Light Swap,https://poki.com/en/g/dark-light-swap,Robert Alvarez,Puzzle Games,20900,20900,0,8400,8400,0,29300,29300,0,0.0,29290,29302,12,3.9,3.9,0.0,2026-W40,2026-W41
Moto Maniac 2,https://poki.com/en/g/moto-maniac-2,IriySoft,Racing Games,74500,74500,0,18900,18900,0,93400,93400,0,0.0,93339,93360,21,4.2,4.2,0.0,2026-W40,2026-W41
QWOP,https://poki.com/en/g/qwop,Bennett Foddy,Sports Games,7500,7500,0,2700,2700,0,10200,10200,0,0.0,10178,10202,24,3.9,3.9,0.0,2026-W40,2026-W41
Ooze Odyssey,https://poki.com/en/g/ooze-odyssey,Art Games,Platform Games,29600,29600,0,11200,11200,0,40800,40800,0,0.0,40784,40857,73,3.9,3.9,0.0,2026-W40,2026-W41
ZomboTag,https://poki.com/en/g/zombotag,7Spot Games,Skill Games,31400,31400,0,6300,6300,0,37700,37700,0,0.0,37687,37693,6,4.3,4.3,0.0,2026-W40,2026-W41
Portal Pusher,https://poki.com/en/g/portal-pusher,Robert Alvarez,Platform Games,9500,9500,0,4400,4400,0,13900,13900,0,0.0,13899,13940,41,3.7,3.7,0.0,2026-W40,2026-W41
Moto X3M Winter,https://poki.com/en/g/moto-x3m-4-winter,"and Release Date Moto X3M Winter was developed by Madpuffers in December 2017. They are the creators behind the whole Moto X3M series. Tips and Tricks For the best tips and tricks, have a look at our Moto X3M game page description. Here you find how to increase speed, reduce time, and more! How to play Moto X3M Winter? This is how you play Moto X3M Winter: Use the W or Up Arrow key to speed up Use the S or Down Arrow key to break Use the A and D or Left Arrow and Right Arrow keys to position your motorbike. These keys are crucial for performing front flips and back flips. Rating 4.3 updated May 2025 About this game controls Use W or Up arrow to speed up. Use S or Down arrow to break. Use A, D, Left arrow, and Right arrow to position your motorbike. Supported devices desktop, phone and tablet developer Madpuffers",Driving Games,1100000,1100000,0,214100,214100,0,1314100,1314100,0,0.0,1298161,1298475,314,4.3,4.3,0.0,2026-W40,2026-W41
Sides of Gravity,https://poki.com/en/g/sides-of-gravity,Robert Alvarez,Platform Games,10300,10300,0,3200,3200,0,13500,13500,0,0.0,13495,13512,17,4.0,4.0,0.0,2026-W40,2026-W41
Picture it?,https://poki.com/en/g/picture-it,Half Moon Studios,Puzzle Games,22400,22400,0,7400,7400,0,29800,29800,0,0.0,29784,29878,94,4.0,4.0,0.0,2026-W40,2026-W41
Idle Cowshed,https://poki.com/en/g/idle-cowshed,Beedo Games,Idle Games,5300,5300,0,1100,1100,0,6400,6400,0,0.0,6441,6460,19,4.3,4.3,0.0,2026-W40,2026-W41
Brick Breaker,https://poki.com/en/g/brick-breaker,Playtouch,Arcade Games,3900,3900,0,1100,1100,0,5000,5000,0,0.0,5018,5028,10,4.1,4.1,0.0,2026-W40,2026-W41
Infinite 8,https://poki.com/en/g/infinite-8,Zonda Creative Studio,Driving Games,13500,13500,0,2900,2900,0,16400,16400,0,0.0,16379,16399,20,4.3,4.3,0.0,2026-W40,2026-W41
Bubbles 2,https://poki.com/en/g/bubbles-2,Coolgames B.V.,Puzzle Games,89600,89600,0,28000,28000,0,117600,117600,0,0.0,117594,117612,18,4.0,4.0,0.0,2026-W40,2026-W41
Color Crash,https://poki.com/en/g/color-crash,KasSanity,Racing Games,15800,15800,0,4900,4900,0,20700,20700,0,0.0,20689,20698,9,4.1,4.1,0.0,2026-W40,2026-W41
Bomba,https://poki.com/en/g/bomba,Nitrome,Brain Games,3700,3700,0,1300,1300,0,5000,5000,0,0.0,4953,4953,0,4.0,4.0,0.0,2026-W40,2026-W41
Online Sudoku,https://poki.com/en/g/online-sudoku,Logic.cool,Board Games,8000,8000,0,2600,2600,0,10600,10600,0,0.0,10550,10564,14,4.0,4.0,0.0,2026-W40,2026-W41
Funny Puppy Care,https://poki.com/en/g/funny-puppy-care,"studio based in South Surabaya, Indonesia. They have many other cute games on Poki: Tictoc KPOP Fashion , Funny Puppy Emergency , Yummy Taco , Funny Cooking Camp , Funny Camping Day , Funny Travelling Airport , Funny Throat Surgery 2 , Yummy Waffle Ice Cream , Cooking Korean Lesson , Funny Pet Haircut , funny-puppy-dressup, funny-kitty-dressup, Funny Nose Surgery , and Hipster vs Rockers How can I play Funny Puppy Care for free? You can play Funny Puppy Care for free on Poki. Can I play Funny Puppy Care on mobile devices and desktop? Funny Puppy Care can be played on your computer and mobile devices like phones and tablets. Rating 4.4 updated Aug 2022 About this game controls Mouse click or Tap to pick up an item. Drag to use an item. Supported devices desktop, phone and tablet developer Go Panda Games Studio",Simulation Games,22700,22700,0,4300,4300,0,27000,27000,0,0.0,26981,27013,32,4.4,4.4,0.0,2026-W40,2026-W41
Pirate Defense,https://poki.com/en/g/pirate-defense,Beedo Games,Strategy Games,27100,27100,0,4600,4600,0,31700,31700,0,0.0,31727,31732,5,4.4,4.4,0.0,2026-W40,2026-W41
Sweet Run,https://poki.com/en/g/sweet-run,Sakkat Studio,Platform Games,207700,207700,0,42800,42800,0,250500,250500,0,0.0,250484,250511,27,4.3,4.3,0.0,2026-W40,2026-W41
Final Ninja Zero,https://poki.com/en/g/final-ninja-zero-html5,Nitrome,Platform Games,28400,28400,0,3600,3600,0,32000,32000,0,0.0,31993,32009,16,4.5,4.5,0.0,2026-W40,2026-W41
Card Hog,https://poki.com/en/g/card-hog,SnoutUp Games,Card Games,8600,8600,0,1500,1500,0,10100,10100,0,0.0,10026,10027,1,4.4,4.4,0.0,2026-W40,2026-W41
Rocket Road,https://poki.com/en/g/rocket-road,play.works,Arcade Games,7600,7600,0,1300,1300,0,8900,8900,0,0.0,8925,8925,0,4.4,4.4,0.0,2026-W40,2026-W41
Nano War,https://poki.com/en/g/nano-war,Okashi Games,Strategy Games,8500,8500,0,2200,2200,0,10700,10700,0,0.0,10698,10702,4,4.2,4.2,0.0,2026-W40,2026-W41
Become a Puppy Groomer,https://poki.com/en/g/become-a-puppy-groomer,Playtouch,Simulation Games,112300,112300,0,24700,24700,0,137000,137000,0,0.0,137025,137054,29,4.3,4.3,0.0,2026-W40,2026-W41
Mystical Birdlink,https://poki.com/en/g/mystical-birdlink,Coolgames B.V.,Puzzle Games,47100,47100,0,19800,19800,0,66900,66900,0,0.0,66830,66851,21,3.8,3.8,0.0,2026-W40,2026-W41
Eyes Drop,https://poki.com/en/g/eyes-drop,Ploopica,Puzzle Games,10700,10700,0,2800,2800,0,13500,13500,0,0.0,13470,13514,44,4.2,4.2,0.0,2026-W40,2026-W41
Johnny Prankster,https://poki.com/en/g/johnny-prankster,Sunday Monday,Simulation Games,14000,14000,0,3500,3500,0,17500,17500,0,0.0,17565,17577,12,4.2,4.2,0.0,2026-W40,2026-W41
Castle Pals,https://poki.com/en/g/castle-pals,Brad Erkkila,Platform Games,207300,207300,0,48300,48300,0,255600,255600,0,0.0,255615,255620,5,4.2,4.2,0.0,2026-W40,2026-W41
Phox Forage,https://poki.com/en/g/phox-forage,PlayCap,Simulation Games,8800,8800,0,1900,1900,0,10700,10700,0,0.0,10685,10693,8,4.3,4.3,0.0,2026-W40,2026-W41
Robot Awake,https://poki.com/en/g/robot-awake,Salt Pastel Studio,Puzzle Games,8300,8300,0,1700,1700,0,10000,10000,0,0.0,9928,9934,6,4.3,4.3,0.0,2026-W40,2026-W41
Idle Digging Tycoon,https://poki.com/en/g/idle-digging-tycoon,NoPowerup,Idle Games,272900,272900,0,37700,37700,0,310600,310600,0,0.0,310537,310580,43,4.5,4.5,0.0,2026-W40,2026-W41
Jungle Friends,https://poki.com/en/g/jungle-friends,OnRush Studio,Simulation Games,62600,62600,0,8700,8700,0,71300,71300,0,0.0,71313,71361,48,4.5,4.5,0.0,2026-W40,2026-W41
Bee Sort by Sam,https://poki.com/en/g/bee-sort-by-sam,Games By Sam,Puzzle Games,1800,1800,0,389,389,0,2189,2189,0,0.0,2230,2232,2,4.3,4.3,0.0,2026-W40,2026-W41
Mall Tycoon,https://poki.com/en/g/mall-tycoon,INTCH,Simulation Games,26700,26700,0,4300,4300,0,31000,31000,0,0.0,30905,30934,29,4.5,4.5,0.0,2026-W40,2026-W41
Teleport Jumper,https://poki.com/en/g/teleport-jumper,Robert Alvarez,Platform Games,20900,20900,0,8500,8500,0,29400,29400,0,0.0,29356,29364,8,3.9,3.9,0.0,2026-W40,2026-W41
Cover Orange: Gangsters,https://poki.com/en/g/cover-orange-gangsters,Johnny-K,Puzzle Games,14600,14600,0,4000,4000,0,18600,18600,0,0.0,18590,18593,3,4.1,4.1,0.0,2026-W40,2026-W41
Stickman Army: Team Battle,https://poki.com/en/g/stickman-army-team-battle,Playtouch,Strategy Games,197900,197900,0,23300,23300,0,221200,221200,0,0.0,221146,221200,54,4.6,4.6,0.0,2026-W40,2026-W41
Chicken Sword: Ninja Master,https://poki.com/en/g/chicken-sword-ninja-master,Kelly Ray J,Fighting Games,39800,39800,0,5600,5600,0,45400,45400,0,0.0,45387,45393,6,4.5,4.5,0.0,2026-W40,2026-W41
The Impossible Quizmas,https://poki.com/en/g/the-impossible-quizmas,Splapp-me-do,Brain Games,20700,20700,0,4600,4600,0,25300,25300,0,0.0,25255,25268,13,4.3,4.3,0.0,2026-W40,2026-W41
Sumo Party,https://poki.com/en/g/sumo-party,Playtouch,Sports Games,51200,51200,0,15900,15900,0,67100,67100,0,0.0,67080,67158,78,4.0,4.0,0.0,2026-W40,2026-W41
Brain Dozer,https://poki.com/en/g/brain-dozer,"DrMop. Play his other games for free on Poki : monster-mash, Solitaire Golf , wordsmith, wordy-pop, Tri Peaks and Solitaire Reverse . Rating 4.0 updated Nov 2020 About this game controls Mouse click to interact with puzzle elements and to display hints. Supported devices desktop, phone and tablet developer DrMop Games",Puzzle Games,13600,13600,0,4700,4700,0,18300,18300,0,0.0,18239,18240,1,4.0,4.0,0.0,2026-W40,2026-W41
Fruits of Fury,https://poki.com/en/g/fruits-of-fury,berru & para,Fighting Games,26400,26400,0,5200,5200,0,31600,31600,0,0.0,31584,31628,44,4.3,4.3,0.0,2026-W40,2026-W41
Troll Toilet Quest 2,https://poki.com/en/g/troll-toilet-quest-2,stupidella,Puzzle Games,7000,7000,0,2100,2100,0,9100,9100,0,0.0,9089,9099,10,4.1,4.1,0.0,2026-W40,2026-W41
Laser Maze - Puzzle,https://poki.com/en/g/laser-maze-puzzle,ArtyDev,Brain Games,8800,8800,0,1800,1800,0,10600,10600,0,0.0,10534,10558,24,4.3,4.3,0.0,2026-W40,2026-W41
Retro Highway,https://poki.com/en/g/retro-highway,Gearhead Games,Driving Games,103000,103000,0,22800,22800,0,125800,125800,0,0.0,125758,125840,82,4.3,4.3,0.0,2026-W40,2026-W41
Noob: Zombie Prison Escape,https://poki.com/en/g/noob-zombie-prison-escape,DAPALAB,Escape Games,24500,24500,0,4900,4900,0,29400,29400,0,0.0,29404,29460,56,4.3,4.3,0.0,2026-W40,2026-W41
Zombie Bounce,https://poki.com/en/g/zombie-bounce,Endless Pixels,Arcade Games,5700,5700,0,1100,1100,0,6800,6800,0,0.0,6813,6838,25,4.3,4.3,0.0,2026-W40,2026-W41
My Kitten Home,https://poki.com/en/g/my-kitten-home,Dinobros,Decoration Games,17100,17100,0,3200,3200,0,20300,20300,0,0.0,20231,20252,21,4.4,4.4,0.0,2026-W40,2026-W41
Test Subject Blue,https://poki.com/en/g/test-subject-blue,Nitrome,Platform Games,14300,14300,0,2600,2600,0,16900,16900,0,0.0,16922,16925,3,4.4,4.4,0.0,2026-W40,2026-W41
Pop It vs Spinner,https://poki.com/en/g/popit-vs-spinner,Adgard,Puzzle Games,18500,18500,0,5200,5200,0,23700,23700,0,0.0,23663,23681,18,4.1,4.1,0.0,2026-W40,2026-W41
Pink,https://poki.com/en/g/pink,Bonte Games,Puzzle Games,33800,33800,0,7800,7800,0,41600,41600,0,0.0,41587,41639,52,4.3,4.3,0.0,2026-W40,2026-W41
Venge.io,https://poki.com/en/g/venge-io,OnRush Studio,Shooting Games,2000000,2000000,0,305300,305300,0,2305300,2305300,0,0.0,2320291,2320637,346,4.5,4.5,0.0,2026-W40,2026-W41
Merge Party,https://poki.com/en/g/merge-party,Kelly Ray J,Arcade Games,6600,6600,0,1400,1400,0,8000,8000,0,0.0,8016,8017,1,4.3,4.3,0.0,2026-W40,2026-W41
Picnic Penguin,https://poki.com/en/g/picnic-penguin,Neutronized,Arcade Games,8400,8400,0,1600,1600,0,10000,10000,0,0.0,10003,10003,0,4.3,4.3,0.0,2026-W40,2026-W41
B.C. Bow Contest,https://poki.com/en/g/bow-contest,Nitrome,Shooting Games,2800,2800,0,909,909,0,3709,3709,0,0.0,3697,3702,5,4.0,4.0,0.0,2026-W40,2026-W41
Idle Zoo Safari Rescue,https://poki.com/en/g/idle-zoo-safari-rescue,Ember Whirl,Idle Games,15800,15800,0,2900,2900,0,18700,18700,0,0.0,18676,18684,8,4.4,4.4,0.0,2026-W40,2026-W41
Amazon Spider Solitaire,https://poki.com/en/g/amazon-spider-solitaire,Chill Pill,Card Games,4100,4100,0,1900,1900,0,6000,6000,0,0.0,5936,5965,29,3.7,3.7,0.0,2026-W40,2026-W41
Word Monsters,https://poki.com/en/g/word-monsters,Unico Studio,Brain Games,15700,15700,0,4800,4800,0,20500,20500,0,0.0,20520,20523,3,4.1,4.1,0.0,2026-W40,2026-W41
Squawk,https://poki.com/en/g/squawk,Nitrome,Skill Games,129,129,0,49,49,0,178,178,0,0.0,178,178,0,3.9,3.9,0.0,2026-W40,2026-W41
Bowling Stars,https://poki.com/en/g/bowling-stars,Bekho Team,Sports Games,69300,69300,0,14800,14800,0,84100,84100,0,0.0,84145,84183,38,4.3,4.3,0.0,2026-W40,2026-W41
Mech Bots Arena,https://poki.com/en/g/mech-bots-arena,Lumamind,Action Games,16800,16800,0,3200,3200,0,20000,20000,0,0.0,19982,20030,48,4.4,4.4,0.0,2026-W40,2026-W41
Midnight Drive,https://poki.com/en/g/midnight-drive,Avix Games,Racing Games,73400,73400,0,20000,20000,0,93400,93400,0,0.0,93348,93369,21,4.1,4.1,0.0,2026-W40,2026-W41
Words Emoji,https://poki.com/en/g/words-emoji,WeDoYouPlay,Brain Games,58000,58000,0,16700,16700,0,74700,74700,0,0.0,74664,74697,33,4.1,4.1,0.0,2026-W40,2026-W41
Photo Puzzle: Jigsaw Edition,https://poki.com/en/g/photo-puzzle-jigsaw-edition,Avix Games,Puzzle Games,8900,8900,0,2600,2600,0,11500,11500,0,0.0,11455,11460,5,4.1,4.1,0.0,2026-W40,2026-W41
Coin Factory,https://poki.com/en/g/coin-factory,Lino Rabolini,Brain Games,22000,22000,0,2600,2600,0,24600,24600,0,0.0,24562,24596,34,4.6,4.6,0.0,2026-W40,2026-W41
Merge Summer,https://poki.com/en/g/merge-summer,Potato Jam,Puzzle Games,35200,35200,0,8100,8100,0,43300,43300,0,0.0,43240,43342,102,4.3,4.3,0.0,2026-W40,2026-W41
Forgotten Hill Memento: Buried Things,https://poki.com/en/g/forgotten-hill-memento-buried-things,FM Studio,Puzzle Games,13600,13600,0,3800,3800,0,17400,17400,0,0.0,17385,17401,16,4.1,4.1,0.0,2026-W40,2026-W41
Bobble,https://poki.com/en/g/bobble,Winterpixel Games,Arcade Games,3000,3000,0,680,680,0,3680,3680,0,0.0,3657,3658,1,4.3,4.3,0.0,2026-W40,2026-W41
Blacksmith Tycoon,https://poki.com/en/g/blacksmith-tycoon,Panda Pasha Games,Simulation Games,7200,7200,0,1300,1300,0,8500,8500,0,0.0,8550,8564,14,4.4,4.4,0.0,2026-W40,2026-W41
Animals Volleyball,https://poki.com/en/g/animals-volleyball,Marcus7z,Sports Games,17200,17200,0,3600,3600,0,20800,20800,0,0.0,20745,20800,55,4.3,4.3,0.0,2026-W40,2026-W41
Mr Boomi,https://poki.com/en/g/mr-boomi,d954mas,Arcade Games,4000,4000,0,1400,1400,0,5400,5400,0,0.0,5426,5427,1,4.0,4.0,0.0,2026-W40,2026-W41
Idle Pet Business,https://poki.com/en/g/idle-pet-business,MarketJS,Simulation Games,26300,26300,0,4600,4600,0,30900,30900,0,0.0,30877,30890,13,4.4,4.4,0.0,2026-W40,2026-W41
Pocket Zoo,https://poki.com/en/g/pocket-zoo,Playrea,Idle Games,5400,5400,0,1200,1200,0,6600,6600,0,0.0,6640,6672,32,4.3,4.3,0.0,2026-W40,2026-W41
Rise of Pico,https://poki.com/en/g/rise-of-pico,FM Studio,Puzzle Games,10300,10300,0,3400,3400,0,13700,13700,0,0.0,13676,13693,17,4.0,4.0,0.0,2026-W40,2026-W41
Dasi Library Manager,https://poki.com/en/g/dasi-library-manager,Dasi Games,Simulation Games,12700,12700,0,2400,2400,0,15100,15100,0,0.0,15093,15130,37,4.4,4.4,0.0,2026-W40,2026-W41
A Pretty Odd Bunny,https://poki.com/en/g/a-pretty-odd-bunny,AJ Ordaz,Platform Games,60000,60000,0,11400,11400,0,71400,71400,0,0.0,71361,71454,93,4.4,4.4,0.0,2026-W40,2026-W41
Funny Ear Surgery,https://poki.com/en/g/funny-ear-surgery,Go Panda Games Studio,Simulation Games,41900,41900,0,9300,9300,0,51200,51200,0,0.0,51194,51209,15,4.3,4.3,0.0,2026-W40,2026-W41
Twin Shot,https://poki.com/en/g/twin-shot,Nitrome,Platform Games,243000,243000,0,32400,32400,0,275400,275400,0,0.0,275369,275419,50,4.5,4.5,0.0,2026-W40,2026-W41
Knight Brawl,https://poki.com/en/g/knight-brawl,Colin Lane Games AB,Fighting Games,87100,87100,0,16400,16400,0,103500,103500,0,0.0,103469,103477,8,4.4,4.4,0.0,2026-W40,2026-W41
Panda Simulator 3D,https://poki.com/en/g/panda-simulator-3d,CyberGoldFinch,Simulation Games,180600,180600,0,20100,20100,0,200700,200700,0,0.0,200635,200695,60,4.6,4.6,0.0,2026-W40,2026-W41
Skywire 2,https://poki.com/en/g/skywire-2-html5,Nitrome,Skill Games,7800,7800,0,1700,1700,0,9500,9500,0,0.0,9524,9527,3,4.3,4.3,0.0,2026-W40,2026-W41
Cookie Master,https://poki.com/en/g/cookie-master,Fomo Games,Skill Games,234500,234500,0,47600,47600,0,282100,282100,0,0.0,282058,282087,29,4.3,4.3,0.0,2026-W40,2026-W41
Cursed Treasure Level Pack,https://poki.com/en/g/cursed-treasure-level-pack,IriySoft,Strategy Games,24100,24100,0,4100,4100,0,28200,28200,0,0.0,28150,28155,5,4.4,4.4,0.0,2026-W40,2026-W41
Parakite Ninja,https://poki.com/en/g/parakite-ninja,FM Studio,Skill Games,10500,10500,0,2600,2600,0,13100,13100,0,0.0,13076,13076,0,4.2,4.2,0.0,2026-W40,2026-W41
Stickman Fighter: Epic Battle 2,https://poki.com/en/g/stickman-fighter-epic-battle-2,Playtouch,Fighting Games,230000,230000,0,32400,32400,0,262400,262400,0,0.0,262322,262357,35,4.5,4.5,0.0,2026-W40,2026-W41
Laser Blade 3000,https://poki.com/en/g/laser-blade-3000,Goodboy Digital,Skill Games,12700,12700,0,2000,2000,0,14700,14700,0,0.0,14730,14733,3,4.5,4.5,0.0,2026-W40,2026-W41
Logic Master 1,https://poki.com/en/g/logic-master-1,Unico Studio,Brain Games,18400,18400,0,6400,6400,0,24800,24800,0,0.0,24773,24786,13,4.0,4.0,0.0,2026-W40,2026-W41
Brainrot Clicker,https://poki.com/en/g/brainrot-clicker,WeLoPlay,Idle Games,20900,20900,0,5000,5000,0,25900,25900,0,0.0,25940,25981,41,4.2,4.2,0.0,2026-W40,2026-W41
Just Tanks,https://poki.com/en/g/just-tanks,TD2TL,Platform Games,27800,27800,0,6600,6600,0,34400,34400,0,0.0,34375,34433,58,4.2,4.2,0.0,2026-W40,2026-W41
Farm and Mine,https://poki.com/en/g/farm-and-mine,Airapport,Simulation Games,16500,16500,0,3900,3900,0,20400,20400,0,0.0,20396,20419,23,4.2,4.2,0.0,2026-W40,2026-W41
Karakuri,https://poki.com/en/g/karakuri,Okashi Games,Puzzle Games,2500,2500,0,1700,1700,0,4200,4200,0,0.0,4142,4142,0,3.4,3.4,0.0,2026-W40,2026-W41
Sling Kong,https://poki.com/en/g/sling-kong,Protostar,Skill Games,247700,247700,0,36200,36200,0,283900,283900,0,0.0,283897,283966,69,4.5,4.5,0.0,2026-W40,2026-W41
Casual Cube,https://poki.com/en/g/casual-cube,Akos Makovics,Arcade Games,5100,5100,0,1200,1200,0,6300,6300,0,0.0,6322,6324,2,4.2,4.2,0.0,2026-W40,2026-W41
Color Merge Lines,https://poki.com/en/g/color-merge-lines,Potato Jam,Brain Games,1300,1300,0,352,352,0,1652,1652,0,0.0,1646,1650,4,4.1,4.2,0.1,2026-W40,2026-W41
Hot Air 2,https://poki.com/en/g/hot-air-2,Nitrome,Skill Games,143,143,0,47,47,0,190,190,0,0.0,190,190,0,4.0,4.0,0.0,2026-W40,2026-W41
Jump and Hover,https://poki.com/en/g/jump-and-hover,Robert Alvarez,Platform Games,15600,15600,0,5400,5400,0,21000,21000,0,0.0,21049,21062,13,4.0,4.0,0.0,2026-W40,2026-W41
Zooplop,https://poki.com/en/g/zooplop,Venturous,Puzzle Games,55600,55600,0,14100,14100,0,69700,69700,0,0.0,69722,69770,48,4.2,4.2,0.0,2026-W40,2026-W41
Scrap Divers,https://poki.com/en/g/scrap-divers,Gearhead Games,Skill Games,6600,6600,0,1100,1100,0,7700,7700,0,0.0,7663,7679,16,4.4,4.4,0.0,2026-W40,2026-W41
Art Pixel Workshop,https://poki.com/en/g/art-pixel-workshop,Ulpo Media,Skill Games,23800,23800,0,4500,4500,0,28300,28300,0,0.0,28301,28315,14,4.4,4.4,0.0,2026-W40,2026-W41
Cover Orange: Journey,https://poki.com/en/g/cover-orange-journey,Johnny-K,Brain Games,44100,44100,0,14000,14000,0,58100,58100,0,0.0,58108,58119,11,4.0,4.0,0.0,2026-W40,2026-W41
Kate's Cooking Party 2,https://poki.com/en/g/kates-cooking-party-2,ANV Games,Simulation Games,11800,11800,0,2200,2200,0,14000,14000,0,0.0,13949,13975,26,4.4,4.4,0.0,2026-W40,2026-W41
Super Bubble Shooter,https://poki.com/en/g/super-bubble-shooter,MarketJS,Arcade Games,3800,3800,0,1400,1400,0,5200,5200,0,0.0,5222,5227,5,3.9,3.9,0.0,2026-W40,2026-W41
Shape Rush,https://poki.com/en/g/shape-rush,No Pressure Studios,Arcade Games,8200,8200,0,1800,1800,0,10000,10000,0,0.0,10003,10004,1,4.3,4.3,0.0,2026-W40,2026-W41
Moving Truck,https://poki.com/en/g/moving-truck,7Spot Games,Racing Games,41700,41700,0,7200,7200,0,48900,48900,0,0.0,48892,48919,27,4.4,4.4,0.0,2026-W40,2026-W41
Bumper Cars Soccer,https://poki.com/en/g/bumper-cars-soccer,Avix Games,Sports Games,86900,86900,0,19000,19000,0,105900,105900,0,0.0,105843,105914,71,4.3,4.3,0.0,2026-W40,2026-W41
Yarn Untangle,https://poki.com/en/g/yarn-untangle,Salt Pastel Studio,Puzzle Games,35000,35000,0,5600,5600,0,40600,40600,0,0.0,40606,40641,35,4.5,4.5,0.0,2026-W40,2026-W41
Forgotten Hill: The Wardrobe 4,https://poki.com/en/g/forgotten-hill-the-wardrobe-4,FM Studio,Adventure Games,11200,11200,0,4200,4200,0,15400,15400,0,0.0,15378,15399,21,3.9,3.9,0.0,2026-W40,2026-W41
Rusher Crusher,https://poki.com/en/g/rusher-crusher,Seal Unicorn Games,Action Games,12100,12100,0,3400,3400,0,15500,15500,0,0.0,15546,15550,4,4.1,4.1,0.0,2026-W40,2026-W41
Bloons Tower Defense,https://poki.com/en/g/bloons-td,Ninja Kiwi,Strategy Games,16200,16200,0,1900,1900,0,18100,18100,0,0.0,18084,18118,34,4.6,4.6,0.0,2026-W40,2026-W41
Dungeons & Dress-Ups,https://poki.com/en/g/dungeons-dressups,Entrevero Games,Beauty Games,55000,55000,0,15100,15100,0,70100,70100,0,0.0,70060,70072,12,4.1,4.1,0.0,2026-W40,2026-W41
Disco Droids,https://poki.com/en/g/disco-droids,Dedra Games,Shooting Games,15500,15500,0,2500,2500,0,18000,18000,0,0.0,18009,18055,46,4.4,4.4,0.0,2026-W40,2026-W41
Strings,https://poki.com/en/g/strings,Deer Cat Games,Brain Games,6800,6800,0,1200,1200,0,8000,8000,0,0.0,8018,8019,1,4.4,4.4,0.0,2026-W40,2026-W41
Super Planet Fun Time,https://poki.com/en/g/super-planet-fun-time,Working Title Studios,Skill Games,4500,4500,0,1300,1300,0,5800,5800,0,0.0,5772,5776,4,4.1,4.1,0.0,2026-W40,2026-W41
Stickers Merge,https://poki.com/en/g/stickers-merge,Alex,Puzzle Games,319,319,0,88,88,0,407,407,0,0.0,407,407,0,4.1,4.1,0.0,2026-W40,2026-W41
Eagle Ride,https://poki.com/en/g/eagle-ride,Aron Sommer,Skill Games,69700,69700,0,16600,16600,0,86300,86300,0,0.0,86275,86380,105,4.2,4.2,0.0,2026-W40,2026-W41
Rugby Rush,https://poki.com/en/g/rugby-rush,Code This Lab,Sports Games,37800,37800,0,6700,6700,0,44500,44500,0,0.0,44486,44510,24,4.4,4.4,0.0,2026-W40,2026-W41
Farm Clash 3D,https://poki.com/en/g/farm-clash-3d,OOO Frivei Interaktiv,Action Games,85500,85500,0,11200,11200,0,96700,96700,0,0.0,96669,96702,33,4.5,4.5,0.0,2026-W40,2026-W41
Rustyard,https://poki.com/en/g/rustyard,Nitrome,Platform Games,2200,2200,0,414,414,0,2614,2614,0,0.0,2616,2616,0,4.4,4.4,0.0,2026-W40,2026-W41
Cheese Dreams,https://poki.com/en/g/cheese-dreams,Nitrome,Platform Games,3800,3800,0,1000,1000,0,4800,4800,0,0.0,4872,4874,2,4.2,4.2,0.0,2026-W40,2026-W41
Craftomation 2,https://poki.com/en/g/craftomation-2,Luden IO,Puzzle Games,2200,2200,0,511,511,0,2711,2711,0,0.0,2711,2714,3,4.3,4.3,0.0,2026-W40,2026-W41
Fat Cat,https://poki.com/en/g/fatcat,Nitrome,Arcade Games,1500,1500,0,225,225,0,1725,1725,0,0.0,1725,1726,1,4.5,4.5,0.0,2026-W40,2026-W41
Need for Madness,https://poki.com/en/g/need-for-madness,Radical Play,Racing Games,13900,13900,0,4500,4500,0,18400,18400,0,0.0,18398,18456,58,4.0,4.0,0.0,2026-W40,2026-W41
Bouncy Catapult,https://poki.com/en/g/bouncy-catapult,Anvil Games,Arcade Games,42600,42600,0,6600,6600,0,49200,49200,0,0.0,49211,49221,10,4.5,4.5,0.0,2026-W40,2026-W41
Forgotten Hill: The Wardrobe,https://poki.com/en/g/forgotten-hill-the-wardrobe,FM Studio,Puzzle Games,22400,22400,0,6800,6800,0,29200,29200,0,0.0,29221,29259,38,4.1,4.1,0.0,2026-W40,2026-W41
Solitaire,https://poki.com/en/g/solitaire-deluxe,Playtouch,Card Games,4400,4400,0,2500,2500,0,6900,6900,0,0.0,6903,6912,9,3.5,3.5,0.0,2026-W40,2026-W41
Dungeons & Blades,https://poki.com/en/g/dungeons-and-blades,FM Studio,Action Games,5600,5600,0,1000,1000,0,6600,6600,0,0.0,6600,6608,8,4.4,4.4,0.0,2026-W40,2026-W41
Cats Love Cake,https://poki.com/en/g/cats-love-cake,DoubleDutch Games,Platform Games,262500,262500,0,56300,56300,0,318800,318800,0,0.0,318780,318852,72,4.3,4.3,0.0,2026-W40,2026-W41
Base Defense 2,https://poki.com/en/g/base-defense-2,Beedo Games,Strategy Games,70100,70100,0,11200,11200,0,81300,81300,0,0.0,81217,81265,48,4.5,4.5,0.0,2026-W40,2026-W41
SuperBrawl,https://poki.com/en/g/superbrawl,Rémi Vansteelandt,Action Games,104200,104200,0,28300,28300,0,132500,132500,0,0.0,132477,132518,41,4.2,4.2,0.0,2026-W40,2026-W41
Distraction Driver,https://poki.com/en/g/distraction-driver,Dinobros,Racing Games,20900,20900,0,3800,3800,0,24700,24700,0,0.0,24709,24797,88,4.4,4.4,0.0,2026-W40,2026-W41
Plunger,https://poki.com/en/g/plunger,Nitrome,Platform Games,83,83,0,26,26,0,109,109,0,0.0,109,109,0,4.0,4.0,0.0,2026-W40,2026-W41
Chicken Merge,https://poki.com/en/g/chicken-merge,Beedo Games,Strategy Games,67900,67900,0,9100,9100,0,77000,77000,0,0.0,77030,77078,48,4.5,4.5,0.0,2026-W40,2026-W41
Cover Orange: Wild West,https://poki.com/en/g/cover-orange-wild-west,Johnny-K,Brain Games,7500,7500,0,2200,2200,0,9700,9700,0,0.0,9687,9688,1,4.1,4.1,0.0,2026-W40,2026-W41
Funny Throat Surgery 2,https://poki.com/en/g/funny-throat-surgery-2,"studio based in South Surabaya, Indonesia. They have many other cute games on Poki: Yummy Waffle Ice Cream , Cooking Korean Lesson , Funny Pet Haircut , Funny Nose Surgery , funny-rescue-zookeeper, funny-pet-rescue and Hipster vs Rockers Rating 4.3 updated Sep 2021 About this game controls Mouse click or tap to pick up a tool. Use the tool by clicking, tapping, or holding down the mouse click or your finger. Supported devices desktop, phone and tablet developer Go Panda Games Studio",Simulation Games,23700,23700,0,5200,5200,0,28900,28900,0,0.0,28903,28927,24,4.3,4.3,0.0,2026-W40,2026-W41
Snow Tale,https://poki.com/en/g/snow-tale,Neutronized,Platform Games,8800,8800,0,2000,2000,0,10800,10800,0,0.0,10814,10825,11,4.3,4.3,0.0,2026-W40,2026-W41
Fox Island Builder,https://poki.com/en/g/fox-island-builder,Camu,Adventure Games,21800,21800,0,2800,2800,0,24600,24600,0,0.0,24553,24560,7,4.5,4.5,0.0,2026-W40,2026-W41
Screw Jam Puzzle,https://poki.com/en/g/screw-jam-puzzle,PEGASUS,Brain Games,18200,18200,0,3500,3500,0,21700,21700,0,0.0,21621,21710,89,4.4,4.4,0.0,2026-W40,2026-W41
String Theory 2 Remastered,https://poki.com/en/g/string-theory-2-remastered,Lukas Donkers,Brain Games,13700,13700,0,1700,1700,0,15400,15400,0,0.0,15335,15356,21,4.6,4.6,0.0,2026-W40,2026-W41
Hidden Pigeon,https://poki.com/en/g/hidden-pigeon,Alex,Brain Games,18100,18100,0,4000,4000,0,22100,22100,0,0.0,22029,22110,81,4.3,4.3,0.0,2026-W40,2026-W41
Polygon Master,https://poki.com/en/g/polygon-master,Kzunec Games,Puzzle Games,8800,8800,0,2000,2000,0,10800,10800,0,0.0,10802,10829,27,4.3,4.3,0.0,2026-W40,2026-W41
Skywire,https://poki.com/en/g/skywire,Nitrome,Skill Games,7900,7900,0,1400,1400,0,9300,9300,0,0.0,9325,9332,7,4.4,4.4,0.0,2026-W40,2026-W41
"Ice Cream, Please!",https://poki.com/en/g/ice-cream-please,BuyHTML5,Simulation Games,41500,41500,0,8100,8100,0,49600,49600,0,0.0,49564,49573,9,4.3,4.3,0.0,2026-W40,2026-W41
Doctor Teeth 2,https://poki.com/en/g/doctor-teeth-2,IP Eliseenko Maksim Andreevich,Simulation Games,105700,105700,0,29800,29800,0,135500,135500,0,0.0,135445,135526,81,4.1,4.1,0.0,2026-W40,2026-W41
Neon Car Maze,https://poki.com/en/g/neon-car-maze,Softlitude,Driving Games,74300,74300,0,18300,18300,0,92600,92600,0,0.0,92582,92634,52,4.2,4.2,0.0,2026-W40,2026-W41
Cow Castle,https://poki.com/en/g/cow-castle,7Spot Games,Simulation Games,11600,11600,0,2400,2400,0,14000,14000,0,0.0,14007,14047,40,4.3,4.3,0.0,2026-W40,2026-W41
Cute Puzzle Witch,https://poki.com/en/g/cute-puzzle-witch,Coolgames B.V.,Puzzle Games,14900,14900,0,4600,4600,0,19500,19500,0,0.0,19567,19582,15,4.0,4.0,0.0,2026-W40,2026-W41
Crush It!,https://poki.com/en/g/crush-it,Sakkat Studio,Arcade Games,16500,16500,0,4600,4600,0,21100,21100,0,0.0,21046,21049,3,4.1,4.1,0.0,2026-W40,2026-W41
Grand Mini Slam,https://poki.com/en/g/grand-mini-slam,FM Studio,Sports Games,1600,1600,0,814,814,0,2414,2414,0,0.0,2457,2457,0,3.7,3.7,0.0,2026-W40,2026-W41
Jigsaw Surprise,https://poki.com/en/g/jigsaw-surprise,TapLabGames,Board Games,13100,13100,0,5200,5200,0,18300,18300,0,0.0,18255,18340,85,3.9,3.9,0.0,2026-W40,2026-W41
Into the Pit,https://poki.com/en/g/into-the-pit,Unept,Skill Games,23100,23100,0,4700,4700,0,27800,27800,0,0.0,27805,27826,21,4.3,4.3,0.0,2026-W40,2026-W41
Sector 781,https://poki.com/en/g/sector-781,Refold,Adventure Games,5500,5500,0,1100,1100,0,6600,6600,0,0.0,6568,6572,4,4.3,4.3,0.0,2026-W40,2026-W41
Word Slide,https://poki.com/en/g/word-slide,Unico Studio,Puzzle Games,4300,4300,0,1500,1500,0,5800,5800,0,0.0,5714,5722,8,4.0,4.0,0.0,2026-W40,2026-W41
Tanko.io,https://poki.com/en/g/tanko-io,Beedo Games,Action Games,212800,212800,0,44500,44500,0,257300,257300,0,0.0,257352,257380,28,4.3,4.3,0.0,2026-W40,2026-W41
Monster Max,https://poki.com/en/g/monster-max,Puya,Action Games,10200,10200,0,1100,1100,0,11300,11300,0,0.0,11331,11358,27,4.6,4.6,0.0,2026-W40,2026-W41
Chicky Farm,https://poki.com/en/g/chicky-farm,PT New Games Plus,Simulation Games,38700,38700,0,4600,4600,0,43300,43300,0,0.0,43300,43339,39,4.6,4.6,0.0,2026-W40,2026-W41
Swindler 2,https://poki.com/en/g/swindler-2-html5,Nitrome,Platform Games,8800,8800,0,1300,1300,0,10100,10100,0,0.0,10189,10195,6,4.5,4.5,0.0,2026-W40,2026-W41
Hockey Stars,https://poki.com/en/g/hockeystars,WeLoPlay,Sports Games,9300,9300,0,2700,2700,0,12000,12000,0,0.0,12039,12061,22,4.1,4.1,0.0,2026-W40,2026-W41
Lines to Fill,https://poki.com/en/g/lines-to-fill,Kek Games,Brain Games,82600,82600,0,18900,18900,0,101500,101500,0,0.0,101475,101481,6,4.3,4.3,0.0,2026-W40,2026-W41
Duck Pond Mahjong,https://poki.com/en/g/duck-pond-mahjong,Coolgames B.V.,Puzzle Games,8800,8800,0,3100,3100,0,11900,11900,0,0.0,11832,11840,8,4.0,4.0,0.0,2026-W40,2026-W41
Daddy Long Legs,https://poki.com/en/g/daddy-long-legs,Set Snail,Skill Games,169500,169500,0,33900,33900,0,203400,203400,0,0.0,203340,203428,88,4.3,4.3,0.0,2026-W40,2026-W41
Lava Bird,https://poki.com/en/g/lava-bird,Unept,Skill Games,16700,16700,0,4000,4000,0,20700,20700,0,0.0,20747,20758,11,4.2,4.2,0.0,2026-W40,2026-W41
Truck Loader 2,https://poki.com/en/g/truck-loader-2,"and publisher. They have other addictive games on Poki: Duo Vikings 3 , Duo Vikings 2 , Duo Vikings , Duo Survival , Duo Survival 2 , ZOOM-BE , ZOOM-BE 2 and ZOOM-BE 3 . They also have truck games like: Truck Loader 4 and Truck Loader 5 . Rating 4.3 updated Nov 2021 About this game controls A/D to move left/right. W to jump. Aim with the mouse. Tap or mouse click to pick up boxes. Supported devices desktop, phone and tablet developer 7Spot Games",Puzzle Games,30400,30400,0,6100,6100,0,36500,36500,0,0.0,36571,36589,18,4.3,4.3,0.0,2026-W40,2026-W41
Streetfight King of the Gang,https://poki.com/en/g/streetfight-king-of-the-gang,Playtouch,Fighting Games,35100,35100,0,6700,6700,0,41800,41800,0,0.0,41793,41809,16,4.4,4.4,0.0,2026-W40,2026-W41
Crafty Cooks,https://poki.com/en/g/crafty-cooks,Purrfect Games,Simulation Games,11100,11100,0,1900,1900,0,13000,13000,0,0.0,13016,13033,17,4.4,4.4,0.0,2026-W40,2026-W41
Box Tower,https://poki.com/en/g/box-tower,Code This Lab,Arcade Games,4600,4600,0,1000,1000,0,5600,5600,0,0.0,5651,5653,2,4.3,4.3,0.0,2026-W40,2026-W41
Stickman Climb!,https://poki.com/en/g/stickman-climb,No Pressure Studios,Platform Games,219100,219100,0,34300,34300,0,253400,253400,0,0.0,253368,253415,47,4.5,4.5,0.0,2026-W40,2026-W41
Shape Fold Nature,https://poki.com/en/g/shape-fold-nature,"team based in Lithuania. Play their other thinking games on Poki: Shape Fold and Adventure Drivers Rating 4.5 updated Dec 2022 About this game controls Drag with the mouse cursor or finger to move the puzzle pieces. Supported devices desktop, phone and tablet developer Domas Kazragis","that makes for a lot of weird and interesting puzzles. Go ahead and enjoy the calming images of nature while giving your brain a relaxing exercise. How to play Shape Fold Nature? Drag your mouse cursor or finger around to assemble the puzzle pieces. Who created Shape Fold Nature? Shape Fold Nature is created by Bikas, a game developer team based in Lithuania. Play their other thinking games on Poki: Shape Fold and Adventure Drivers",74500,74500,0,11700,11700,0,86200,86200,0,0.0,86146,86176,30,4.5,4.5,0.0,2026-W40,2026-W41
Baseball Kid Pitcher Cup,https://poki.com/en/g/baseball-kid-pitcher-cup,Playtouch,Sports Games,20900,20900,0,11000,11000,0,31900,31900,0,0.0,31885,31907,22,3.6,3.6,0.0,2026-W40,2026-W41
Yahtzee Yatzy Yams,https://poki.com/en/g/yathzee-yatzy-yams,Playtouch,Board Games,5400,5400,0,1900,1900,0,7300,7300,0,0.0,7292,7299,7,3.9,3.9,0.0,2026-W40,2026-W41
Quivershot,https://poki.com/en/g/quivershot,Dedra Games,Adventure Games,12900,12900,0,2000,2000,0,14900,14900,0,0.0,14884,14924,40,4.5,4.5,0.0,2026-W40,2026-W41
Javelin Fighting,https://poki.com/en/g/javelin-fighting,CrioDev,Skill Games,90900,90900,0,14100,14100,0,105000,105000,0,0.0,105000,105037,37,4.5,4.5,0.0,2026-W40,2026-W41
Princess Room Cleaning,https://poki.com/en/g/princess-room-cleaning,Dream Town,Decoration Games,141400,141400,0,58600,58600,0,200000,200000,0,0.0,199920,199979,59,3.8,3.8,0.0,2026-W40,2026-W41
Zombie Killer,https://poki.com/en/g/zombie-killer,QKY Games,Shooting Games,64599,64599,0,35500,35500,0,100099,100099,0,0.0,100127,100136,9,3.6,3.6,0.0,2026-W40,2026-W41
Right Jump,https://poki.com/en/g/right-jump,Invent4.com,Platform Games,8900,8900,0,2100,2100,0,11000,11000,0,0.0,10987,11034,47,4.2,4.2,0.0,2026-W40,2026-W41
Alchemix - Match 3,https://poki.com/en/g/alchemix-match-3,Anima Games,Brain Games,1000,1000,0,359,359,0,1359,1359,0,0.0,1373,1373,0,4.0,4.0,0.0,2026-W40,2026-W41
Era: Evolution,https://poki.com/en/g/era-evolution,Wit Games,Strategy Games,4900,4900,0,1100,1100,0,6000,6000,0,0.0,5983,5987,4,4.3,4.3,0.0,2026-W40,2026-W41
Graffiti Time,https://poki.com/en/g/graffiti-time,IP Eliseenko Maksim Andreevich,Platform Games,28200,28200,0,4100,4100,0,32300,32300,0,0.0,32262,32274,12,4.5,4.5,0.0,2026-W40,2026-W41
Kubi Pets,https://poki.com/en/g/kubi-pets,Terminarch Games,Idle Games,5100,5100,0,1300,1300,0,6400,6400,0,0.0,6427,6432,5,4.2,4.2,0.0,2026-W40,2026-W41
Bunny Bistro,https://poki.com/en/g/bunny-bistro,Angelo Studio,Simulation Games,8300,8300,0,1400,1400,0,9700,9700,0,0.0,9623,9665,42,4.4,4.4,0.0,2026-W40,2026-W41
Squish Run,https://poki.com/en/g/squish-run,Brad Erkkila,Platform Games,28400,28400,0,8500,8500,0,36900,36900,0,0.0,36908,36936,28,4.1,4.1,0.0,2026-W40,2026-W41
Apple Knight: Farmers Market,https://poki.com/en/g/apple-knight-farmers-market,Limitless,Simulation Games,13400,13400,0,4400,4400,0,17800,17800,0,0.0,17801,17819,18,4.0,4.0,0.0,2026-W40,2026-W41
Watercraft Rush,https://poki.com/en/g/watercraft-rush,Code This Lab,Racing Games,23600,23600,0,5000,5000,0,28600,28600,0,0.0,28569,28570,1,4.3,4.3,0.0,2026-W40,2026-W41
Circus Contest,https://poki.com/en/g/circus-contest,WeDoYouPlay,Arcade Games,5200,5200,0,1600,1600,0,6800,6800,0,0.0,6772,6781,9,4.1,4.1,0.0,2026-W40,2026-W41
Capyloop Stones,https://poki.com/en/g/capyloop-stones,Capyloop,Puzzle Games,5700,5700,0,1000,1000,0,6700,6700,0,0.0,6730,6738,8,4.4,4.4,0.0,2026-W40,2026-W41
Blob Drop,https://poki.com/en/g/blob-drop,Eray Zesen,Brain Games,13100,13100,0,3100,3100,0,16200,16200,0,0.0,16161,16189,28,4.2,4.2,0.0,2026-W40,2026-W41
Tactical Squad,https://poki.com/en/g/tactical-squad,MarketJS,Shooting Games,11700,11700,0,2700,2700,0,14400,14400,0,0.0,14347,14377,30,4.3,4.3,0.0,2026-W40,2026-W41
Jelly Sokoban,https://poki.com/en/g/jelly-sokoban,Beedo Games,Puzzle Games,23700,23700,0,8300,8300,0,32000,32000,0,0.0,31968,31977,9,4.0,4.0,0.0,2026-W40,2026-W41
OvO Dimensions,https://poki.com/en/g/ovo-dimensions,Dedra Games × Venturous,Platform Games,56200,56200,0,16300,16300,0,72500,72500,0,0.0,72461,72510,49,4.1,4.1,0.0,2026-W40,2026-W41
Coil,https://poki.com/en/g/coil,Nitrome,Arcade Games,2900,2900,0,864,864,0,3764,3764,0,0.0,3761,3763,2,4.1,4.1,0.0,2026-W40,2026-W41
Bufo Merge,https://poki.com/en/g/bufo-merge,Neutronized,Strategy Games,3800,3800,0,635,635,0,4435,4435,0,0.0,4467,4470,3,4.4,4.4,0.0,2026-W40,2026-W41
Twang,https://poki.com/en/g/twang,Nitrome,Skill Games,451,451,0,146,146,0,597,597,0,0.0,597,597,0,4.0,4.0,0.0,2026-W40,2026-W41
4th and Goal 2020,https://poki.com/en/g/4th-and-goal-2020,Glowmonkey,Sports Games,37600,37600,0,5500,5500,0,43100,43100,0,0.0,43151,43161,10,4.5,4.5,0.0,2026-W40,2026-W41
Stickman Bridge Constructor,https://poki.com/en/g/stickman-bridge-constructor,Playtouch,Skill Games,84100,84100,0,16400,16400,0,100500,100500,0,0.0,100424,100434,10,4.3,4.3,0.0,2026-W40,2026-W41
Wall of Doom,https://poki.com/en/g/wall-of-doom,Fancade,Arcade Games,18800,18800,0,4700,4700,0,23500,23500,0,0.0,23482,23500,18,4.2,4.2,0.0,2026-W40,2026-W41
TicToc Summer Fashion,https://poki.com/en/g/tictoc-summer-fashion,"studio based in South Surabaya, Indonesia. They have many other cute games on Poki: Tictoc KPOP Fashion , Funny Puppy Emergency , Yummy Taco , Funny Cooking Camp , Funny Camping Day , Funny Travelling Airport , Funny Throat Surgery 2 , Yummy Waffle Ice Cream , Cooking Korean Lesson , Funny Pet Haircut , funny-puppy-dressup, funny-kitty-dressup, Funny Nose Surgery , and Hipster vs Rockers How can I play TicToc Summer Fashion for free? You can play TicToc Summer Fashion for free on Poki. Can I play TicToc Summer Fashion on mobile devices and desktop? TicToc Summer Fashion can be played on your computer and mobile devices like phones and tablets. Rating 4.2 updated Mar 2023 About this game controls Click or Tap on an outfit or accessory to put it on. Click the hint button for a hint. Supported devices desktop, phone and tablet developer Go Panda Games Studio",Beauty Games,77200,77200,0,18700,18700,0,95900,95900,0,0.0,95892,95924,32,4.2,4.2,0.0,2026-W40,2026-W41
Raccoon Adventure: City Simulator 3D,https://poki.com/en/g/raccoon-adventure-city-simulator-3d,CyberGoldFinch,Simulation Games,120300,120300,0,17000,17000,0,137300,137300,0,0.0,137264,137305,41,4.5,4.5,0.0,2026-W40,2026-W41
Ultimate Tic Tac Toe,https://poki.com/en/g/ultimate-tic-tac-toe,Code This Lab,Board Games,11500,11500,0,2700,2700,0,14200,14200,0,0.0,14187,14190,3,4.3,4.3,0.0,2026-W40,2026-W41
Box Kid Puzzles,https://poki.com/en/g/box-kid-puzzles,T-Rex Interactive,Puzzle Games,47100,47100,0,8000,8000,0,55100,55100,0,0.0,55010,55018,8,4.4,4.4,0.0,2026-W40,2026-W41
Bubbles,https://poki.com/en/g/bubbles-cool,Coolgames B.V.,Arcade Games,168400,168400,0,48400,48400,0,216800,216800,0,0.0,216755,216819,64,4.1,4.1,0.0,2026-W40,2026-W41
Fancy Pants,https://poki.com/en/g/fancy-pants,Borne Games,Platform Games,218400,218400,0,34600,34600,0,253000,253000,0,0.0,253009,253059,50,4.5,4.5,0.0,2026-W40,2026-W41
Carnado Bike Stunt,https://poki.com/en/g/carnado-bike-stunt,Kage Vision,Driving Games,6800,6800,0,2000,2000,0,8800,8800,0,0.0,8808,8850,42,4.1,4.1,0.0,2026-W40,2026-W41
Boxing Fighter Shadow Battle,https://poki.com/en/g/boxing-fighter-shadow-battle,Playtouch,Sports Games,20300,20300,0,4100,4100,0,24400,24400,0,0.0,24330,24336,6,4.3,4.3,0.0,2026-W40,2026-W41
100% Golf,https://poki.com/en/g/100-golf,"based in the United Kingdom. He is the creator behind the unique platformer narcissus. You should give it a play on Poki ! Rating 4.2 updated Nov 2020 About this game controls Hold mouse click or tap to aim. Release to shoot. Supported devices desktop, phone and tablet developer Alex Johansson",Sports Games,21700,21700,0,5200,5200,0,26900,26900,0,0.0,26957,26970,13,4.2,4.2,0.0,2026-W40,2026-W41
Platform Countdown,https://poki.com/en/g/platform-countdown,Robert Alvarez,Platform Games,21300,21300,0,6600,6600,0,27900,27900,0,0.0,27853,27873,20,4.1,4.1,0.0,2026-W40,2026-W41
Super Fowlst 2,https://poki.com/en/g/super-fowlst-2,Thomas K. Young,Platform Games,35700,35700,0,5700,5700,0,41400,41400,0,0.0,41375,41407,32,4.5,4.5,0.0,2026-W40,2026-W41
Dunkers,https://poki.com/en/g/dunkers,Colin Lane Games AB,Sports Games,91800,91800,0,24600,24600,0,116400,116400,0,0.0,116415,116434,19,4.2,4.2,0.0,2026-W40,2026-W41
Gem 11,https://poki.com/en/g/gem-11,Air Guslar,Brain Games,72300,72300,0,14700,14700,0,87000,87000,0,0.0,87029,87044,15,4.3,4.3,0.0,2026-W40,2026-W41
Adventure Cube,https://poki.com/en/g/adventure-cube,Applava,Arcade Games,5400,5400,0,1100,1100,0,6500,6500,0,0.0,6485,6488,3,4.3,4.3,0.0,2026-W40,2026-W41
Tunnel Rush 2,https://poki.com/en/g/tunnel-rush-2,Deer Cat Games,Skill Games,89900,89900,0,23400,23400,0,113300,113300,0,0.0,113239,113307,68,4.2,4.2,0.0,2026-W40,2026-W41
Touchdown Rush,https://poki.com/en/g/touchdown-rush,Code This Lab,Skill Games,20900,20900,0,2900,2900,0,23800,23800,0,0.0,23803,23834,31,4.5,4.5,0.0,2026-W40,2026-W41
Knuckleheads,https://poki.com/en/g/knuckleheads,Nitrome,Arcade Games,1100,1100,0,180,180,0,1280,1280,0,0.0,1238,1238,0,4.4,4.4,0.0,2026-W40,2026-W41
Bubble Sorting,https://poki.com/en/g/bubble-sorting,Eagle Games,Puzzle Games,45700,45700,0,12800,12800,0,58500,58500,0,0.0,58467,58470,3,4.1,4.1,0.0,2026-W40,2026-W41
Babel Tower,https://poki.com/en/g/babel-tower,Airapport,Idle Games,170000,170000,0,24600,24600,0,194600,194600,0,0.0,194581,194615,34,4.5,4.5,0.0,2026-W40,2026-W41
Solitaire Golf,https://poki.com/en/g/solitaire-golf,DrMop Games,Card Games,21900,21900,0,8500,8500,0,30400,30400,0,0.0,30339,30352,13,3.9,3.9,0.0,2026-W40,2026-W41
SlashZ,https://poki.com/en/g/slashz,NoPowerup,Puzzle Games,35500,35500,0,10300,10300,0,45800,45800,0,0.0,45710,45808,98,4.1,4.1,0.0,2026-W40,2026-W41
Stickman Boxing KO Champion,https://poki.com/en/g/stickman-boxing-ko-champion,Playtouch,Sports Games,88200,88200,0,18500,18500,0,106700,106700,0,0.0,106718,106753,35,4.3,4.3,0.0,2026-W40,2026-W41
Monster Truck: Forest Delivery,https://poki.com/en/g/monster-truck-forest-delivery,QKY Games,Skill Games,17100,17100,0,4100,4100,0,21200,21200,0,0.0,21160,21180,20,4.2,4.2,0.0,2026-W40,2026-W41
Crazy Merge,https://poki.com/en/g/crazy-merge,Basurita Games,Brain Games,3500,3500,0,1100,1100,0,4600,4600,0,0.0,4607,4629,22,4.1,4.1,0.0,2026-W40,2026-W41
Stupidella 4,https://poki.com/en/g/stupidella-4,stupidella,Puzzle Games,11100,11100,0,2100,2100,0,13200,13200,0,0.0,13210,13239,29,4.4,4.4,0.0,2026-W40,2026-W41
Lands of Blight,https://poki.com/en/g/lands-of-blight,7Spot Games,Arcade Games,116600,116600,0,20600,20600,0,137200,137200,0,0.0,137141,137196,55,4.4,4.4,0.0,2026-W40,2026-W41
Fixing Time,https://poki.com/en/g/fixing-time,Air Guslar,Platform Games,8700,8700,0,2000,2000,0,10700,10700,0,0.0,10698,10729,31,4.2,4.2,0.0,2026-W40,2026-W41
Facepalm Quest,https://poki.com/en/g/facepalm-quest,stupidella,Puzzle Games,4300,4300,0,1400,1400,0,5700,5700,0,0.0,5671,5680,9,4.0,4.0,0.0,2026-W40,2026-W41
MiniMissions,https://poki.com/en/g/minimissions,Shared Dreams Studio,Skill Games,159700,159700,0,35000,35000,0,194700,194700,0,0.0,194724,194736,12,4.3,4.3,0.0,2026-W40,2026-W41
Dirk Valentine,https://poki.com/en/g/dirk-valentine,Nitrome,Platform Games,8800,8800,0,1500,1500,0,10300,10300,0,0.0,10299,10302,3,4.4,4.4,0.0,2026-W40,2026-W41
Stickman Hook,https://poki.com/en/g/stickman-hook,Madbox,Skill Games,6700000,6700000,0,1200000,1200000,0,7900000,7900000,0,0.0,7902385,7911663,9278,4.4,4.4,0.0,2026-W40,2026-W41
Combo Crusader,https://poki.com/en/g/combo-crusader,Coolgames B.V.,Puzzle Games,5400,5400,0,2100,2100,0,7500,7500,0,0.0,7503,7506,3,3.9,3.9,0.0,2026-W40,2026-W41
Doner Kebab STO,https://poki.com/en/g/doner-kebab-sto,Playtouch,Simulation Games,10100,10100,0,4200,4200,0,14300,14300,0,0.0,14297,14303,6,3.8,3.8,0.0,2026-W40,2026-W41
Skateboard Hero,https://poki.com/en/g/skateboard-hero,b10b,Sports Games,50000,50000,0,10000,10000,0,60000,60000,0,0.0,59929,59956,27,4.3,4.3,0.0,2026-W40,2026-W41
Tic Tac Toe,https://poki.com/en/g/tic-tac-toe,InfinityGames.io,Board Games,12200,12200,0,3200,3200,0,15400,15400,0,0.0,15396,15482,86,4.2,4.2,0.0,2026-W40,2026-W41
Rush Race Motocross,https://poki.com/en/g/rush-race-motocross,IriySoft,Racing Games,4600,4600,0,1200,1200,0,5800,5800,0,0.0,5802,5815,13,4.2,4.2,0.0,2026-W40,2026-W41
Driftwave,https://poki.com/en/g/driftwave,JamieRowan x RowanFuture,Driving Games,33300,33300,0,5800,5800,0,39100,39100,0,0.0,39129,39168,39,4.4,4.4,0.0,2026-W40,2026-W41
CombiMon,https://poki.com/en/g/combimon,Entrevero Games,Simulation Games,30700,30700,0,4700,4700,0,35400,35400,0,0.0,35359,35435,76,4.5,4.5,0.0,2026-W40,2026-W41
I Like OJ,https://poki.com/en/g/i-like-oj,Pupgam Studios,Arcade Games,12400,12400,0,3400,3400,0,15800,15800,0,0.0,15777,15778,1,4.2,4.2,0.0,2026-W40,2026-W41
Big Tower Tiny Square,https://poki.com/en/g/big-tower-tiny-square,EO Interactive,Platform Games,64700,64700,0,17400,17400,0,82100,82100,0,0.0,82081,82138,57,4.2,4.2,0.0,2026-W40,2026-W41
Mike and Mia 1st Day At School,https://poki.com/en/g/mike-and-mia-1st-day-at-school,Go Panda Games Studio,Simulation Games,6000,6000,0,1200,1200,0,7200,7200,0,0.0,7202,7245,43,4.3,4.3,0.0,2026-W40,2026-W41
Meow Merge,https://poki.com/en/g/meow-merge,Slab Games,Idle Games,17100,17100,0,2800,2800,0,19900,19900,0,0.0,19854,19858,4,4.4,4.4,0.0,2026-W40,2026-W41
Detective Dan,https://poki.com/en/g/detective-dan,Sakkat Studio,Puzzle Games,8000,8000,0,2900,2900,0,10900,10900,0,0.0,10946,10959,13,3.9,3.9,0.0,2026-W40,2026-W41
Basketball Line,https://poki.com/en/g/basketball-line,QKY Games,Skill Games,98400,98400,0,31400,31400,0,129800,129800,0,0.0,129799,129816,17,4.0,4.0,0.0,2026-W40,2026-W41
Silly Sausage,https://poki.com/en/g/silly-sausage,Nitrome,Arcade Games,7700,7700,0,1300,1300,0,9000,9000,0,0.0,8980,8987,7,4.4,4.4,0.0,2026-W40,2026-W41
Music Beat Rider,https://poki.com/en/g/music-beat-rider,Art Industries,Skill Games,9600,9600,0,1800,1800,0,11400,11400,0,0.0,11307,11341,34,4.4,4.4,0.0,2026-W40,2026-W41
Dual Cat: Max,https://poki.com/en/g/dual-cat-max,Seal Unicorn Games,Escape Games,28400,28400,0,3500,3500,0,31900,31900,0,0.0,31838,31932,94,4.6,4.6,0.0,2026-W40,2026-W41
Lava Land,https://poki.com/en/g/lava-land,Chinatsu,Platform Games,9300,9300,0,2100,2100,0,11400,11400,0,0.0,11432,11455,23,4.3,4.3,0.0,2026-W40,2026-W41
Idle Farming Business,https://poki.com/en/g/idle-farming-business,MarketJS,Simulation Games,45400,45400,0,7600,7600,0,53000,53000,0,0.0,53040,53073,33,4.4,4.4,0.0,2026-W40,2026-W41
Cosmic Cannon,https://poki.com/en/g/cosmic-cannon,Nitrome,Skill Games,1600,1600,0,649,649,0,2249,2249,0,0.0,2249,2249,0,3.9,3.9,0.0,2026-W40,2026-W41
Minibattles Survivor,https://poki.com/en/g/minibattles-survivor,YouDevice!,Arcade Games,8200,8200,0,4500,4500,0,12700,12700,0,0.0,12697,12704,7,3.6,3.6,0.0,2026-W40,2026-W41
Sweety Mahjong,https://poki.com/en/g/sweety-mahjong,Code This Lab,Board Games,6800,6800,0,2200,2200,0,9000,9000,0,0.0,9003,9008,5,4.0,4.0,0.0,2026-W40,2026-W41
Crazy Road Trip,https://poki.com/en/g/crazy-road-trip,Purrfect Games,Driving Games,5400,5400,0,1100,1100,0,6500,6500,0,0.0,6428,6443,15,4.3,4.3,0.0,2026-W40,2026-W41
Ranch UFO,https://poki.com/en/g/ranch-ufo,AJ Ordaz,Shooting Games,10500,10500,0,1600,1600,0,12100,12100,0,0.0,12088,12114,26,4.5,4.5,0.0,2026-W40,2026-W41
Tictoc Nightlife Fashion,https://poki.com/en/g/tictoc-nightlife-fashion,Go Panda Games Studio,Beauty Games,7400,7400,0,1800,1800,0,9200,9200,0,0.0,9229,9260,31,4.2,4.2,0.0,2026-W40,2026-W41
Icycle,https://poki.com/en/g/icycle,Damp Gnat Games,Skill Games,3800,3800,0,1600,1600,0,5400,5400,0,0.0,5377,5380,3,3.8,3.8,0.0,2026-W40,2026-W41
Shift to Drift,https://poki.com/en/g/shift-to-drift,Coolgames B.V.,Racing Games,46500,46500,0,11300,11300,0,57800,57800,0,0.0,57783,57804,21,4.2,4.2,0.0,2026-W40,2026-W41
Earth's Greatest Defender,https://poki.com/en/g/earths-greatest-defender,Rémi Vansteelandt,Platform Games,14200,14200,0,3300,3300,0,17500,17500,0,0.0,17437,17464,27,4.3,4.3,0.0,2026-W40,2026-W41
Limited Survive,https://poki.com/en/g/limited-survive,Kool Games,Skill Games,11400,11400,0,1700,1700,0,13100,13100,0,0.0,13087,13111,24,4.5,4.5,0.0,2026-W40,2026-W41
Forgotten Hill Memento: Playground,https://poki.com/en/g/forgotten-hill-memento-playground,FM Studio,Brain Games,26700,26700,0,7900,7900,0,34600,34600,0,0.0,34564,34594,30,4.1,4.1,0.0,2026-W40,2026-W41
SuperBattle 2,https://poki.com/en/g/superbattle-2,YouDevice!,Arcade Games,82400,82400,0,23300,23300,0,105700,105700,0,0.0,105626,105650,24,4.1,4.1,0.0,2026-W40,2026-W41
Chromagic,https://poki.com/en/g/chromagic,Viridino Studios,Brain Games,11200,11200,0,2200,2200,0,13400,13400,0,0.0,13359,13421,62,4.3,4.3,0.0,2026-W40,2026-W41
Mahjoctopus,https://poki.com/en/g/mahjoctopus,Adgard,Card Games,615,615,0,247,247,0,862,862,0,0.0,862,862,0,3.9,3.9,0.0,2026-W40,2026-W41
Forgotten Hill: Fall,https://poki.com/en/g/forgotten-hill-fall-html5,FM Studio,Brain Games,64000,64000,0,18400,18400,0,82400,82400,0,0.0,82362,82454,92,4.1,4.1,0.0,2026-W40,2026-W41
Green,https://poki.com/en/g/green,Bonte Games,Puzzle Games,39100,39100,0,8400,8400,0,47500,47500,0,0.0,47444,47491,47,4.3,4.3,0.0,2026-W40,2026-W41
Whack em all,https://poki.com/en/g/whack-em-all,Code This Lab,Arcade Games,3500,3500,0,763,763,0,4263,4263,0,0.0,4245,4245,0,4.3,4.3,0.0,2026-W40,2026-W41
Sparkanoid,https://poki.com/en/g/sparkanoid,Coolgames B.V.,Arcade Games,8300,8300,0,2400,2400,0,10700,10700,0,0.0,10680,10681,1,4.1,4.1,0.0,2026-W40,2026-W41
Emoji Sort Master,https://poki.com/en/g/emoji-sort-master,VNStart Studio,Puzzle Games,67900,67900,0,12900,12900,0,80800,80800,0,0.0,80797,80826,29,4.4,4.4,0.0,2026-W40,2026-W41
Kawaii Dress-Up,https://poki.com/en/g/kawaii-dressup,Entrevero Games,Beauty Games,457900,457900,0,63100,63100,0,521000,521000,0,0.0,521022,521076,54,4.5,4.5,0.0,2026-W40,2026-W41
Water Polo Ragdoll,https://poki.com/en/g/water-polo-ragdoll,Venturous,Sports Games,4000,4000,0,2000,2000,0,6000,6000,0,0.0,6023,6027,4,3.6,3.6,0.0,2026-W40,2026-W41
Tower Crush,https://poki.com/en/g/tower-crush,Impossible Apps,Strategy Games,89800,89800,0,21900,21900,0,111700,111700,0,0.0,111745,111773,28,4.2,4.2,0.0,2026-W40,2026-W41
Grab The Apple,https://poki.com/en/g/grab-the-apple,Korigame,Skill Games,75800,75800,0,15400,15400,0,91200,91200,0,0.0,91195,91283,88,4.3,4.3,0.0,2026-W40,2026-W41
Swatforce vs Terrorists,https://poki.com/en/g/swatforce-vs-terrorists,Playtouch,Strategy Games,138800,138800,0,20500,20500,0,159300,159300,0,0.0,159290,159368,78,4.5,4.5,0.0,2026-W40,2026-W41
Forgotten Hill Disillusion: Flora&Fauna,https://poki.com/en/g/forgotten-hill-disillusion-florafauna,FM Studio,Brain Games,11200,11200,0,2900,2900,0,14100,14100,0,0.0,14106,14126,20,4.2,4.2,0.0,2026-W40,2026-W41
Pack a bag,https://poki.com/en/g/pack-a-bag,Tuki Tuki Games,Puzzle Games,13200,13200,0,3600,3600,0,16800,16800,0,0.0,16716,16746,30,4.2,4.2,0.0,2026-W40,2026-W41
Fruit Wheel,https://poki.com/en/g/fruit-wheel,WeLoPlay,Brain Games,3400,3400,0,1100,1100,0,4500,4500,0,0.0,4431,4433,2,4.0,4.0,0.0,2026-W40,2026-W41
Crown Guard,https://poki.com/en/g/crown-guard,IriySoft,Strategy Games,5500,5500,0,1400,1400,0,6900,6900,0,0.0,6862,6864,2,4.2,4.2,0.0,2026-W40,2026-W41
Brainrot Puzzle,https://poki.com/en/g/brainrot-puzzle,Playrea,Puzzle Games,117100,117100,0,18700,18700,0,135800,135800,0,0.0,135737,135804,67,4.5,4.5,0.0,2026-W40,2026-W41
Afterlife: The Game,https://poki.com/en/g/afterlife-the-game,Ohmaigawd,Simulation Games,291200,291200,0,91700,91700,0,382900,382900,0,0.0,382894,382932,38,4.0,4.0,0.0,2026-W40,2026-W41
Slime War,https://poki.com/en/g/slime-war,Shima,Strategy Games,9900,9900,0,2600,2600,0,12500,12500,0,0.0,12431,12474,43,4.2,4.2,0.0,2026-W40,2026-W41
Superbike Hero,https://poki.com/en/g/superbike-hero,b10b,Racing Games,136500,136500,0,24000,24000,0,160500,160500,0,0.0,160507,160541,34,4.4,4.4,0.0,2026-W40,2026-W41
Funny Travelling Airport,https://poki.com/en/g/funny-travelling-airport,"studio based in South Surabaya, Indonesia. They have many other cute games on Poki: Funny Throat Surgery 2 , Yummy Waffle Ice Cream , Cooking Korean Lesson , Funny Pet Haircut , Funny Nose Surgery , funny-rescue-zookeeper, funny-pet-rescue and Hipster vs Rockers Rating 4.4 updated Sep 2021 About this game controls Mouse click or tap on an object to pick it up and use it. Supported devices desktop, phone and tablet developer Go Panda Games Studio",Simulation Games,56000,56000,0,10000,10000,0,66000,66000,0,0.0,66025,66059,34,4.4,4.4,0.0,2026-W40,2026-W41
Stupidella 2,https://poki.com/en/g/stupidella-2,stupidella,Puzzle Games,17100,17100,0,3600,3600,0,20700,20700,0,0.0,20749,20769,20,4.3,4.3,0.0,2026-W40,2026-W41
Cold Storage,https://poki.com/en/g/cold-storage,Nitrome,Arcade Games,2200,2200,0,420,420,0,2620,2620,0,0.0,2602,2603,1,4.3,4.3,0.0,2026-W40,2026-W41
Prismo Puzzles,https://poki.com/en/g/prismo-puzzles,illusivegames,Puzzle Games,49400,49400,0,14800,14800,0,64200,64200,0,0.0,64219,64260,41,4.1,4.1,0.0,2026-W40,2026-W41
Apple Knight Golf,https://poki.com/en/g/apple-knight-golf,Limitless,Sports Games,10800,10800,0,1900,1900,0,12700,12700,0,0.0,12687,12714,27,4.4,4.4,0.0,2026-W40,2026-W41
Lidle Legend,https://poki.com/en/g/lidle-legend,AJ Ordaz,Adventure Games,10800,10800,0,2300,2300,0,13100,13100,0,0.0,13041,13049,8,4.3,4.3,0.0,2026-W40,2026-W41
Refuge Solitaire,https://poki.com/en/g/refuge-solitaire,Ravalmatic,Card Games,4700,4700,0,2000,2000,0,6700,6700,0,0.0,6697,6706,9,3.8,3.8,0.0,2026-W40,2026-W41
Idle Tree City,https://poki.com/en/g/idle-tree-city,NoPowerup,Idle Games,44600,44600,0,5800,5800,0,50400,50400,0,0.0,50387,50402,15,4.5,4.5,0.0,2026-W40,2026-W41
Sink It,https://poki.com/en/g/sink-it,"Alex, Jacq & Koen",Shooting Games,16900,16900,0,4200,4200,0,21100,21100,0,0.0,21107,21112,5,4.2,4.2,0.0,2026-W40,2026-W41
Emoji Dropper,https://poki.com/en/g/emoji-dropper,pgs1000,Puzzle Games,5000,5000,0,1200,1200,0,6200,6200,0,0.0,6222,6231,9,4.2,4.2,0.0,2026-W40,2026-W41
Magic Solitaire,https://poki.com/en/g/magic-solitaire,Coolgames B.V.,Card Games,2700,2700,0,944,944,0,3644,3644,0,0.0,3685,3688,3,4.0,4.0,0.0,2026-W40,2026-W41
Cave Blast,https://poki.com/en/g/cave-blast,SnoutUp Games,Shooting Games,320600,320600,0,75000,75000,0,395600,395600,0,0.0,395617,395657,40,4.2,4.2,0.0,2026-W40,2026-W41
Sugar Eyes,https://poki.com/en/g/sugar-eyes,WeDoYouPlay,Puzzle Games,7900,7900,0,2600,2600,0,10500,10500,0,0.0,10551,10553,2,4.0,4.0,0.0,2026-W40,2026-W41
Tingly Solitaire,https://poki.com/en/g/solitaire,Coolgames B.V.,Card Games,17200,17200,0,8700,8700,0,25900,25900,0,0.0,25879,25898,19,3.6,3.6,0.0,2026-W40,2026-W41
Village Craft,https://poki.com/en/g/village-craft,AlexSo,Simulation Games,67400,67400,0,16600,16600,0,84000,84000,0,0.0,84032,84063,31,4.2,4.2,0.0,2026-W40,2026-W41
Ocean,https://poki.com/en/g/ocean,ANV Games,"by enabling chains, combos, upgrades, and unlockable sea creatures! Are you ready to go through the oceans? How to play: Click (and hold) on any chip, move the mouse over an adjacent chip of the same color, and so on and on, collecting long stripes of chips of the same color. About the creator: Ocean was created by ANV Games. Play their other game laborer-2 on Poki for free!",22200,22200,0,6900,6900,0,29100,29100,0,0.0,29098,29104,6,4.1,4.1,0.0,2026-W40,2026-W41
Skywire VIP Extended,https://poki.com/en/g/skywire-vip-extended,Nitrome,Arcade Games,2800,2800,0,1400,1400,0,4200,4200,0,0.0,4158,4191,33,3.7,3.7,0.0,2026-W40,2026-W41
Magic Bridge,https://poki.com/en/g/magic-bridge,Neutronized,Arcade Games,12100,12100,0,2000,2000,0,14100,14100,0,0.0,14113,14121,8,4.4,4.4,0.0,2026-W40,2026-W41
Super Oscar,https://poki.com/en/g/super-oscar,Chorrus Games,Platform Games,34600,34600,0,8400,8400,0,43000,43000,0,0.0,42953,42957,4,4.2,4.2,0.0,2026-W40,2026-W41
Euro Kick Tournament,https://poki.com/en/g/euro-kick-tournament,Kayfo Games,Sports Games,44400,44400,0,5200,5200,0,49600,49600,0,0.0,49531,49619,88,4.6,4.6,0.0,2026-W40,2026-W41
Bo's Bedroom,https://poki.com/en/g/bos-bedroom,Kuyi Mobile,Adventure Games,4400,4400,0,1300,1300,0,5700,5700,0,0.0,5727,5732,5,4.1,4.1,0.0,2026-W40,2026-W41
Misland,https://poki.com/en/g/misland,Seal Unicorn Games,Simulation Games,69900,69900,0,11300,11300,0,81200,81200,0,0.0,81228,81252,24,4.4,4.4,0.0,2026-W40,2026-W41
Truck Traffic,https://poki.com/en/g/truck-traffic,QKY Games,Skill Games,71900,71900,0,12800,12800,0,84700,84700,0,0.0,84638,84655,17,4.4,4.4,0.0,2026-W40,2026-W41
Moto Maniac,https://poki.com/en/g/moto-maniac,IriySoft,Skill Games,166700,166700,0,48200,48200,0,214900,214900,0,0.0,214892,214956,64,4.1,4.1,0.0,2026-W40,2026-W41
Survival Builder,https://poki.com/en/g/survival-builder,NoPowerup,Simulation Games,66400,66400,0,8300,8300,0,74700,74700,0,0.0,74624,74661,37,4.6,4.6,0.0,2026-W40,2026-W41
Cats Love Cake 2,https://poki.com/en/g/cats-love-cake-2,DoubleDutch Games,Skill Games,58000,58000,0,12300,12300,0,70300,70300,0,0.0,70279,70332,53,4.3,4.3,0.0,2026-W40,2026-W41
Super Falling Fred,https://poki.com/en/g/super-falling-fred,Dedalord,Skill Games,51300,51300,0,11000,11000,0,62300,62300,0,0.0,62300,62309,9,4.3,4.3,0.0,2026-W40,2026-W41
Cook House,https://poki.com/en/g/cook-house,Lampogolovii,Simulation Games,9300,9300,0,1800,1800,0,11100,11100,0,0.0,11081,11104,23,4.3,4.3,0.0,2026-W40,2026-W41
Cursed Treasure,https://poki.com/en/g/cursed-treasure,IriySoft,Strategy Games,18000,18000,0,3400,3400,0,21400,21400,0,0.0,21355,21360,5,4.4,4.4,0.0,2026-W40,2026-W41
Bubble Charms Xmas,https://poki.com/en/g/bubble-charms-xmas,Coolgames B.V.,Arcade Games,5100,5100,0,1300,1300,0,6400,6400,0,0.0,6448,6451,3,4.2,4.2,0.0,2026-W40,2026-W41
Speed Pool King,https://poki.com/en/g/speed-pool-king,Happylander,Sports Games,11200,11200,0,3600,3600,0,14800,14800,0,0.0,14769,14819,50,4.0,4.0,0.0,2026-W40,2026-W41
Joyrider,https://poki.com/en/g/joyrider,kokos.games,Racing Games,53900,53900,0,16200,16200,0,70100,70100,0,0.0,70055,70086,31,4.1,4.1,0.0,2026-W40,2026-W41
Wood Blocks 3D,https://poki.com/en/g/wood-blocks-3d,InfinityGames.io,Brain Games,76000,76000,0,23300,23300,0,99300,99300,0,0.0,99268,99279,11,4.1,4.1,0.0,2026-W40,2026-W41
Ground Digger,https://poki.com/en/g/ground-digger,Sakkat Studio,Arcade Games,47300,47300,0,11700,11700,0,59000,59000,0,0.0,58948,58951,3,4.2,4.2,0.0,2026-W40,2026-W41
Turn Right,https://poki.com/en/g/turn-right,Avix Games,Skill Games,10400,10400,0,2900,2900,0,13300,13300,0,0.0,13213,13248,35,4.1,4.1,0.0,2026-W40,2026-W41
Duo Vikings 2,https://poki.com/en/g/duo-vikings-2,"and publisher. They have other collaborative games on Poki: Duo Vikings , Duo Survival , Duo Survival 2 , ZOOM-BE , ZOOM-BE 2 and ZOOM-BE 3 . They also have truck games like: Truck Loader 4 and Truck Loader 5 . Rating 4.4 updated May 2021 About this game controls A/D or Left/Right arrow keys to move. W or Up arrow key to jump. S or Down arrow key to hit/use. Supported devices desktop, phone and tablet developer 7Spot Games",Platform Games,83700,83700,0,13500,13500,0,97200,97200,0,0.0,97218,97284,66,4.4,4.4,0.0,2026-W40,2026-W41
Yokai Dungeon,https://poki.com/en/g/yokai-dungeon,"based in Italy. They have other addictive games on Poki: Slime Pizza , drop-wizard-tower, Magic Bridge , Picnic Penguin and lost-yeti Rating 4.3 updated Oct 2021 About this game controls Move with W, A, S, D or Up arrow, Down arrow, Left arrow, Right arrow. Push blocks with a Tap or the Spacebar. Supported devices desktop, phone and tablet developer Neutronized",Arcade Games,18700,18700,0,4000,4000,0,22700,22700,0,0.0,22643,22648,5,4.3,4.3,0.0,2026-W40,2026-W41
Brainrot Merge,https://poki.com/en/g/brainrot-merge,Playrea,Brain Games,7500,7500,0,1500,1500,0,9000,9000,0,0.0,9036,9056,20,4.3,4.3,0.0,2026-W40,2026-W41
Mr. Squarely,https://poki.com/en/g/mr-squarely,Lake Horse,Platform Games,10900,10900,0,2100,2100,0,13000,13000,0,0.0,12984,13034,50,4.3,4.3,0.0,2026-W40,2026-W41
Life Choices 2: Life Simulator,https://poki.com/en/g/life-choices-2-life-simulator,Unico Studio,Adventure Games,5400,5400,0,1700,1700,0,7100,7100,0,0.0,7042,7073,31,4.0,4.0,0.0,2026-W40,2026-W41
Bubbleshooter,https://poki.com/en/g/bubbleshooter,Playtouch,Skill Games,13900,13900,0,4600,4600,0,18500,18500,0,0.0,18524,18539,15,4.0,4.0,0.0,2026-W40,2026-W41
Word Chains,https://poki.com/en/g/word-chains,WeDoYouPlay,Brain Games,3000,3000,0,1100,1100,0,4100,4100,0,0.0,4117,4129,12,4.0,4.0,0.0,2026-W40,2026-W41
Unpuzzle,https://poki.com/en/g/unpuzzle,Kek Games,Puzzle Games,12200,12200,0,2900,2900,0,15100,15100,0,0.0,15138,15147,9,4.2,4.2,0.0,2026-W40,2026-W41
Word Search,https://poki.com/en/g/word-search,Code This Lab,Brain Games,7000,7000,0,2100,2100,0,9100,9100,0,0.0,9043,9077,34,4.1,4.1,0.0,2026-W40,2026-W41
Zomrage,https://poki.com/en/g/zomrage,7Spot Games,Brain Games,4600,4600,0,1300,1300,0,5900,5900,0,0.0,5863,5876,13,4.1,4.1,0.0,2026-W40,2026-W41
Goose Game,https://poki.com/en/g/goose-game,Code This Lab,Board Games,79500,79500,0,23100,23100,0,102600,102600,0,0.0,102602,102623,21,4.1,4.1,0.0,2026-W40,2026-W41
Flags Quiz,https://poki.com/en/g/flags-quiz,Logic.cool,Puzzle Games,14000,14000,0,2400,2400,0,16400,16400,0,0.0,16438,16458,20,4.4,4.4,0.0,2026-W40,2026-W41
Total Party Kill,https://poki.com/en/g/total-party-kill,Adventure Islands,Platform Games,38200,38200,0,8500,8500,0,46700,46700,0,0.0,46619,46621,2,4.3,4.3,0.0,2026-W40,2026-W41
Nightpoint.io,https://poki.com/en/g/nightpoint-io,Sarunas Visockas,Action Games,99200,99200,0,27100,27100,0,126300,126300,0,0.0,126244,126278,34,4.1,4.1,0.0,2026-W40,2026-W41
Merge And Decor,https://poki.com/en/g/merge-and-decor,Being Gaming,Puzzle Games,6600,6600,0,1700,1700,0,8300,8300,0,0.0,8283,8285,2,4.2,4.2,0.0,2026-W40,2026-W41
Bubble Charms,https://poki.com/en/g/bubble-charms,Coolgames B.V.,Arcade Games,5800,5800,0,1300,1300,0,7100,7100,0,0.0,7106,7110,4,4.3,4.3,0.0,2026-W40,2026-W41
Monster Match,https://poki.com/en/g/monster-match,Fancade,Puzzle Games,18000,18000,0,4200,4200,0,22200,22200,0,0.0,22174,22220,46,4.3,4.3,0.0,2026-W40,2026-W41
Golf Zero,https://poki.com/en/g/golf-zero,Colin Lane Games AB,Platform Games,10500,10500,0,2200,2200,0,12700,12700,0,0.0,12624,12649,25,4.3,4.3,0.0,2026-W40,2026-W41
Infinite Soccer,https://poki.com/en/g/infinite-soccer,AVIX games,Skill Games,20300,20300,0,4600,4600,0,24900,24900,0,0.0,24892,24903,11,4.3,4.3,0.0,2026-W40,2026-W41
Burrito Bison Revenge,https://poki.com/en/g/burrito-bison-revenge,Juicy Beast,Skill Games,39900,39900,0,5500,5500,0,45400,45400,0,0.0,45403,45423,20,4.5,4.5,0.0,2026-W40,2026-W41
Toxic 2,https://poki.com/en/g/toxic-2,Nitrome,Platform Games,9300,9300,0,1400,1400,0,10700,10700,0,0.0,10736,10747,11,4.5,4.5,0.0,2026-W40,2026-W41
Dadish 3,https://poki.com/en/g/dadish-3,"based in New Zealand. Play their other games on Poki: Dadish , Dadish 2 , fowlst, Super Fowlst , and Super Fowlst 2 Rating 4.3 updated Jun 2022 About this game controls W, A, S, D or Up arrow, Down arrow, Left arrow, Right arrow to move. Spacebar to jump. Supported devices desktop, phone and tablet developer Thomas K. Young",Platform Games,51800,51800,0,10200,10200,0,62000,62000,0,0.0,61927,61956,29,4.3,4.3,0.0,2026-W40,2026-W41
Numbskull,https://poki.com/en/g/numbskull,Nitrome,Puzzle Games,2700,2700,0,523,523,0,3223,3223,0,0.0,3234,3236,2,4.3,4.3,0.0,2026-W40,2026-W41
Cashchubbies Islands,https://poki.com/en/g/cashchubbies-islands,d954mas,Idle Games,27900,27900,0,5200,5200,0,33100,33100,0,0.0,33047,33094,47,4.4,4.4,0.0,2026-W40,2026-W41
4th and Goal 2024,https://poki.com/en/g/4th-and-goal-2024,Glowmonkey,Sports Games,27200,27200,0,4100,4100,0,31300,31300,0,0.0,31276,31349,73,4.5,4.5,0.0,2026-W40,2026-W41
Break the Siesta,https://poki.com/en/g/break-the-siesta,Havana24,Arcade Games,7300,7300,0,2000,2000,0,9300,9300,0,0.0,9305,9306,1,4.2,4.2,0.0,2026-W40,2026-W41
Traffic Jam,https://poki.com/en/g/traffic-jam,KasSanity,Skill Games,7200,7200,0,2300,2300,0,9500,9500,0,0.0,9512,9517,5,4.0,4.0,0.0,2026-W40,2026-W41
Woodcraft,https://poki.com/en/g/woodcraft,Fomo Games,Simulation Games,130900,130900,0,18700,18700,0,149600,149600,0,0.0,149616,149634,18,4.5,4.5,0.0,2026-W40,2026-W41
Stack City,https://poki.com/en/g/stack-city,Pelican Party Studios,Simulation Games,23100,23100,0,6000,6000,0,29100,29100,0,0.0,29079,29109,30,4.2,4.2,0.0,2026-W40,2026-W41
Obby Tag,https://poki.com/en/g/obby-tag,Iron Fox Games,Platform Games,3700,3700,0,1600,1600,0,5300,5300,0,0.0,5274,5280,6,3.8,3.8,0.0,2026-W40,2026-W41
Freecell Solitaire,https://poki.com/en/g/freecell-solitaire,Adgard,Card Games,2600,2600,0,1500,1500,0,4100,4100,0,0.0,4163,4181,18,3.5,3.5,0.0,2026-W40,2026-W41
Classic Mahjong,https://poki.com/en/g/classic-mahjong,Coolgames B.V.,Brain Games,17900,17900,0,6400,6400,0,24300,24300,0,0.0,24332,24367,35,3.9,3.9,0.0,2026-W40,2026-W41
Cursed Treasure 2,https://poki.com/en/g/cursed-treasure-2,IriySoft,Strategy Games,44600,44600,0,7600,7600,0,52200,52200,0,0.0,52204,52222,18,4.4,4.4,0.0,2026-W40,2026-W41
Spider Solitaire,https://poki.com/en/g/spider-solitaire,InfinityGames.io,Card Games,13600,13600,0,6300,6300,0,19900,19900,0,0.0,19907,19922,15,3.7,3.7,0.0,2026-W40,2026-W41
Smash Car Idle 2,https://poki.com/en/g/smash-car-idle-2,FM Studio,Idle Games,4700,4700,0,1600,1600,0,6300,6300,0,0.0,6343,6344,1,4.0,4.0,0.0,2026-W40,2026-W41
TinyTownRacing,https://poki.com/en/g/tinytownracing,"based in India. This is their first game on Poki! Rating 4.2 updated Oct 2025 About this game controls A or Left arrow to go left. D or Right arrow to go right. Supported devices desktop, phone and tablet developer VKrishna",Racing Games,96000,96000,0,22800,22800,0,118800,118800,0,0.0,118791,118804,13,4.2,4.2,0.0,2026-W40,2026-W41
Soldier Legend,https://poki.com/en/g/soldier-legend,QKY Games,Shooting Games,318500,318500,0,64300,64300,0,382800,382800,0,0.0,382736,382758,22,4.3,4.3,0.0,2026-W40,2026-W41
Frost Bite,https://poki.com/en/g/frostbite,Nitrome,Platform Games,3000,3000,0,570,570,0,3570,3570,0,0.0,3575,3579,4,4.4,4.4,0.0,2026-W40,2026-W41
Golfparty.io,https://poki.com/en/g/golfparty-io,Milkshake Games,Sports Games,63200,63200,0,16000,16000,0,79200,79200,0,0.0,79195,79229,34,4.2,4.2,0.0,2026-W40,2026-W41
Pylon,https://poki.com/en/g/pylon,Colin Lane Games AB,Arcade Games,570,570,0,209,209,0,779,779,0,0.0,779,779,0,3.9,3.9,0.0,2026-W40,2026-W41
Final Ninja,https://poki.com/en/g/final-ninja-html5,Nitrome,Platform Games,48100,48100,0,5600,5600,0,53700,53700,0,0.0,53661,53682,21,4.6,4.6,0.0,2026-W40,2026-W41
Park Out,https://poki.com/en/g/park-out,Okashi Games,Puzzle Games,22700,22700,0,3100,3100,0,25800,25800,0,0.0,25749,25761,12,4.5,4.5,0.0,2026-W40,2026-W41
Marble Boom,https://poki.com/en/g/marble-boom,IriySoft,Skill Games,15500,15500,0,5300,5300,0,20800,20800,0,0.0,20778,20790,12,4.0,4.0,0.0,2026-W40,2026-W41
Hexa War Idle Battle,https://poki.com/en/g/hexa-war-idle-battle,Square Dino,Puzzle Games,6200,6200,0,1400,1400,0,7600,7600,0,0.0,7556,7567,11,4.3,4.3,0.0,2026-W40,2026-W41
Tingly Pyramid Solitaire,https://poki.com/en/g/tingly-pyramid-solitaire,Coolgames B.V.,Card Games,4500,4500,0,2500,2500,0,7000,7000,0,0.0,6917,6923,6,3.6,3.6,0.0,2026-W40,2026-W41
Solitaire,https://poki.com/en/g/solitaire-html5,InfinityGames.io,Card Games,6600,6600,0,3100,3100,0,9700,9700,0,0.0,9715,9733,18,3.7,3.7,0.0,2026-W40,2026-W41
Pixel Pop,https://poki.com/en/g/pixel-pop,Nitrome,Skill Games,262,262,0,80,80,0,342,342,0,0.0,342,342,0,4.1,4.1,0.0,2026-W40,2026-W41
Ball Guys,https://poki.com/en/g/ball-guys,Half Moon Studios,Skill Games,4500,4500,0,1100,1100,0,5600,5600,0,0.0,5567,5590,23,4.2,4.2,0.0,2026-W40,2026-W41
Villain Quinn: My Drawing Portfolio,https://poki.com/en/g/villain-quinn-my-drawing-portfolio,Idea Studios,Decoration Games,334400,334400,0,79200,79200,0,413600,413600,0,0.0,413562,413585,23,4.2,4.2,0.0,2026-W40,2026-W41
Avalanche,https://poki.com/en/g/avalanche-html5,Nitrome,Sports Games,7500,7500,0,1400,1400,0,8900,8900,0,0.0,8922,8926,4,4.4,4.4,0.0,2026-W40,2026-W41
Zombie Dying: Survival Days,https://poki.com/en/g/zombie-dying-survival-days,Art Industries,Shooting Games,35900,35900,0,7500,7500,0,43400,43400,0,0.0,43395,43438,43,4.3,4.3,0.0,2026-W40,2026-W41
Hex FRVR,https://poki.com/en/g/hex-frvr,FRVR Games,Puzzle Games,60100,60100,0,20300,20300,0,80400,80400,0,0.0,80428,80445,17,4.0,4.0,0.0,2026-W40,2026-W41
Day of Meat: Castle,https://poki.com/en/g/day-of-meat-castle,Lampogolovii,Strategy Games,26200,26200,0,4700,4700,0,30900,30900,0,0.0,30931,30938,7,4.4,4.4,0.0,2026-W40,2026-W41
Quack Quest,https://poki.com/en/g/quack-quest,GigaMegaGames,Simulation Games,7400,7400,0,1400,1400,0,8800,8800,0,0.0,8790,8809,19,4.3,4.3,0.0,2026-W40,2026-W41
War Masters: Tactical Strategy,https://poki.com/en/g/war-masters-tactical-strategy,hg-studio,Brain Games,48900,48900,0,7900,7900,0,56800,56800,0,0.0,56768,56815,47,4.5,4.5,0.0,2026-W40,2026-W41
Running Fred,https://poki.com/en/g/running-fred,Dedalord,Skill Games,187700,187700,0,25900,25900,0,213600,213600,0,0.0,213567,213586,19,4.5,4.5,0.0,2026-W40,2026-W41
Jetpack Fury,https://poki.com/en/g/jetpack-fury,Petit Kyanpu,Skill Games,7300,7300,0,1200,1200,0,8500,8500,0,0.0,8461,8480,19,4.4,4.4,0.0,2026-W40,2026-W41
Arcane Archer,https://poki.com/en/g/arcane-archer,OnRush Studio,Adventure Games,50100,50100,0,7300,7300,0,57400,57400,0,0.0,57402,57420,18,4.5,4.5,0.0,2026-W40,2026-W41
4th and Goal 2019,https://poki.com/en/g/4th-and-goal-2019,Glowmonkey,Sports Games,13500,13500,0,2200,2200,0,15700,15700,0,0.0,15625,15641,16,4.5,4.5,0.0,2026-W40,2026-W41
4th and Goal 2018,https://poki.com/en/g/4th-and-goal-2018,Glowmonkey,Sports Games,6800,6800,0,980,980,0,7780,7780,0,0.0,7792,7797,5,4.5,4.5,0.0,2026-W40,2026-W41
Desert Worms,https://poki.com/en/g/desert-worms,Devm Games,Racing Games,51800,51800,0,8800,8800,0,60600,60600,0,0.0,60569,60630,61,4.4,4.4,0.0,2026-W40,2026-W41
Funny Camping Day,https://poki.com/en/g/funny-camping-day,"studio based in South Surabaya, Indonesia. They have many other cute games on Poki: Funny Travelling Airport , Funny Throat Surgery 2 , Yummy Waffle Ice Cream , Cooking Korean Lesson , Funny Pet Haircut , Funny Nose Surgery , funny-rescue-zookeeper, funny-pet-rescue and Hipster vs Rockers Rating 4.2 updated Sep 2021 About this game controls Click or tap on an object to pick it up and use it. Supported devices desktop, phone and tablet developer Go Panda Games Studio",Simulation Games,46900,46900,0,11100,11100,0,58000,58000,0,0.0,58016,58036,20,4.2,4.2,0.0,2026-W40,2026-W41
Pond Race,https://poki.com/en/g/pond-race,Gametapas,Skill Games,14100,14100,0,3100,3100,0,17200,17200,0,0.0,17225,17229,4,4.3,4.3,0.0,2026-W40,2026-W41
Elixpur Idle,https://poki.com/en/g/elixpur-idle,7Spot Games,Idle Games,15800,15800,0,1900,1900,0,17700,17700,0,0.0,17677,17691,14,4.6,4.6,0.0,2026-W40,2026-W41
Square Meal,https://poki.com/en/g/square-meal,Nitrome,Arcade Games,11400,11400,0,2600,2600,0,14000,14000,0,0.0,13984,14005,21,4.3,4.3,0.0,2026-W40,2026-W41
Critters Quest,https://poki.com/en/g/critters-quest,Critters Studio,Idle Games,7700,7700,0,1300,1300,0,9000,9000,0,0.0,8958,9014,56,4.4,4.4,0.0,2026-W40,2026-W41
Rabbit Samurai,https://poki.com/en/g/rabbit-samurai,IP Eliseenko Maksim Andreevich,Skill Games,34500,34500,0,6700,6700,0,41200,41200,0,0.0,41188,41191,3,4.3,4.3,0.0,2026-W40,2026-W41
Pixel Puzzles,https://poki.com/en/g/pixel-puzzles,AVIX games,Puzzle Games,6000,6000,0,1000,1000,0,7000,7000,0,0.0,6960,6961,1,4.4,4.4,0.0,2026-W40,2026-W41
Skiddy Taxi,https://poki.com/en/g/skiddy-taxi,Viridino Studios,Arcade Games,17700,17700,0,4900,4900,0,22600,22600,0,0.0,22625,22642,17,4.1,4.1,0.0,2026-W40,2026-W41
Doctor Teeth,https://poki.com/en/g/doctor-teeth,IP Eliseenko Maksim Andreevich,Simulation Games,28900,28900,0,10300,10300,0,39200,39200,0,0.0,39191,39220,29,4.0,4.0,0.0,2026-W40,2026-W41
Under The Grave,https://poki.com/en/g/under-the-grave,Fun Kitten,Skill Games,7300,7300,0,1400,1400,0,8700,8700,0,0.0,8765,8784,19,4.3,4.3,0.0,2026-W40,2026-W41
Stupidella Click,https://poki.com/en/g/stupidella-click,stupidella,Idle Games,25000,25000,0,9700,9700,0,34700,34700,0,0.0,34718,34793,75,3.9,3.9,0.0,2026-W40,2026-W41
Dunkers 2,https://poki.com/en/g/dunkers-2,Playback Studio,Sports Games,156400,156400,0,27100,27100,0,183500,183500,0,0.0,183488,183510,22,4.4,4.4,0.0,2026-W40,2026-W41
Classic Solitaire,https://poki.com/en/g/classic-solitaire,MarketJS,Card Games,1900,1900,0,1200,1200,0,3100,3100,0,0.0,3038,3046,8,3.5,3.5,0.0,2026-W40,2026-W41
Glitch Dash,https://poki.com/en/g/glitch-dash,"David Marquardt intended, so come play Glitch Dash on Poki right now to test your skills! Controls: Arrow keys - Move Space - Jump Tips and tricks: - Glitch Dash is a very difficult game, so don’t get disheartened if you get stuck – just keep trying! - Every diamond is worth collecting, but if you just can’t get it then focus on finishing the stage. About the creator: Glitch Dash is created by solo developer David Marquardt based in Sweden. David’s other games include chameleon puzzler Pull My Tongue. Rating 4.5 updated Jun 2022 About this game controls Up arrow, Down arrow, Left arrow, Right arrow to move. Spacebar to jump. Supported devices desktop developer David Marquardt AB",Skill Games,154100,154100,0,23600,23600,0,177700,177700,0,0.0,177725,177746,21,4.5,4.5,0.0,2026-W40,2026-W41
Swindler,https://poki.com/en/g/swindler-html5,Nitrome,Platform Games,7100,7100,0,1100,1100,0,8200,8200,0,0.0,8134,8141,7,4.5,4.5,0.0,2026-W40,2026-W41
Doc Darling Bone Surgery,https://poki.com/en/g/doc-darling-bone-surgery,Go Panda Games Studio,Simulation Games,7100,7100,0,2200,2200,0,9300,9300,0,0.0,9230,9330,100,4.1,4.1,0.0,2026-W40,2026-W41
GIRP,https://poki.com/en/g/girp,Bennett Foddy,Arcade Games,5400,5400,0,1800,1800,0,7200,7200,0,0.0,7140,7147,7,4.0,4.0,0.0,2026-W40,2026-W41
Zoi: The Escape,https://poki.com/en/g/zoi-the-escape,Poki Studios,Skill Games,5700,5700,0,2700,2700,0,8400,8400,0,0.0,8337,8343,6,3.7,3.7,0.0,2026-W40,2026-W41
2048 Balls,https://poki.com/en/g/2048-balls-number-puzzle,Unico Studio,Arcade Games,8600,8600,0,1600,1600,0,10200,10200,0,0.0,10189,10211,22,4.4,4.4,0.0,2026-W40,2026-W41
Cover Orange: Space,https://poki.com/en/g/cover-orange-space,Johnny-K,Brain Games,13200,13200,0,3500,3500,0,16700,16700,0,0.0,16725,16737,12,4.2,4.2,0.0,2026-W40,2026-W41
Pocket Hockey,https://poki.com/en/g/pocket-hockey,QKY Games,Skill Games,18400,18400,0,4800,4800,0,23200,23200,0,0.0,23193,23206,13,4.2,4.2,0.0,2026-W40,2026-W41
4 Pics 1 Word,https://poki.com/en/g/4-pics-1-word,Unico Studio,Brain Games,5300,5300,0,2500,2500,0,7800,7800,0,0.0,7795,7802,7,3.7,3.7,0.0,2026-W40,2026-W41
Mine Line,https://poki.com/en/g/mine-line,Shoom Games,Adventure Games,18900,18900,0,3400,3400,0,22300,22300,0,0.0,22330,22357,27,4.4,4.4,0.0,2026-W40,2026-W41
Super Racing GT: Drag Pro,https://poki.com/en/g/super-racing-gt-drag-pro,Playtouch,Racing Games,101400,101400,0,20000,20000,0,121400,121400,0,0.0,121377,121393,16,4.3,4.3,0.0,2026-W40,2026-W41
Block the Pig,https://poki.com/en/g/block-the-pig,Sun Temple,Strategy Games,30100,30100,0,8700,8700,0,38800,38800,0,0.0,38791,38802,11,4.1,4.1,0.0,2026-W40,2026-W41
Street Ball Jam,https://poki.com/en/g/street-ball-jam,IP Eliseenko Maksim Andreevich,Skill Games,70700,70700,0,12300,12300,0,83000,83000,0,0.0,82966,83015,49,4.4,4.4,0.0,2026-W40,2026-W41
Drills Merge Master,https://poki.com/en/g/drills-merge-master,d954mas,Simulation Games,5800,5800,0,1100,1100,0,6900,6900,0,0.0,6834,6849,15,4.4,4.4,0.0,2026-W40,2026-W41
Fantasy Sandbox,https://poki.com/en/g/fantasy-sandbox,Indiesoft,Adventure Games,34700,34700,0,7600,7600,0,42300,42300,0,0.0,42257,42338,81,4.3,4.3,0.0,2026-W40,2026-W41
Freeway Fury,https://poki.com/en/g/freeway-fury,Serius Games,Driving Games,26400,26400,0,4600,4600,0,31000,31000,0,0.0,30947,30953,6,4.4,4.4,0.0,2026-W40,2026-W41
Word City Uncrossed,https://poki.com/en/g/word-city-uncrossed,Unico Studio,Brain Games,65200,65200,0,14100,14100,0,79300,79300,0,0.0,79315,79346,31,4.3,4.3,0.0,2026-W40,2026-W41
Zomblox.io,https://poki.com/en/g/zomblox-io,Jetti Games,Action Games,5200,5200,0,1300,1300,0,6500,6500,0,0.0,6457,6468,11,4.2,4.2,0.0,2026-W40,2026-W41
Rabbit Samurai 2,https://poki.com/en/g/rabbit-samurai-2,IP Eliseenko Maksim Andreevich,Platform Games,14500,14500,0,2500,2500,0,17000,17000,0,0.0,16964,16966,2,4.4,4.4,0.0,2026-W40,2026-W41
Domino Merge!,https://poki.com/en/g/domino-merge,Potato Jam,Skill Games,4200,4200,0,1600,1600,0,5800,5800,0,0.0,5804,5827,23,3.9,3.9,0.0,2026-W40,2026-W41
Mahjong Cards,https://poki.com/en/g/mahjong-cards,Indiesoft,Card Games,7300,7300,0,2300,2300,0,9600,9600,0,0.0,9605,9608,3,4.0,4.0,0.0,2026-W40,2026-W41
Daily Dadish,https://poki.com/en/g/daily-dadish,"based in New Zealand. Play their other games on Poki : Dadish , Dadish 2 , Dadish 3 , fowlst, Super Fowlst , and Super Fowlst 2 How can I play Daily Dadish for free? You can play Daily Dadish for free on Poki. Can I play Daily Dadish on mobile devices and desktop? Daily Dadish can be played on your computer, phone, and, tablets. Rating 4.5 updated Feb 2023 About this game controls Move with W, A, S, D or Up arrow, Down arrow, Left arrow, Right arrow. Jump with the Spacebar. Supported devices desktop, phone and tablet developer Thomas K. Young",Platform Games,31200,31200,0,5000,5000,0,36200,36200,0,0.0,36176,36215,39,4.5,4.5,0.0,2026-W40,2026-W41
"Look, Your Loot!",https://poki.com/en/g/look-your-loot,Dragosha,Strategy Games,21800,21800,0,4200,4200,0,26000,26000,0,0.0,25956,25969,13,4.4,4.4,0.0,2026-W40,2026-W41
Droplets,https://poki.com/en/g/droplets,Nitrome,Arcade Games,307,307,0,150,150,0,457,457,0,0.0,457,457,0,3.7,3.7,0.0,2026-W40,2026-W41
Merge Penguins,https://poki.com/en/g/merge-penguins,EasyCats,Puzzle Games,6200,6200,0,1400,1400,0,7600,7600,0,0.0,7570,7576,6,4.3,4.3,0.0,2026-W40,2026-W41
MadZOOng,https://poki.com/en/g/madzoong,Adgard,Puzzle Games,13200,13200,0,3900,3900,0,17100,17100,0,0.0,17139,17143,4,4.1,4.1,0.0,2026-W40,2026-W41
Craftomation 1,https://poki.com/en/g/craftomation-1,Luden IO,Puzzle Games,10800,10800,0,2400,2400,0,13200,13200,0,0.0,13208,13223,15,4.3,4.3,0.0,2026-W40,2026-W41
Merge the Numbers,https://poki.com/en/g/merge-the-numbers,Eagle Games,Puzzle Games,40200,40200,0,10800,10800,0,51000,51000,0,0.0,50980,51020,40,4.2,4.2,0.0,2026-W40,2026-W41
Beast Barber,https://poki.com/en/g/beast-barber,Petit Kyanpu,Simulation Games,10700,10700,0,1900,1900,0,12600,12600,0,0.0,12540,12596,56,4.4,4.4,0.0,2026-W40,2026-W41
FootyZag,https://poki.com/en/g/footyzag,10x10games,Sports Games,27400,27400,0,4800,4800,0,32200,32200,0,0.0,32191,32198,7,4.4,4.4,0.0,2026-W40,2026-W41
Forgotten Hill: The Third Axis,https://poki.com/en/g/forgotten-hill-the-third-axis,FM Studio,Brain Games,24800,24800,0,7700,7700,0,32500,32500,0,0.0,32448,32486,38,4.0,4.0,0.0,2026-W40,2026-W41
Kingdom Heroes,https://poki.com/en/g/kingdom-heroes,AlexSo,Adventure Games,19700,19700,0,3400,3400,0,23100,23100,0,0.0,23127,23164,37,4.4,4.4,0.0,2026-W40,2026-W41
Moving Truck: Construction,https://poki.com/en/g/moving-truck-construction,7Spot Games,Racing Games,13800,13800,0,3000,3000,0,16800,16800,0,0.0,16791,16795,4,4.3,4.3,0.0,2026-W40,2026-W41
Super Kill-BOI 9000,https://poki.com/en/g/super-killboi-9000,PlayWithFurcifer,Action Games,8900,8900,0,1500,1500,0,10400,10400,0,0.0,10430,10447,17,4.4,4.4,0.0,2026-W40,2026-W41
Math Mahjong Relax,https://poki.com/en/g/math-mahjong-relax,Logic.cool,Brain Games,18400,18400,0,4300,4300,0,22700,22700,0,0.0,22634,22653,19,4.3,4.3,0.0,2026-W40,2026-W41
Freeway Fury 2,https://poki.com/en/g/freeway-fury-2-html5,Serius Games,Driving Games,29200,29200,0,4300,4300,0,33500,33500,0,0.0,33451,33461,10,4.5,4.5,0.0,2026-W40,2026-W41
CircloO 2,https://poki.com/en/g/circloo-2,"with games like the original CircloO and The Final Earth 2 both playable on Poki . Rating 4.4 updated Mar 2025 About this game controls W, A, S, D or Up arrow, Down arrow, Left arrow, Right arrow to move. Supported devices desktop, phone and tablet developer Florian van Strien",Puzzle Games,21700,21700,0,3800,3800,0,25500,25500,0,0.0,25470,25476,6,4.4,4.4,0.0,2026-W40,2026-W41
4 Images 1 Word,https://poki.com/en/g/4-images-1-word,Code This Lab,Puzzle Games,13400,13400,0,4000,4000,0,17400,17400,0,0.0,17418,17428,10,4.1,4.1,0.0,2026-W40,2026-W41
4th and Goal 2023,https://poki.com/en/g/4th-and-goal-2023,Glowmonkey,Sports Games,18600,18600,0,2500,2500,0,21100,21100,0,0.0,21036,21054,18,4.5,4.5,0.0,2026-W40,2026-W41
Sushi Merge,https://poki.com/en/g/sushi-merge,Kuyi Mobile,Puzzle Games,7700,7700,0,2200,2200,0,9900,9900,0,0.0,9919,9938,19,4.1,4.1,0.0,2026-W40,2026-W41
Onekey,https://poki.com/en/g/onekey,Nitrome,Arcade Games,977,977,0,266,266,0,1243,1243,0,0.0,1243,1243,0,4.1,4.1,0.0,2026-W40,2026-W41
Australian Patience,https://poki.com/en/g/australian-patience,DrMop Games,Card Games,9800,9800,0,4400,4400,0,14200,14200,0,0.0,14258,14266,8,3.8,3.8,0.0,2026-W40,2026-W41
Mad Car Racing,https://poki.com/en/g/mad-car-racing,Brain Software,Racing Games,30800,30800,0,5300,5300,0,36100,36100,0,0.0,36075,36094,19,4.4,4.4,0.0,2026-W40,2026-W41
Zombie Derby,https://poki.com/en/g/zombie-derby,Brinemedia,Racing Games,69600,69600,0,12200,12200,0,81800,81800,0,0.0,81758,81809,51,4.4,4.4,0.0,2026-W40,2026-W41
Eggy Car,https://poki.com/en/g/eggy-car,Beedo Games,Driving Games,9900,9900,0,3100,3100,0,13000,13000,0,0.0,12996,13031,35,4.0,4.0,0.0,2026-W40,2026-W41
Little Cabin in the Woods,https://poki.com/en/g/little-cabin-in-the-woods,FM Studio,Adventure Games,35200,35200,0,11200,11200,0,46400,46400,0,0.0,46360,46420,60,4.0,4.0,0.0,2026-W40,2026-W41
Mummy's Path Deluxe,https://poki.com/en/g/mummys-path-deluxe,FM Studio,Puzzle Games,4300,4300,0,1400,1400,0,5700,5700,0,0.0,5682,5685,3,4.0,4.0,0.0,2026-W40,2026-W41
Max and Mink,https://poki.com/en/g/max-and-mink,Poki Studios,Platform Games,176500,176500,0,28300,28300,0,204800,204800,0,0.0,204844,204883,39,4.5,4.5,0.0,2026-W40,2026-W41
Aquanaut,https://poki.com/en/g/aquanaut,Nitrome,Platform Games,4500,4500,0,1100,1100,0,5600,5600,0,0.0,5549,5551,2,4.2,4.2,0.0,2026-W40,2026-W41
Maze Speedrun,https://poki.com/en/g/maze-speedrun,Ravalmatic,Arcade Games,43600,43600,0,12200,12200,0,55800,55800,0,0.0,55798,55832,34,4.1,4.1,0.0,2026-W40,2026-W41
Impossible 13,https://poki.com/en/g/impossible-13,Robowhale,Puzzle Games,70000,70000,0,17400,17400,0,87400,87400,0,0.0,87403,87414,11,4.2,4.2,0.0,2026-W40,2026-W41
Arrower,https://poki.com/en/g/arrower,QKY Games,Puzzle Games,8300,8300,0,2300,2300,0,10600,10600,0,0.0,10635,10640,5,4.1,4.1,0.0,2026-W40,2026-W41
Cat Coffee Shop,https://poki.com/en/g/cat-coffee-shop,Lutte,Simulation Games,41500,41500,0,4900,4900,0,46400,46400,0,0.0,46390,46426,36,4.6,4.6,0.0,2026-W40,2026-W41
Invaders.io,https://poki.com/en/g/invaders-io,Working Title Studios,Skill Games,30400,30400,0,6700,6700,0,37100,37100,0,0.0,37079,37089,10,4.3,4.3,0.0,2026-W40,2026-W41
Line Up: Dots!,https://poki.com/en/g/line-up-dots,Neomaze,Brain Games,17700,17700,0,7200,7200,0,24900,24900,0,0.0,24903,24905,2,3.8,3.8,0.0,2026-W40,2026-W41
Breakoid,https://poki.com/en/g/breakoid,supernice.games,"with amazing graphics, visuals and sound! Try your hand at the normal mode and see how many levels you can break your way through or test out the endless mode and use special abilities to make your way to the top! If you get too good for the original levels, try out the level editor and create your ultimate block-breaking extravaganza! How to play Breakoid Use the mouse to move the paddle side-to-side to hit the ball. On mobile, click on the paddle then swipe on the screen to move around! Who created Breakoid? Breakoid is created by Supernice.Games. This is their first game on Poki!",39500,39500,0,6700,6700,0,46200,46200,0,0.0,46138,46165,27,4.4,4.4,0.0,2026-W40,2026-W41
Fluffy Out,https://poki.com/en/g/fluffy-out,Seal Unicorn Games,Puzzle Games,4700,4700,0,1100,1100,0,5800,5800,0,0.0,5767,5771,4,4.3,4.3,0.0,2026-W40,2026-W41
Truck Loader 3,https://poki.com/en/g/truck-loader-3,"and publisher. They have other addictive games on Poki: Duo Vikings 3 , Duo Vikings 2 , Duo Vikings , Duo Survival , Duo Survival 2 , ZOOM-BE , ZOOM-BE 2 and ZOOM-BE 3 . They also have truck games like: Truck Loader 2 and Truck Loader 5 . Rating 4.3 updated Nov 2021 About this game controls A/D to move left/right. W to jump. Aim with the mouse and tap or click to pick up boxes. Supported devices desktop, phone and tablet developer 7Spot Games",Puzzle Games,29900,29900,0,5800,5800,0,35700,35700,0,0.0,35608,35627,19,4.3,4.3,0.0,2026-W40,2026-W41
Jigsaw Gems,https://poki.com/en/g/jigsaw-gems,monoinyo,Puzzle Games,13600,13600,0,5100,5100,0,18700,18700,0,0.0,18705,18757,52,3.9,3.9,0.0,2026-W40,2026-W41
Kronch'N'Roll,https://poki.com/en/g/kronchnroll,Xaxaxa,Platform Games,6500,6500,0,1400,1400,0,7900,7900,0,0.0,7948,7958,10,4.3,4.3,0.0,2026-W40,2026-W41
Foggy Fox,https://poki.com/en/g/foggy-fox,Dragosha,Adventure Games,36800,36800,0,7600,7600,0,44400,44400,0,0.0,44342,44355,13,4.3,4.3,0.0,2026-W40,2026-W41
Murder,https://poki.com/en/g/murder,Studio Seufz,Skill Games,7700000,7700000,0,1400000,1400000,0,9100000,9100000,0,0.0,9079400,9112828,33428,4.4,4.4,0.0,2026-W40,2026-W41
Isotiles,https://poki.com/en/g/isotiles,Robert Alvarez,Brain Games,13500,13500,0,3300,3300,0,16800,16800,0,0.0,16798,16799,1,4.2,4.2,0.0,2026-W40,2026-W41
Game of Farmers,https://poki.com/en/g/game-of-farmers,AppyApp,Idle Games,297300,297300,0,69800,69800,0,367100,367100,0,0.0,367069,367124,55,4.2,4.2,0.0,2026-W40,2026-W41
The Third Piglet's Tower,https://poki.com/en/g/the-third-piglets-tower,Airapport,Idle Games,4300,4300,0,1100,1100,0,5400,5400,0,0.0,5385,5399,14,4.2,4.2,0.0,2026-W40,2026-W41
Find The Candy,https://poki.com/en/g/find-the-candy,Adgard,Puzzle Games,8300,8300,0,2600,2600,0,10900,10900,0,0.0,10850,10855,5,4.0,4.0,0.0,2026-W40,2026-W41
Hero Rescue,https://poki.com/en/g/hero-rescue,QKY Games,Skill Games,28600,28600,0,8200,8200,0,36800,36800,0,0.0,36858,36860,2,4.1,4.1,0.0,2026-W40,2026-W41
How to loot - Pin pull,https://poki.com/en/g/how-to-loot-pin-pull,PEGASUS,Puzzle Games,44800,44800,0,9300,9300,0,54100,54100,0,0.0,54010,54116,106,4.3,4.3,0.0,2026-W40,2026-W41
ZOOM-BE 3,https://poki.com/en/g/zoom-be-3,"and publisher. Play their other entertaining games for free on Poki : Duo Vikings , Duo Survival , Duo Survival 2 , ZOOM-BE , ZOOM-BE 2 and Truck Loader 5 Rating 4.5 updated Nov 2020 About this game controls Use A/D or Left/Right arrow keys to move. Press W or the Up arrow key to jump. Press S or the Down arrow key to kick. Supported devices desktop, phone and tablet developer 7Spot Games",Platform Games,371200,371200,0,52000,52000,0,423200,423200,0,0.0,423130,423208,78,4.5,4.5,0.0,2026-W40,2026-W41
Bunny Market,https://poki.com/en/g/bunny-market,Angelo Studio,Simulation Games,21800,21800,0,3100,3100,0,24900,24900,0,0.0,24890,24922,32,4.5,4.5,0.0,2026-W40,2026-W41
The Speed Ninja,https://poki.com/en/g/the-speed-ninja,Playtouch,Skill Games,101300,101300,0,14000,14000,0,115300,115300,0,0.0,115283,115309,26,4.5,4.5,0.0,2026-W40,2026-W41
Boss Level Shootout,https://poki.com/en/g/boss-level-shootout,IP Eliseenko Maksim Andreevich,Shooting Games,8500,8500,0,2700,2700,0,11200,11200,0,0.0,11180,11192,12,4.0,4.0,0.0,2026-W40,2026-W41
99 Balls,https://poki.com/en/g/99-balls,BuyHTML5,Skill Games,13500,13500,0,3500,3500,0,17000,17000,0,0.0,16956,16961,5,4.2,4.2,0.0,2026-W40,2026-W41
Merge to Million,https://poki.com/en/g/merge-to-million,Adgard,Brain Games,16100,16100,0,3500,3500,0,19600,19600,0,0.0,19637,19661,24,4.3,4.3,0.0,2026-W40,2026-W41
Test Subject Green,https://poki.com/en/g/test-subject-green-html5,Nitrome,Arcade Games,4600,4600,0,991,991,0,5591,5591,0,0.0,5635,5638,3,4.3,4.3,0.0,2026-W40,2026-W41
Freeway Fury 3,https://poki.com/en/g/freeway-fury-3,Serius Games,Driving Games,43700,43700,0,8400,8400,0,52100,52100,0,0.0,52062,52083,21,4.4,4.4,0.0,2026-W40,2026-W41
Royal Flush Merge,https://poki.com/en/g/royal-flush-merge,Resurrected Studio,Skill Games,4500,4500,0,1400,1400,0,5900,5900,0,0.0,5876,5893,17,4.0,4.0,0.0,2026-W40,2026-W41
Subway Surfers,https://poki.com/en/g/subway-surfers,SYBO,Skill Games,18200000,18200000,0,3200000,3200000,0,21400000,21400000,0,0.0,21421082,21450132,29050,4.4,4.4,0.0,2026-W40,2026-W41
Dadish,https://poki.com/en/g/dadish,Thomas K. Young,Platform Games,132600,132600,0,18600,18600,0,151200,151200,0,0.0,151199,151280,81,4.5,4.5,0.0,2026-W40,2026-W41
Mutiny,https://poki.com/en/g/mutiny,Nitrome,Shooting Games,9500,9500,0,2500,2500,0,12000,12000,0,0.0,12045,12063,18,4.2,4.2,0.0,2026-W40,2026-W41
Jungle Bubble Shooter Mania,https://poki.com/en/g/jungle-bubble-shooter-mania,Playtouch,Arcade Games,30700,30700,0,8000,8000,0,38700,38700,0,0.0,38748,38755,7,4.2,4.2,0.0,2026-W40,2026-W41
Tired to Fall: Winter,https://poki.com/en/g/tired-to-fall-winter,Havana24,Arcade Games,5600,5600,0,1100,1100,0,6700,6700,0,0.0,6627,6652,25,4.3,4.3,0.0,2026-W40,2026-W41
Lost Yeti,https://poki.com/en/g/lost-yeti-html5,Neutronized,Puzzle Games,11600,11600,0,2400,2400,0,14000,14000,0,0.0,13991,13991,0,4.3,4.3,0.0,2026-W40,2026-W41
Fluffy Cuddlies,https://poki.com/en/g/fluffy-cuddlies,Coolgames B.V.,Puzzle Games,10200,10200,0,2900,2900,0,13100,13100,0,0.0,13064,13069,5,4.1,4.1,0.0,2026-W40,2026-W41
Skill Knight,https://poki.com/en/g/skill-knight,Resurrected Studio,Adventure Games,4400,4400,0,1200,1200,0,5600,5600,0,0.0,5663,5678,15,4.1,4.1,0.0,2026-W40,2026-W41
UnpuzzleX,https://poki.com/en/g/unpuzzlex,Kek Games,Puzzle Games,33400,33400,0,7600,7600,0,41000,41000,0,0.0,41014,41031,17,4.3,4.3,0.0,2026-W40,2026-W41
Cave Chaos,https://poki.com/en/g/cave-chaos,Nitrome,Platform Games,48600,48600,0,7100,7100,0,55700,55700,0,0.0,55672,55712,40,4.5,4.5,0.0,2026-W40,2026-W41
Life: The Game - Stay Safe,https://poki.com/en/g/life-the-game-stay-safe,Ohmaigawd,Educational Games,120100,120100,0,42900,42900,0,163000,163000,0,0.0,162966,163000,34,4.0,4.0,0.0,2026-W40,2026-W41
Papa Cherry Saga,https://poki.com/en/g/papa-cherry-saga,Robowhale,Arcade Games,5600,5600,0,1800,1800,0,7400,7400,0,0.0,7410,7415,5,4.0,4.0,0.0,2026-W40,2026-W41
Enemy 585,https://poki.com/en/g/enemy-585,Nitrome,Puzzle Games,2000,2000,0,637,637,0,2637,2637,0,0.0,2640,2640,0,4.0,4.0,0.0,2026-W40,2026-W41
Neon Flytron: Cyberpunk Racer,https://poki.com/en/g/neon-flytron-cyberpunk-racer,GoGoMan,Racing Games,60400,60400,0,10600,10600,0,71000,71000,0,0.0,70978,71025,47,4.4,4.4,0.0,2026-W40,2026-W41
Sticker Album,https://poki.com/en/g/sticker-album,Dinobros,Puzzle Games,21300,21300,0,5100,5100,0,26400,26400,0,0.0,26353,26442,89,4.2,4.2,0.0,2026-W40,2026-W41
Geometry Dash,https://poki.com/en/g/geometry-dash,RobTop Games,Skill Games,0,0,0,0,0,0,0,0,0,,1,1,0,5.0,5.0,0.0,2026-W40,2026-W41
Shoot'n'Shout Turbo,https://poki.com/en/g/shoot-n-shout-turbo,FM Studio,Shooting Games,8600,8600,0,2400,2400,0,11000,11000,0,0.0,11039,11042,3,4.1,4.1,0.0,2026-W40,2026-W41
Puffy Cat,https://poki.com/en/g/puffy-cat,Indiesoft,Puzzle Games,150800,150800,0,26500,26500,0,177300,177300,0,0.0,177246,177261,15,4.4,4.4,0.0,2026-W40,2026-W41
Plactions,https://poki.com/en/g/plactions,Robert Alvarez,Puzzle Games,127900,127900,0,46800,46800,0,174700,174700,0,0.0,174620,174689,69,3.9,3.9,0.0,2026-W40,2026-W41
Icy Purple Head 2,https://poki.com/en/g/icy-purple-head-2,IP Eliseenko Maksim Andreevich,Platform Games,31400,31400,0,8700,8700,0,40100,40100,0,0.0,40068,40072,4,4.1,4.1,0.0,2026-W40,2026-W41
Chest Warriors,https://poki.com/en/g/chest-warriors,Zupga,Adventure Games,9700,9700,0,2600,2600,0,12300,12300,0,0.0,12249,12276,27,4.2,4.2,0.0,2026-W40,2026-W41
Test Subject Complete,https://poki.com/en/g/test-subject-complete,Nitrome,Arcade Games,2200,2200,0,476,476,0,2676,2676,0,0.0,2636,2641,5,4.3,4.3,0.0,2026-W40,2026-W41
Cosmos Lines,https://poki.com/en/g/cosmos-lines,Insality Games,Brain Games,13600,13600,0,3200,3200,0,16800,16800,0,0.0,16770,16782,12,4.3,4.3,0.0,2026-W40,2026-W41
Golf Champions,https://poki.com/en/g/golf-champions,Bekho Team,Sports Games,93200,93200,0,24300,24300,0,117500,117500,0,0.0,117431,117458,27,4.2,4.2,0.0,2026-W40,2026-W41
Cover Orange: Pirates,https://poki.com/en/g/cover-orange-pirates,Johnny-K,Puzzle Games,7700,7700,0,2100,2100,0,9800,9800,0,0.0,9771,9773,2,4.1,4.1,0.0,2026-W40,2026-W41
MicroWars 2,https://poki.com/en/g/microwars-2,Okashi Games,Brain Games,6900,6900,0,1300,1300,0,8200,8200,0,0.0,8183,8196,13,4.4,4.4,0.0,2026-W40,2026-W41
Pixel Realms,https://poki.com/en/g/pixel-realms,Yury Grigoryev,Adventure Games,32600,32600,0,4500,4500,0,37100,37100,0,0.0,37090,37106,16,4.5,4.5,0.0,2026-W40,2026-W41
Stud Rider,https://poki.com/en/g/stud-rider,Freak X Apps,Racing Games,26200,26200,0,5700,5700,0,31900,31900,0,0.0,31892,31895,3,4.3,4.3,0.0,2026-W40,2026-W41
X Trial Racing Mountain Adventure,https://poki.com/en/g/x-trial-racing-mountain-adventure,QKY Games,Platform Games,33000,33000,0,5900,5900,0,38900,38900,0,0.0,38871,38872,1,4.4,4.4,0.0,2026-W40,2026-W41
Golden Hit,https://poki.com/en/g/golden-hit,Stishka,Adventure Games,7000,7000,0,1500,1500,0,8500,8500,0,0.0,8422,8434,12,4.3,4.3,0.0,2026-W40,2026-W41
Castle Defender Saga,https://poki.com/en/g/castle-defender-saga,MarketJS,Action Games,56400,56400,0,11600,11600,0,68000,68000,0,0.0,67956,68005,49,4.3,4.3,0.0,2026-W40,2026-W41
Mahjong Firefly,https://poki.com/en/g/mahjong-firefly,TapLabGames,Puzzle Games,35300,35300,0,11000,11000,0,46300,46300,0,0.0,46253,46356,103,4.0,4.0,0.0,2026-W40,2026-W41
Hide and Smash,https://poki.com/en/g/hide-and-smash,Madbox,Skill Games,114000,114000,0,15300,15300,0,129300,129300,0,0.0,129283,129356,73,4.5,4.5,0.0,2026-W40,2026-W41
Idle Money Tree,https://poki.com/en/g/idle-money-tree,MarketJS,Idle Games,18400,18400,0,4300,4300,0,22700,22700,0,0.0,22773,22778,5,4.2,4.2,0.0,2026-W40,2026-W41
Gobdun,https://poki.com/en/g/gobdun,Venturous,Adventure Games,16800,16800,0,2500,2500,0,19300,19300,0,0.0,19315,19326,11,4.5,4.5,0.0,2026-W40,2026-W41
Bring me Cakes,https://poki.com/en/g/bring-me-cakes,Potato Jam,Brain Games,155100,155100,0,30800,30800,0,185900,185900,0,0.0,185896,185916,20,4.3,4.3,0.0,2026-W40,2026-W41
bulletz.io,https://poki.com/en/g/bulletz-io,Yeti Studios,Battle Royale Games,10600,10600,0,3200,3200,0,13800,13800,0,0.0,13772,13786,14,4.1,4.1,0.0,2026-W40,2026-W41
Bottle Flip Challenge,https://poki.com/en/g/bottle-flip-challenge,Happylander,Skill Games,4700,4700,0,1400,1400,0,6100,6100,0,0.0,6015,6032,17,4.1,4.1,0.0,2026-W40,2026-W41
Ninja vs EVILCORP,https://poki.com/en/g/ninja-vs-evilcorp,Rémi Vansteelandt,Platform Games,14100,14100,0,3200,3200,0,17300,17300,0,0.0,17284,17305,21,4.3,4.3,0.0,2026-W40,2026-W41
The Stones of the Pharaoh,https://poki.com/en/g/the-stones-of-the-pharaoh,Code This Lab,Arcade Games,4000,4000,0,1100,1100,0,5100,5100,0,0.0,5103,5104,1,4.2,4.2,0.0,2026-W40,2026-W41
